{
	"credit": "Made with Blockbench, a free, modern block model editor by JannisX11",
	"ambientocclusion": false,
	"textures": {
		"0": "items/cards/card_back",
		"5": "items/cards/h5",
		"particle": "items/cards/card_back"
	},
	"elements": [
		{
			"name": "cube",
			"from": [4, 1, 0],
			"to": [12, 14, 1],
			"faces": {
				"north": {"uv": [4, 2, 12, 15], "texture": "#0"},
				"east": {"uv": [12, 2, 13, 15], "texture": "#0"},
				"south": {"uv": [3, 2, 12, 15], "texture": "#5"},
				"west": {"uv": [4, 2, 5, 15], "texture": "#0"},
				"up": {"uv": [4, 1, 12, 2], "texture": "#0"},
				"down": {"uv": [4, 1, 12, 2], "texture": "#0"}
			},
			"type": "cube"
		},
		{
			"name": "cube",
			"from": [12, 1, 0],
			"to": [13, 14, 2],
			"faces": {
				"north": {"uv": [4, 1, 5, 14], "texture": "#0"},
				"east": {"uv": [3, 2, 5, 15], "texture": "#0"},
				"south": {"uv": [4, 2, 5, 15], "texture": "#0"},
				"west": {"uv": [3, 2, 5, 15], "texture": "#0"},
				"up": {"uv": [4, 1, 5, 3], "texture": "#0"},
				"down": {"uv": [4, 1, 5, 3], "texture": "#0"}
			},
			"type": "cube"
		},
		{
			"name": "cube",
			"from": [3, 1, 0],
			"to": [4, 14, 2],
			"faces": {
				"north": {"uv": [4, 1, 5, 14], "texture": "#0"},
				"east": {"uv": [3, 2, 5, 15], "texture": "#0"},
				"south": {"uv": [4, 2, 5, 15], "texture": "#0"},
				"west": {"uv": [3, 2, 5, 15], "texture": "#0"},
				"up": {"uv": [4, 1, 5, 3], "texture": "#0"},
				"down": {"uv": [4, 1, 5, 3], "texture": "#0"}
			},
			"type": "cube"
		},
		{
			"name": "cube",
			"from": [4, 14, 0],
			"to": [12, 15, 2],
			"faces": {
				"north": {"uv": [4, 1, 12, 2], "texture": "#0"},
				"east": {"uv": [4, 1, 6, 2], "texture": "#0"},
				"south": {"uv": [4, 1, 12, 2], "texture": "#0"},
				"west": {"uv": [4, 1, 6, 2], "texture": "#0"},
				"up": {"uv": [4, 1, 12, 3], "texture": "#0"},
				"down": {"uv": [4, 1, 12, 3], "texture": "#0"}
			},
			"type": "cube"
		},
		{
			"name": "cube",
			"from": [4, 0, 0],
			"to": [12, 1, 2],
			"faces": {
				"north": {"uv": [4, 1, 12, 2], "texture": "#0"},
				"east": {"uv": [4, 1, 6, 2], "texture": "#0"},
				"south": {"uv": [4, 1, 12, 2], "texture": "#0"},
				"west": {"uv": [4, 1, 6, 2], "texture": "#0"},
				"up": {"uv": [4, 1, 12, 3], "texture": "#0"},
				"down": {"uv": [4, 1, 12, 3], "texture": "#0"}
			},
			"type": "cube"
		}
	],
	"display": {
		"thirdperson_righthand": {
			"scale": [0.2, 0.2, 0.050000000000000044],
			"translation": [-2, 1, 1],
			"rotation": [30, 0, 0]
		},
		"thirdperson_lefthand": {
			"scale": [0.2, 0.2, 0.050000000000000044],
			"rotation": [30, 0, 0],
			"translation": [-2, 1, 1]
		},
		"firstperson_righthand": {
			"scale": [0.5, 0.5, 0.050000000000000044],
			"translation": [1, 3.5, -0.5]
		},
		"firstperson_lefthand": {
			"scale": [0.5, 0.5, 0.050000000000000044],
			"rotation": [0, 0, 0],
			"translation": [1, 3.5, 0]
		},
		"head": {
			"scale": [0.5, 0.4, 0.050000000000000044],
			"rotation": [0, 180, 0],
			"translation": [0, 12, -2]
		},
		"ground": {"scale": [0.3, 0.3, 0.050000000000000044]},
		"fixed": {
			"scale": [1.3, 1.3, 0.050000000000000044],
			"rotation": [0, 180, 0],
			"translation": [0, 0.5, -1]
		},
		"gui": {
			"scale": [1.1, 1.1, 0.001],
			"translation": [0, 0.5, 0]
		}
	}
}