{
	"credit": "Made with Blockbench",
	"textures": {
		"0": "items/poi/green_diamond",
		"2": "items/poi/red_diamond",
		"3": "items/poi/diamond",
		"4": "items/poi/gold_block",
		"17": "items/poi/houjou_sounn"
	},
	"elements": [
		{
			"from": [22, 0, 7],
			"to": [23, 3, 13],
			"rotation": {"angle": 0, "axis": "y", "origin": [15, 8, 15]},
			"faces": {
				"north": {"uv": [8, 7, 9, 8], "texture": "#4"},
				"east": {"uv": [8, 7, 11, 9], "texture": "#4"},
				"south": {"uv": [8, 7, 9, 8], "texture": "#4"},
				"west": {"uv": [6, 2, 9, 4], "texture": "#4"},
				"up": {"uv": [8, 7, 9, 8], "texture": "#4"},
				"down": {"uv": [10, 9, 11, 10], "texture": "#4"}
			}
		},
		{
			"from": [22, 0, 13],
			"to": [23, 2, 15],
			"rotation": {"angle": 0, "axis": "y", "origin": [15, 8, 21]},
			"faces": {
				"north": {"uv": [8, 7, 9, 8], "texture": "#4"},
				"east": {"uv": [8, 7, 9, 8], "texture": "#4"},
				"south": {"uv": [8, 7, 9, 8], "texture": "#4"},
				"west": {"uv": [8, 7, 9, 8], "texture": "#4"},
				"up": {"uv": [8, 7, 9, 8], "texture": "#4"},
				"down": {"uv": [10, 9, 11, 10], "texture": "#4"}
			}
		},
		{
			"from": [22, 0, 15],
			"to": [23, 1, 18],
			"rotation": {"angle": 0, "axis": "y", "origin": [15, 8, 23]},
			"faces": {
				"north": {"uv": [8, 7, 9, 8], "texture": "#4"},
				"east": {"uv": [8, 7, 9, 8], "texture": "#4"},
				"south": {"uv": [8, 7, 9, 8], "texture": "#4"},
				"west": {"uv": [8, 7, 9, 8], "texture": "#4"},
				"up": {"uv": [8, 7, 9, 8], "texture": "#4"},
				"down": {"uv": [10, 9, 11, 10], "texture": "#4"}
			}
		},
		{
			"from": [-7, 0, 7],
			"to": [-6, 3, 13],
			"rotation": {"angle": 0, "axis": "y", "origin": [1, 8, 15]},
			"faces": {
				"north": {"uv": [8, 7, 9, 8], "texture": "#4"},
				"east": {"uv": [6, 2, 9, 4], "texture": "#4"},
				"south": {"uv": [8, 7, 9, 8], "texture": "#4"},
				"west": {"uv": [8, 7, 11, 9], "texture": "#4"},
				"up": {"uv": [8, 7, 9, 8], "texture": "#4"},
				"down": {"uv": [10, 9, 11, 10], "texture": "#4"}
			}
		},
		{
			"from": [-7, 0, 13],
			"to": [-6, 2, 15],
			"rotation": {"angle": 0, "axis": "y", "origin": [1, 8, 21]},
			"faces": {
				"north": {"uv": [8, 7, 9, 8], "texture": "#4"},
				"east": {"uv": [8, 7, 9, 8], "texture": "#4"},
				"south": {"uv": [8, 7, 9, 8], "texture": "#4"},
				"west": {"uv": [8, 7, 9, 8], "texture": "#4"},
				"up": {"uv": [8, 7, 9, 8], "texture": "#4"},
				"down": {"uv": [10, 9, 11, 10], "texture": "#4"}
			}
		},
		{
			"from": [-7, 0, 15],
			"to": [-6, 1, 18],
			"rotation": {"angle": 0, "axis": "y", "origin": [1, 8, 23]},
			"faces": {
				"north": {"uv": [8, 7, 9, 8], "texture": "#4"},
				"east": {"uv": [8, 7, 9, 8], "texture": "#4"},
				"south": {"uv": [8, 7, 9, 8], "texture": "#4"},
				"west": {"uv": [8, 7, 9, 8], "texture": "#4"},
				"up": {"uv": [8, 7, 9, 8], "texture": "#4"},
				"down": {"uv": [10, 9, 11, 10], "texture": "#4"}
			}
		},
		{
			"from": [6, 0, 2],
			"to": [10, 10, 3],
			"rotation": {"angle": 0, "axis": "y", "origin": [14, 8, 10]},
			"faces": {
				"north": {"uv": [8, 7, 9, 8], "texture": "#4"},
				"east": {"uv": [8, 7, 9, 8], "texture": "#4"},
				"south": {"uv": [8, 7, 9, 8], "texture": "#4"},
				"west": {"uv": [8, 7, 9, 8], "texture": "#4"},
				"up": {"uv": [8, 7, 9, 8], "texture": "#4"},
				"down": {"uv": [10, 9, 11, 10], "texture": "#4"}
			}
		},
		{
			"from": [5, 0, 3],
			"to": [11, 8, 4],
			"rotation": {"angle": 0, "axis": "y", "origin": [13, 8, 11]},
			"faces": {
				"north": {"uv": [8, 7, 9, 8], "texture": "#4"},
				"east": {"uv": [8, 7, 9, 8], "texture": "#4"},
				"south": {"uv": [8, 7, 9, 8], "texture": "#4"},
				"west": {"uv": [8, 7, 9, 8], "texture": "#4"},
				"up": {"uv": [8, 7, 9, 8], "texture": "#4"},
				"down": {"uv": [10, 9, 11, 10], "texture": "#4"}
			}
		},
		{
			"from": [4, 0, 4],
			"to": [12, 7, 5],
			"rotation": {"angle": 0, "axis": "y", "origin": [12, 8, 12]},
			"faces": {
				"north": {"uv": [8, 7, 9, 8], "texture": "#4"},
				"east": {"uv": [8, 7, 9, 8], "texture": "#4"},
				"south": {"uv": [2, 6, 6, 10], "texture": "#4"},
				"west": {"uv": [8, 7, 9, 8], "texture": "#4"},
				"up": {"uv": [8, 7, 9, 8], "texture": "#4"},
				"down": {"uv": [10, 9, 11, 10], "texture": "#4"}
			}
		},
		{
			"from": [-3, 5, 3],
			"to": [-1, 6, 4],
			"rotation": {"angle": 0, "axis": "y", "origin": [6, 4, 11]},
			"faces": {
				"north": {"uv": [8, 7, 9, 8], "texture": "#4"},
				"east": {"uv": [8, 7, 9, 8], "texture": "#4"},
				"south": {"uv": [8, 7, 9, 8], "texture": "#4"},
				"west": {"uv": [8, 7, 9, 8], "texture": "#4"},
				"up": {"uv": [8, 7, 9, 8], "texture": "#4"},
				"down": {"uv": [10, 9, 11, 10], "texture": "#4"}
			}
		},
		{
			"from": [-4, 5, 4],
			"to": [0, 6, 5],
			"rotation": {"angle": 0, "axis": "y", "origin": [4, 8, 12]},
			"faces": {
				"north": {"uv": [8, 7, 9, 8], "texture": "#4"},
				"east": {"uv": [8, 7, 9, 8], "texture": "#4"},
				"south": {"uv": [8, 7, 9, 8], "texture": "#4"},
				"west": {"uv": [8, 7, 9, 8], "texture": "#4"},
				"up": {"uv": [8, 7, 9, 8], "texture": "#4"},
				"down": {"uv": [10, 9, 11, 10], "texture": "#4"}
			}
		},
		{
			"from": [-4.5, 4, 5],
			"to": [1, 6, 6],
			"rotation": {"angle": 0, "axis": "y", "origin": [3, 8, 13]},
			"faces": {
				"north": {"uv": [8, 7, 9, 8], "texture": "#4"},
				"east": {"uv": [8, 7, 9, 8], "texture": "#4"},
				"south": {"uv": [2, 6, 5, 8], "texture": "#4"},
				"west": {"uv": [8, 7, 9, 8], "texture": "#4"},
				"up": {"uv": [8, 7, 9, 8], "texture": "#4"},
				"down": {"uv": [10, 9, 11, 10], "texture": "#4"}
			}
		},
		{
			"from": [17.25, 0, 3],
			"to": [19, 1, 4],
			"rotation": {"angle": 0, "axis": "y", "origin": [14, 8, 11]},
			"faces": {
				"north": {"uv": [8, 7, 9, 8], "texture": "#4"},
				"east": {"uv": [8, 7, 9, 8], "texture": "#4"},
				"south": {"uv": [8, 7, 11, 9], "rotation": 90, "texture": "#4"},
				"west": {"uv": [8, 7, 9, 8], "texture": "#4"},
				"up": {"uv": [8, 7, 9, 8], "texture": "#4"},
				"down": {"uv": [10, 9, 11, 10], "texture": "#4"}
			}
		},
		{
			"from": [16.25, 0, 4],
			"to": [20, 1, 5],
			"rotation": {"angle": 0, "axis": "y", "origin": [14, 8, 12]},
			"faces": {
				"north": {"uv": [8, 7, 9, 8], "texture": "#4"},
				"east": {"uv": [8, 7, 9, 8], "texture": "#4"},
				"south": {"uv": [8, 7, 11, 9], "rotation": 90, "texture": "#4"},
				"west": {"uv": [8, 7, 9, 8], "texture": "#4"},
				"up": {"uv": [8, 7, 9, 8], "texture": "#4"},
				"down": {"uv": [10, 9, 11, 10], "texture": "#4"}
			}
		},
		{
			"from": [15.25, 0, 5],
			"to": [21, 1, 6],
			"rotation": {"angle": 0, "axis": "y", "origin": [14, 8, 13]},
			"faces": {
				"north": {"uv": [8, 7, 9, 8], "texture": "#4"},
				"east": {"uv": [8, 7, 9, 8], "texture": "#4"},
				"south": {"uv": [8, 7, 11, 9], "rotation": 90, "texture": "#4"},
				"west": {"uv": [8, 7, 9, 8], "texture": "#4"},
				"up": {"uv": [8, 7, 9, 8], "texture": "#4"},
				"down": {"uv": [10, 9, 11, 10], "texture": "#4"}
			}
		},
		{
			"from": [14.25, 0, 6],
			"to": [22, 4, 7],
			"rotation": {"angle": 0, "axis": "y", "origin": [14, 8, 14]},
			"faces": {
				"north": {"uv": [8, 7, 9, 8], "texture": "#4"},
				"east": {"uv": [8, 7, 9, 8], "texture": "#4"},
				"south": {"uv": [8, 7, 11, 9], "rotation": 90, "texture": "#4"},
				"west": {"uv": [8, 7, 9, 8], "texture": "#4"},
				"up": {"uv": [8, 7, 9, 8], "texture": "#4"},
				"down": {"uv": [10, 9, 11, 10], "texture": "#4"}
			}
		},
		{
			"from": [-5, 0, 5],
			"to": [0.75, 1, 6],
			"rotation": {"angle": 0, "axis": "y", "origin": [2, 8, 13]},
			"faces": {
				"north": {"uv": [9, 7, 8, 8], "texture": "#4"},
				"east": {"uv": [9, 7, 8, 8], "texture": "#4"},
				"south": {"uv": [8, 9, 11, 7], "rotation": 90, "texture": "#4"},
				"west": {"uv": [9, 7, 8, 8], "texture": "#4"},
				"up": {"uv": [9, 7, 8, 8], "texture": "#4"},
				"down": {"uv": [11, 9, 10, 10], "texture": "#4"}
			}
		},
		{
			"from": [-3, 0, 3],
			"to": [-1.25, 1, 4],
			"rotation": {"angle": 0, "axis": "y", "origin": [2, 8, 11]},
			"faces": {
				"north": {"uv": [9, 7, 8, 8], "texture": "#4"},
				"east": {"uv": [9, 7, 8, 8], "texture": "#4"},
				"south": {"uv": [8, 9, 11, 7], "rotation": 90, "texture": "#4"},
				"west": {"uv": [9, 7, 8, 8], "texture": "#4"},
				"up": {"uv": [9, 7, 8, 8], "texture": "#4"},
				"down": {"uv": [11, 9, 10, 10], "texture": "#4"}
			}
		},
		{
			"from": [-4, 0, 4],
			"to": [-0.25, 1, 5],
			"rotation": {"angle": 0, "axis": "y", "origin": [2, 8, 12]},
			"faces": {
				"north": {"uv": [9, 7, 8, 8], "texture": "#4"},
				"east": {"uv": [9, 7, 8, 8], "texture": "#4"},
				"south": {"uv": [8, 9, 11, 7], "rotation": 90, "texture": "#4"},
				"west": {"uv": [9, 7, 8, 8], "texture": "#4"},
				"up": {"uv": [9, 7, 8, 8], "texture": "#4"},
				"down": {"uv": [11, 9, 10, 10], "texture": "#4"}
			}
		},
		{
			"from": [17, 5, 3],
			"to": [19, 6, 4],
			"rotation": {"angle": 0, "axis": "y", "origin": [10, 4, 11]},
			"faces": {
				"north": {"uv": [9, 7, 8, 8], "texture": "#4"},
				"east": {"uv": [9, 7, 8, 8], "texture": "#4"},
				"south": {"uv": [9, 7, 8, 8], "texture": "#4"},
				"west": {"uv": [9, 7, 8, 8], "texture": "#4"},
				"up": {"uv": [9, 7, 8, 8], "texture": "#4"},
				"down": {"uv": [11, 9, 10, 10], "texture": "#4"}
			}
		},
		{
			"from": [16, 5, 4],
			"to": [20, 6, 5],
			"rotation": {"angle": 0, "axis": "y", "origin": [12, 8, 12]},
			"faces": {
				"north": {"uv": [9, 7, 8, 8], "texture": "#4"},
				"east": {"uv": [9, 7, 8, 8], "texture": "#4"},
				"south": {"uv": [9, 7, 8, 8], "texture": "#4"},
				"west": {"uv": [9, 7, 8, 8], "texture": "#4"},
				"up": {"uv": [9, 7, 8, 8], "texture": "#4"},
				"down": {"uv": [11, 9, 10, 10], "texture": "#4"}
			}
		},
		{
			"from": [-6, 0, 6],
			"to": [1.75, 4, 7],
			"rotation": {"angle": 0, "axis": "y", "origin": [2, 8, 14]},
			"faces": {
				"north": {"uv": [8, 7, 9, 8], "texture": "#4"},
				"east": {"uv": [8, 7, 9, 8], "texture": "#4"},
				"south": {"uv": [7, 8, 10, 11], "texture": "#4"},
				"west": {"uv": [8, 7, 9, 8], "texture": "#4"},
				"up": {"uv": [8, 7, 9, 8], "texture": "#4"},
				"down": {"uv": [10, 9, 11, 10], "texture": "#4"}
			}
		},
		{
			"from": [15, 4, 5],
			"to": [20.5, 6, 6],
			"rotation": {"angle": 0, "axis": "y", "origin": [13, 8, 13]},
			"faces": {
				"north": {"uv": [9, 7, 8, 8], "texture": "#4"},
				"east": {"uv": [9, 7, 8, 8], "texture": "#4"},
				"south": {"uv": [11, 7, 8, 8], "texture": "#4"},
				"west": {"uv": [9, 7, 8, 8], "texture": "#4"},
				"up": {"uv": [9, 7, 8, 8], "texture": "#4"},
				"down": {"uv": [11, 9, 10, 10], "texture": "#4"}
			}
		},
		{
			"from": [8.20804, 0, 4.02175],
			"to": [9.20804, 3, 10.64175],
			"rotation": {"angle": 45, "axis": "y", "origin": [1.20804, 4, 16.52175]},
			"faces": {
				"north": {"uv": [8, 7, 9, 8], "texture": "#4"},
				"east": {"uv": [8, 7, 11, 9], "rotation": 180, "texture": "#4"},
				"south": {"uv": [8, 7, 9, 8], "texture": "#4"},
				"west": {"uv": [8, 7, 9, 8], "texture": "#4"},
				"up": {"uv": [8, 4, 9, 5], "texture": "#4"},
				"down": {"uv": [10, 9, 11, 10], "texture": "#4"}
			}
		},
		{
			"from": [8.20804, 5, 4.02175],
			"to": [9.20804, 6, 10.64175],
			"rotation": {"angle": 45, "axis": "y", "origin": [1.20804, 8, 16.52175]},
			"faces": {
				"north": {"uv": [8, 7, 9, 8], "texture": "#4"},
				"east": {"uv": [8, 7, 11, 8], "texture": "#4"},
				"south": {"uv": [8, 7, 9, 8], "texture": "#4"},
				"west": {"uv": [8, 7, 9, 8], "texture": "#4"},
				"up": {"uv": [8, 7, 9, 8], "texture": "#4"},
				"down": {"uv": [10, 9, 11, 10], "texture": "#4"}
			}
		},
		{
			"from": [8.17557, 3, 4.0021],
			"to": [9.17557, 5, 4.0021],
			"rotation": {"angle": 45, "axis": "y", "origin": [1.17557, 6, 16.5021]},
			"faces": {
				"north": {"uv": [5, 6, 11, 11], "texture": "#2"},
				"east": {"uv": [0, 0, 2, 3], "texture": "#2"},
				"south": {"uv": [0, 0, 6, 2], "texture": "#2"},
				"west": {"uv": [0, 0, 4, 3], "texture": "#2"},
				"up": {"uv": [0, 0, 2, 3], "texture": "#2"},
				"down": {"uv": [0, 0, 3, 3], "texture": "#2"}
			}
		},
		{
			"from": [9.17557, 3, 4.0021],
			"to": [9.17557, 5, 5.0021],
			"rotation": {"angle": 45, "axis": "y", "origin": [1.17557, 6, 16.5021]},
			"faces": {
				"north": {"uv": [0, 0, 3, 3], "texture": "#2"},
				"east": {"uv": [5, 6, 11, 11], "texture": "#2"},
				"south": {"uv": [0, 0, 2, 5], "texture": "#2"},
				"west": {"uv": [0, 0, 2, 2], "texture": "#2"},
				"up": {"uv": [0, 0, 2, 2], "texture": "#2"},
				"down": {"uv": [0, 0, 4, 4], "texture": "#2"}
			}
		},
		{
			"from": [7.99628, 3, 3.89352],
			"to": [8.29628, 5, 3.99352],
			"rotation": {"angle": 45, "axis": "y", "origin": [1.24628, 6, 16.64352]},
			"faces": {
				"north": {"uv": [11, 5, 12, 8], "texture": "#4"},
				"east": {"uv": [11, 5, 12, 8], "texture": "#4"},
				"south": {"uv": [11, 5, 12, 8], "texture": "#4"},
				"west": {"uv": [11, 5, 12, 8], "texture": "#4"},
				"up": {"uv": [11, 5, 12, 8], "texture": "#4"},
				"down": {"uv": [11, 5, 12, 8], "texture": "#4"}
			}
		},
		{
			"from": [-0.08395, 3, -8.40235],
			"to": [0.01605, 5, -8.10235],
			"rotation": {"angle": 45, "axis": "y", "origin": [12.66605, 6, -1.35235]},
			"faces": {
				"north": {"uv": [11, 5, 12, 8], "texture": "#4"},
				"east": {"uv": [11, 5, 12, 8], "texture": "#4"},
				"south": {"uv": [11, 5, 12, 8], "texture": "#4"},
				"west": {"uv": [11, 5, 12, 8], "texture": "#4"},
				"up": {"uv": [11, 5, 12, 8], "rotation": 270, "texture": "#4"},
				"down": {"uv": [11, 5, 12, 8], "rotation": 90, "texture": "#4"}
			}
		},
		{
			"from": [7.99628, 5, 3.89352],
			"to": [9.39628, 5.25, 3.99352],
			"rotation": {"angle": 45, "axis": "y", "origin": [1.24628, 6, 16.64352]},
			"faces": {
				"north": {"uv": [11, 5, 12, 8], "texture": "#4"},
				"east": {"uv": [11, 5, 12, 8], "texture": "#4"},
				"south": {"uv": [11, 5, 12, 8], "texture": "#4"},
				"west": {"uv": [11, 5, 12, 8], "texture": "#4"},
				"up": {"uv": [11, 5, 12, 8], "texture": "#4"},
				"down": {"uv": [11, 5, 12, 8], "texture": "#4"}
			}
		},
		{
			"from": [9.28163, 5, 3.85817],
			"to": [9.38163, 5.25, 5.20817],
			"rotation": {"angle": 45, "axis": "y", "origin": [1.28163, 6, 16.60817]},
			"faces": {
				"north": {"uv": [11, 5, 12, 8], "texture": "#4"},
				"east": {"uv": [11, 5, 12, 8], "texture": "#4"},
				"south": {"uv": [11, 5, 12, 8], "texture": "#4"},
				"west": {"uv": [11, 5, 12, 8], "texture": "#4"},
				"up": {"uv": [11, 5, 12, 8], "texture": "#4"},
				"down": {"uv": [11, 5, 12, 8], "texture": "#4"}
			}
		},
		{
			"from": [9.28163, 2.75, 3.85817],
			"to": [9.38163, 3, 5.20817],
			"rotation": {"angle": 45, "axis": "y", "origin": [1.28163, 3.75, 16.60817]},
			"faces": {
				"north": {"uv": [11, 5, 12, 8], "texture": "#4"},
				"east": {"uv": [11, 5, 12, 8], "texture": "#4"},
				"south": {"uv": [11, 5, 12, 8], "texture": "#4"},
				"west": {"uv": [11, 5, 12, 8], "texture": "#4"},
				"up": {"uv": [11, 5, 12, 8], "texture": "#4"},
				"down": {"uv": [11, 5, 12, 8], "texture": "#4"}
			}
		},
		{
			"from": [7.99628, 2.75, 3.89352],
			"to": [9.39628, 3, 3.99352],
			"rotation": {"angle": 45, "axis": "y", "origin": [1.24628, 3.75, 16.64352]},
			"faces": {
				"north": {"uv": [11, 5, 12, 8], "texture": "#4"},
				"east": {"uv": [11, 5, 12, 8], "texture": "#4"},
				"south": {"uv": [11, 5, 12, 8], "texture": "#4"},
				"west": {"uv": [11, 5, 12, 8], "texture": "#4"},
				"up": {"uv": [11, 5, 12, 8], "texture": "#4"},
				"down": {"uv": [11, 5, 12, 8], "texture": "#4"}
			}
		},
		{
			"from": [8.20804, 6, 4.02175],
			"to": [9.20804, 7, 10.67175],
			"rotation": {"angle": 45, "axis": "y", "origin": [1.20804, 5, 16.52175]},
			"faces": {
				"north": {"uv": [8, 7, 9, 8], "texture": "#4"},
				"east": {"uv": [8, 7, 9, 8], "texture": "#4"},
				"south": {"uv": [8, 7, 9, 8], "texture": "#4"},
				"west": {"uv": [8, 7, 9, 8], "texture": "#4"},
				"up": {"uv": [8, 7, 9, 8], "texture": "#4"},
				"down": {"uv": [10, 9, 11, 10], "texture": "#4"}
			}
		},
		{
			"from": [7.50093, 7, 4.31464],
			"to": [8.50093, 8, 8.51464],
			"rotation": {"angle": 45, "axis": "y", "origin": [0.50093, 6, 15.81464]},
			"faces": {
				"north": {"uv": [8, 7, 9, 8], "texture": "#4"},
				"east": {"uv": [8, 7, 9, 8], "texture": "#4"},
				"south": {"uv": [8, 7, 9, 8], "texture": "#4"},
				"west": {"uv": [8, 7, 9, 8], "texture": "#4"},
				"up": {"uv": [8, 7, 9, 8], "texture": "#4"},
				"down": {"uv": [10, 9, 11, 10], "texture": "#4"}
			}
		},
		{
			"from": [8.20804, 3, 6.02175],
			"to": [9.20804, 5, 10.64175],
			"rotation": {"angle": 45, "axis": "y", "origin": [1.20804, 7, 16.52175]},
			"faces": {
				"north": {"uv": [9, 7, 8, 8], "texture": "#4"},
				"east": {"uv": [11, 7, 8, 8], "texture": "#4"},
				"south": {"uv": [9, 7, 8, 8], "texture": "#4"},
				"west": {"uv": [11, 7, 8, 8], "texture": "#4"},
				"up": {"uv": [9, 7, 8, 8], "texture": "#4"},
				"down": {"uv": [11, 9, 10, 10], "texture": "#4"}
			}
		},
		{
			"from": [8.95804, 3, 5.02175],
			"to": [9.20804, 5, 6.02175],
			"rotation": {"angle": 45, "axis": "y", "origin": [1.20804, 7, 16.52175]},
			"faces": {
				"north": {"uv": [9, 7, 8, 8], "texture": "#4"},
				"east": {"uv": [11, 7, 8, 8], "texture": "#4"},
				"south": {"uv": [9, 7, 8, 8], "texture": "#4"},
				"west": {"uv": [11, 7, 8, 8], "texture": "#4"},
				"up": {"uv": [9, 7, 8, 8], "texture": "#4"},
				"down": {"uv": [11, 9, 10, 10], "texture": "#4"}
			}
		},
		{
			"from": [6.29289, 8, 4.8566],
			"to": [7.29289, 9, 7.6066],
			"rotation": {"angle": 45, "axis": "y", "origin": [-0.70711, 7, 14.6066]},
			"faces": {
				"north": {"uv": [8, 7, 9, 8], "texture": "#4"},
				"east": {"uv": [8, 7, 9, 8], "texture": "#4"},
				"south": {"uv": [8, 7, 9, 8], "texture": "#4"},
				"west": {"uv": [8, 7, 9, 8], "texture": "#4"},
				"up": {"uv": [8, 7, 9, 8], "texture": "#4"},
				"down": {"uv": [10, 9, 11, 10], "texture": "#4"}
			}
		},
		{
			"from": [-5.94975, 0, 5.52082],
			"to": [-4.94975, 6, 14.64082],
			"rotation": {"angle": -45, "axis": "y", "origin": [7.70711, 12, 19.6066]},
			"faces": {
				"north": {"uv": [8, 6, 9, 11], "texture": "#4"},
				"east": {"uv": [12, 3, 14, 6], "texture": "#4"},
				"south": {"uv": [8, 7, 9, 8], "texture": "#4"},
				"west": {"uv": [2, 5, 6, 10], "texture": "#4"},
				"up": {"uv": [8, 7, 9, 8], "texture": "#4"},
				"down": {"uv": [10, 9, 11, 10], "texture": "#4"}
			}
		},
		{
			"from": [-3.17157, 6, 1.98528],
			"to": [-2.17157, 7, 7.68528],
			"rotation": {"angle": -45, "axis": "y", "origin": [4.82843, 5, 14.48528]},
			"faces": {
				"north": {"uv": [8, 7, 9, 8], "texture": "#4"},
				"east": {"uv": [8, 7, 9, 8], "texture": "#4"},
				"south": {"uv": [8, 7, 9, 8], "texture": "#4"},
				"west": {"uv": [8, 7, 9, 8], "texture": "#4"},
				"up": {"uv": [8, 7, 9, 8], "texture": "#4"},
				"down": {"uv": [10, 9, 11, 10], "texture": "#4"}
			}
		},
		{
			"from": [-1.18683, 8, 2.75054],
			"to": [-0.18683, 10, 5.65054],
			"rotation": {"angle": -45, "axis": "y", "origin": [6.81317, 8, 12.50054]},
			"faces": {
				"north": {"uv": [8, 7, 9, 8], "texture": "#4"},
				"east": {"uv": [8, 7, 9, 8], "texture": "#4"},
				"south": {"uv": [8, 7, 9, 8], "texture": "#4"},
				"west": {"uv": [8, 7, 9, 8], "texture": "#4"},
				"up": {"uv": [8, 7, 9, 8], "texture": "#4"},
				"down": {"uv": [10, 9, 11, 10], "texture": "#4"}
			}
		},
		{
			"from": [-2.11091, 7, 2.42462],
			"to": [-1.11091, 8, 6.72462],
			"rotation": {"angle": -45, "axis": "y", "origin": [5.88909, 6, 13.42462]},
			"faces": {
				"north": {"uv": [10, 7, 11, 8], "texture": "#4"},
				"east": {"uv": [8, 7, 9, 8], "texture": "#4"},
				"south": {"uv": [8, 7, 9, 8], "texture": "#4"},
				"west": {"uv": [10, 7, 11, 8], "texture": "#4"},
				"up": {"uv": [8, 7, 9, 8], "texture": "#4"},
				"down": {"uv": [10, 9, 11, 10], "texture": "#4"}
			}
		},
		{
			"from": [-14.42583, 0, 3.48954],
			"to": [-13.42583, 3, 10.55154],
			"rotation": {"angle": -45, "axis": "y", "origin": [-6.42583, 3, 17.73954]},
			"faces": {
				"north": {"uv": [8, 7, 9, 8], "texture": "#4"},
				"east": {"uv": [8, 7, 9, 8], "texture": "#4"},
				"south": {"uv": [8, 7, 9, 8], "texture": "#4"},
				"west": {"uv": [2, 6, 6, 9], "texture": "#4"},
				"up": {"uv": [7, 4, 8, 5], "texture": "#4"},
				"down": {"uv": [10, 9, 11, 10], "texture": "#4"}
			}
		},
		{
			"from": [-13.18839, 3, 6.0021],
			"to": [-12.18839, 4, 9.6021],
			"rotation": {"angle": -45, "axis": "y", "origin": [-5.18839, 4, 16.5021]},
			"faces": {
				"north": {"uv": [8, 7, 9, 8], "texture": "#4"},
				"east": {"uv": [8, 7, 9, 8], "texture": "#4"},
				"south": {"uv": [8, 7, 9, 8], "texture": "#4"},
				"west": {"uv": [8, 7, 9, 8], "texture": "#4"},
				"up": {"uv": [8, 7, 9, 8], "texture": "#4"},
				"down": {"uv": [10, 9, 11, 10], "texture": "#4"}
			}
		},
		{
			"from": [-13.18839, 3, 5.2521],
			"to": [-12.93839, 5, 6.0021],
			"rotation": {"angle": -45, "axis": "y", "origin": [-5.18839, 4, 16.5021]},
			"faces": {
				"north": {"uv": [8, 7, 9, 8], "texture": "#4"},
				"east": {"uv": [8, 7, 9, 8], "texture": "#4"},
				"south": {"uv": [8, 7, 9, 8], "texture": "#4"},
				"west": {"uv": [8, 7, 9, 8], "texture": "#4"},
				"up": {"uv": [8, 7, 9, 8], "texture": "#4"},
				"down": {"uv": [10, 9, 11, 10], "texture": "#4"}
			}
		},
		{
			"from": [-12.30451, 4, 6.36822],
			"to": [-11.30451, 5, 8.61822],
			"rotation": {"angle": -45, "axis": "y", "origin": [-4.30451, 5, 15.61822]},
			"faces": {
				"north": {"uv": [8, 7, 9, 8], "texture": "#4"},
				"east": {"uv": [8, 7, 9, 8], "texture": "#4"},
				"south": {"uv": [8, 7, 9, 8], "texture": "#4"},
				"west": {"uv": [8, 7, 9, 8], "texture": "#4"},
				"up": {"uv": [8, 7, 9, 8], "texture": "#4"},
				"down": {"uv": [10, 9, 11, 10], "texture": "#4"}
			}
		},
		{
			"from": [-11.42063, 6, 4.73433],
			"to": [-10.42063, 8, 7.58433],
			"rotation": {"angle": -45, "axis": "y", "origin": [-3.42063, 6, 14.73433]},
			"faces": {
				"north": {"uv": [8, 7, 9, 8], "texture": "#4"},
				"east": {"uv": [8, 7, 9, 8], "texture": "#4"},
				"south": {"uv": [8, 7, 9, 8], "texture": "#4"},
				"west": {"uv": [8, 7, 9, 8], "texture": "#4"},
				"up": {"uv": [8, 7, 9, 8], "texture": "#4"},
				"down": {"uv": [10, 9, 11, 10], "texture": "#4"}
			}
		},
		{
			"from": [-12.30451, 5, 4.36822],
			"to": [-11.30451, 6, 8.61822],
			"rotation": {"angle": -45, "axis": "y", "origin": [-4.30451, 6, 15.61822]},
			"faces": {
				"north": {"uv": [9, 7, 8, 8], "texture": "#4"},
				"east": {"uv": [9, 7, 8, 8], "texture": "#4"},
				"south": {"uv": [9, 7, 8, 8], "texture": "#4"},
				"west": {"uv": [9, 7, 8, 8], "texture": "#4"},
				"up": {"uv": [9, 7, 8, 8], "texture": "#4"},
				"down": {"uv": [11, 9, 10, 10], "texture": "#4"}
			}
		},
		{
			"from": [4.60719, 8, 5.85296],
			"to": [6.00719, 10, 6.60296],
			"rotation": {"angle": 45, "axis": "y", "origin": [-2.64281, 8, 13.60296]},
			"faces": {
				"north": {"uv": [8, 7, 9, 8], "texture": "#4"},
				"east": {"uv": [8, 7, 9, 8], "texture": "#4"},
				"south": {"uv": [8, 7, 9, 8], "texture": "#4"},
				"west": {"uv": [8, 7, 9, 8], "texture": "#4"},
				"up": {"uv": [8, 7, 9, 8], "texture": "#4"},
				"down": {"uv": [10, 9, 11, 10], "texture": "#4"}
			}
		},
		{
			"from": [6.79196, 0, 4.02175],
			"to": [7.79196, 3, 10.64175],
			"rotation": {"angle": -45, "axis": "y", "origin": [14.79196, 4, 16.52175]},
			"faces": {
				"north": {"uv": [8, 7, 9, 8], "texture": "#4"},
				"east": {"uv": [8, 7, 9, 8], "texture": "#4"},
				"south": {"uv": [8, 7, 9, 8], "texture": "#4"},
				"west": {"uv": [8, 7, 11, 9], "texture": "#4"},
				"up": {"uv": [8, 4, 9, 5], "texture": "#4"},
				"down": {"uv": [10, 9, 11, 10], "texture": "#4"}
			}
		},
		{
			"from": [6.79196, 5, 4.02175],
			"to": [7.79196, 6, 10.64175],
			"rotation": {"angle": -45, "axis": "y", "origin": [14.79196, 8, 16.52175]},
			"faces": {
				"north": {"uv": [8, 7, 9, 8], "texture": "#4"},
				"east": {"uv": [8, 8, 11, 9], "texture": "#4"},
				"south": {"uv": [8, 7, 9, 8], "texture": "#4"},
				"west": {"uv": [8, 7, 9, 8], "texture": "#4"},
				"up": {"uv": [8, 7, 9, 8], "texture": "#4"},
				"down": {"uv": [10, 9, 11, 10], "texture": "#4"}
			}
		},
		{
			"from": [6.82443, 3, 4.0021],
			"to": [6.82443, 5, 5.1221],
			"rotation": {"angle": -45, "axis": "y", "origin": [14.82443, 6, 16.5021]},
			"faces": {
				"north": {"uv": [0, 0, 6, 3], "texture": "#3"},
				"east": {"uv": [0, 0, 6, 3], "texture": "#3"},
				"south": {"uv": [0, 0, 6, 3], "texture": "#3"},
				"west": {"uv": [5, 6, 11, 11], "texture": "#3"},
				"up": {"uv": [0, 0, 6, 3], "texture": "#3"},
				"down": {"uv": [0, 0, 6, 3], "texture": "#3"}
			}
		},
		{
			"from": [6.82443, 3, 4.0021],
			"to": [7.82443, 5, 4.0021],
			"rotation": {"angle": -45, "axis": "y", "origin": [14.82443, 6, 16.5021]},
			"faces": {
				"north": {"uv": [5, 6, 11, 11], "texture": "#3"},
				"east": {"uv": [0, 0, 4, 4], "texture": "#3"},
				"south": {"uv": [0, 0, 4, 4], "texture": "#3"},
				"west": {"uv": [0, 0, 4, 4], "texture": "#3"},
				"up": {"uv": [0, 0, 4, 4], "texture": "#3"},
				"down": {"uv": [0, 0, 4, 4], "texture": "#3"}
			}
		},
		{
			"from": [6.79196, 6, 4.02175],
			"to": [7.79196, 7, 10.67175],
			"rotation": {"angle": -45, "axis": "y", "origin": [14.79196, 5, 16.52175]},
			"faces": {
				"north": {"uv": [8, 7, 9, 8], "texture": "#4"},
				"east": {"uv": [8, 8, 11, 9], "texture": "#4"},
				"south": {"uv": [8, 7, 9, 8], "texture": "#4"},
				"west": {"uv": [8, 7, 9, 8], "texture": "#4"},
				"up": {"uv": [8, 7, 9, 8], "texture": "#4"},
				"down": {"uv": [10, 9, 11, 10], "texture": "#4"}
			}
		},
		{
			"from": [7.49907, 7, 4.31464],
			"to": [8.49907, 8, 8.51464],
			"rotation": {"angle": -45, "axis": "y", "origin": [15.49907, 6, 15.81464]},
			"faces": {
				"north": {"uv": [8, 7, 9, 8], "texture": "#4"},
				"east": {"uv": [8, 7, 9, 8], "texture": "#4"},
				"south": {"uv": [8, 7, 9, 8], "texture": "#4"},
				"west": {"uv": [8, 7, 9, 8], "texture": "#4"},
				"up": {"uv": [8, 7, 9, 8], "texture": "#4"},
				"down": {"uv": [10, 9, 11, 10], "texture": "#4"}
			}
		},
		{
			"from": [8.70711, 8, 4.8566],
			"to": [9.70711, 9, 7.6066],
			"rotation": {"angle": -45, "axis": "y", "origin": [16.70711, 7, 14.6066]},
			"faces": {
				"north": {"uv": [8, 7, 9, 8], "texture": "#4"},
				"east": {"uv": [8, 7, 9, 8], "texture": "#4"},
				"south": {"uv": [8, 7, 9, 8], "texture": "#4"},
				"west": {"uv": [8, 7, 9, 8], "texture": "#4"},
				"up": {"uv": [8, 7, 9, 8], "texture": "#4"},
				"down": {"uv": [10, 9, 11, 10], "texture": "#4"}
			}
		},
		{
			"from": [9.70711, 9, 5.3566],
			"to": [10.70711, 10, 6.6066],
			"rotation": {"angle": -45, "axis": "y", "origin": [17.70711, 8, 13.6066]},
			"faces": {
				"north": {"uv": [8, 7, 9, 8], "texture": "#4"},
				"east": {"uv": [8, 7, 9, 8], "texture": "#4"},
				"south": {"uv": [8, 7, 9, 8], "texture": "#4"},
				"west": {"uv": [8, 7, 9, 8], "texture": "#4"},
				"up": {"uv": [8, 7, 9, 8], "texture": "#4"},
				"down": {"uv": [10, 9, 11, 10], "texture": "#4"}
			}
		},
		{
			"from": [27.99628, 2.75, 3.89352],
			"to": [29.39628, 3, 3.99352],
			"rotation": {"angle": 45, "axis": "y", "origin": [21.24628, 3.75, 16.64352]},
			"faces": {
				"north": {"uv": [11, 5, 12, 8], "texture": "#4"},
				"east": {"uv": [11, 5, 12, 8], "texture": "#4"},
				"south": {"uv": [11, 5, 12, 8], "texture": "#4"},
				"west": {"uv": [11, 5, 12, 8], "texture": "#4"},
				"up": {"uv": [11, 5, 12, 8], "texture": "#4"},
				"down": {"uv": [11, 5, 12, 8], "texture": "#4"}
			}
		},
		{
			"from": [29.28163, 2.75, 3.85817],
			"to": [29.38163, 3, 5.20817],
			"rotation": {"angle": 45, "axis": "y", "origin": [21.28163, 3.75, 16.60817]},
			"faces": {
				"north": {"uv": [11, 5, 12, 8], "texture": "#4"},
				"east": {"uv": [11, 5, 12, 8], "texture": "#4"},
				"south": {"uv": [11, 5, 12, 8], "texture": "#4"},
				"west": {"uv": [11, 5, 12, 8], "texture": "#4"},
				"up": {"uv": [11, 5, 12, 8], "texture": "#4"},
				"down": {"uv": [11, 5, 12, 8], "texture": "#4"}
			}
		},
		{
			"from": [27.99628, 5, 3.89352],
			"to": [29.39628, 5.25, 3.99352],
			"rotation": {"angle": 45, "axis": "y", "origin": [21.24628, 6, 16.64352]},
			"faces": {
				"north": {"uv": [11, 5, 12, 8], "texture": "#4"},
				"east": {"uv": [11, 5, 12, 8], "texture": "#4"},
				"south": {"uv": [11, 5, 12, 8], "texture": "#4"},
				"west": {"uv": [11, 5, 12, 8], "texture": "#4"},
				"up": {"uv": [11, 5, 12, 8], "texture": "#4"},
				"down": {"uv": [11, 5, 12, 8], "texture": "#4"}
			}
		},
		{
			"from": [29.28163, 5, 3.85817],
			"to": [29.38163, 5.25, 5.20817],
			"rotation": {"angle": 45, "axis": "y", "origin": [21.28163, 6, 16.60817]},
			"faces": {
				"north": {"uv": [11, 5, 12, 8], "texture": "#4"},
				"east": {"uv": [11, 5, 12, 8], "texture": "#4"},
				"south": {"uv": [11, 5, 12, 8], "texture": "#4"},
				"west": {"uv": [11, 5, 12, 8], "texture": "#4"},
				"up": {"uv": [11, 5, 12, 8], "texture": "#4"},
				"down": {"uv": [11, 5, 12, 8], "texture": "#4"}
			}
		},
		{
			"from": [19.91605, 3, -8.40235],
			"to": [20.01605, 5, -8.10235],
			"rotation": {"angle": 45, "axis": "y", "origin": [32.66605, 6, -1.35235]},
			"faces": {
				"north": {"uv": [11, 5, 12, 8], "texture": "#4"},
				"east": {"uv": [11, 5, 12, 8], "texture": "#4"},
				"south": {"uv": [11, 5, 12, 8], "texture": "#4"},
				"west": {"uv": [11, 5, 12, 8], "texture": "#4"},
				"up": {"uv": [11, 5, 12, 8], "rotation": 270, "texture": "#4"},
				"down": {"uv": [11, 5, 12, 8], "rotation": 90, "texture": "#4"}
			}
		},
		{
			"from": [27.99628, 3, 3.89352],
			"to": [28.29628, 5, 3.99352],
			"rotation": {"angle": 45, "axis": "y", "origin": [21.24628, 6, 16.64352]},
			"faces": {
				"north": {"uv": [11, 5, 12, 8], "texture": "#4"},
				"east": {"uv": [11, 5, 12, 8], "texture": "#4"},
				"south": {"uv": [11, 5, 12, 8], "texture": "#4"},
				"west": {"uv": [11, 5, 12, 8], "texture": "#4"},
				"up": {"uv": [11, 5, 12, 8], "texture": "#4"},
				"down": {"uv": [11, 5, 12, 8], "texture": "#4"}
			}
		},
		{
			"from": [28.93839, 3, 5.2521],
			"to": [29.18839, 5, 6.0021],
			"rotation": {"angle": 45, "axis": "y", "origin": [21.18839, 4, 16.5021]},
			"faces": {
				"north": {"uv": [9, 7, 8, 8], "texture": "#4"},
				"east": {"uv": [9, 7, 8, 8], "texture": "#4"},
				"south": {"uv": [9, 7, 8, 8], "texture": "#4"},
				"west": {"uv": [9, 7, 8, 8], "texture": "#4"},
				"up": {"uv": [9, 7, 8, 8], "texture": "#4"},
				"down": {"uv": [11, 9, 10, 10], "texture": "#4"}
			}
		},
		{
			"from": [27.30451, 4, 6.36822],
			"to": [28.30451, 5, 8.61822],
			"rotation": {"angle": 45, "axis": "y", "origin": [20.30451, 5, 15.61822]},
			"faces": {
				"north": {"uv": [9, 7, 8, 8], "texture": "#4"},
				"east": {"uv": [9, 7, 8, 8], "texture": "#4"},
				"south": {"uv": [9, 7, 8, 8], "texture": "#4"},
				"west": {"uv": [9, 7, 8, 8], "texture": "#4"},
				"up": {"uv": [9, 7, 8, 8], "texture": "#4"},
				"down": {"uv": [11, 9, 10, 10], "texture": "#4"}
			}
		},
		{
			"from": [28.18839, 3, 6.0021],
			"to": [29.18839, 4, 9.6021],
			"rotation": {"angle": 45, "axis": "y", "origin": [21.18839, 4, 16.5021]},
			"faces": {
				"north": {"uv": [9, 7, 8, 8], "texture": "#4"},
				"east": {"uv": [9, 7, 8, 8], "texture": "#4"},
				"south": {"uv": [9, 7, 8, 8], "texture": "#4"},
				"west": {"uv": [9, 7, 8, 8], "texture": "#4"},
				"up": {"uv": [9, 7, 8, 8], "texture": "#4"},
				"down": {"uv": [11, 9, 10, 10], "texture": "#4"}
			}
		},
		{
			"from": [6.79196, 3, 5.02175],
			"to": [7.04196, 5, 6.02175],
			"rotation": {"angle": -45, "axis": "y", "origin": [14.79196, 7, 16.52175]},
			"faces": {
				"north": {"uv": [8, 7, 9, 8], "texture": "#4"},
				"east": {"uv": [8, 7, 11, 8], "texture": "#4"},
				"south": {"uv": [8, 7, 9, 8], "texture": "#4"},
				"west": {"uv": [8, 7, 11, 8], "texture": "#4"},
				"up": {"uv": [8, 7, 9, 8], "texture": "#4"},
				"down": {"uv": [10, 9, 11, 10], "texture": "#4"}
			}
		},
		{
			"from": [6.79196, 3, 6.02175],
			"to": [7.79196, 5, 10.64175],
			"rotation": {"angle": -45, "axis": "y", "origin": [14.79196, 7, 16.52175]},
			"faces": {
				"north": {"uv": [8, 7, 9, 8], "texture": "#4"},
				"east": {"uv": [8, 7, 11, 8], "texture": "#4"},
				"south": {"uv": [8, 7, 9, 8], "texture": "#4"},
				"west": {"uv": [8, 7, 11, 8], "texture": "#4"},
				"up": {"uv": [8, 7, 9, 8], "texture": "#4"},
				"down": {"uv": [10, 9, 11, 10], "texture": "#4"}
			}
		},
		{
			"from": [20.94975, 0, 5.52082],
			"to": [21.94975, 6, 14.64082],
			"rotation": {"angle": 45, "axis": "y", "origin": [8.29289, 12, 19.6066]},
			"faces": {
				"north": {"uv": [2, 5, 3, 10], "texture": "#4"},
				"east": {"uv": [3, 5, 5, 9], "texture": "#4"},
				"south": {"uv": [8, 7, 9, 8], "rotation": 90, "texture": "#4"},
				"west": {"uv": [8, 7, 11, 10], "texture": "#4"},
				"up": {"uv": [8, 7, 9, 8], "rotation": 90, "texture": "#4"},
				"down": {"uv": [10, 9, 11, 10], "rotation": 90, "texture": "#4"}
			}
		},
		{
			"from": [18.17157, 6, 1.98528],
			"to": [19.17157, 7, 7.63528],
			"rotation": {"angle": 45, "axis": "y", "origin": [11.17157, 5, 14.48528]},
			"faces": {
				"north": {"uv": [8, 7, 9, 8], "texture": "#4"},
				"east": {"uv": [8, 7, 9, 8], "texture": "#4"},
				"south": {"uv": [8, 7, 9, 8], "texture": "#4"},
				"west": {"uv": [8, 7, 9, 8], "texture": "#4"},
				"up": {"uv": [8, 7, 9, 8], "texture": "#4"},
				"down": {"uv": [10, 9, 11, 10], "texture": "#4"}
			}
		},
		{
			"from": [16.39896, 8, 2.96267],
			"to": [17.39896, 10, 5.56267],
			"rotation": {"angle": 45, "axis": "y", "origin": [9.39896, 8, 12.71267]},
			"faces": {
				"north": {"uv": [8, 7, 9, 8], "texture": "#4"},
				"east": {"uv": [8, 7, 9, 8], "texture": "#4"},
				"south": {"uv": [8, 7, 9, 8], "texture": "#4"},
				"west": {"uv": [8, 7, 9, 8], "texture": "#4"},
				"up": {"uv": [8, 7, 9, 8], "texture": "#4"},
				"down": {"uv": [10, 9, 11, 10], "texture": "#4"}
			}
		},
		{
			"from": [17.29289, 7, 2.6066],
			"to": [18.29289, 8, 6.6066],
			"rotation": {"angle": 45, "axis": "y", "origin": [10.29289, 6, 13.6066]},
			"faces": {
				"north": {"uv": [8, 7, 9, 8], "texture": "#4"},
				"east": {"uv": [10, 7, 11, 8], "texture": "#4"},
				"south": {"uv": [8, 7, 9, 8], "texture": "#4"},
				"west": {"uv": [8, 7, 9, 8], "texture": "#4"},
				"up": {"uv": [8, 7, 9, 8], "texture": "#4"},
				"down": {"uv": [10, 9, 11, 10], "texture": "#4"}
			}
		},
		{
			"from": [29.42583, 0, 3.48954],
			"to": [30.42583, 3, 10.55154],
			"rotation": {"angle": 45, "axis": "y", "origin": [22.42583, 3, 17.73954]},
			"faces": {
				"north": {"uv": [8, 7, 9, 8], "texture": "#4"},
				"east": {"uv": [2, 6, 5, 9], "texture": "#4"},
				"south": {"uv": [8, 7, 9, 8], "texture": "#4"},
				"west": {"uv": [8, 7, 9, 8], "texture": "#4"},
				"up": {"uv": [8, 4, 9, 5], "texture": "#4"},
				"down": {"uv": [10, 9, 11, 10], "texture": "#4"}
			}
		},
		{
			"from": [27.30451, 5, 4.36822],
			"to": [28.30451, 6, 8.61822],
			"rotation": {"angle": 45, "axis": "y", "origin": [20.30451, 6, 15.61822]},
			"faces": {
				"north": {"uv": [8, 7, 9, 8], "texture": "#4"},
				"east": {"uv": [8, 7, 9, 8], "texture": "#4"},
				"south": {"uv": [8, 7, 9, 8], "texture": "#4"},
				"west": {"uv": [8, 7, 9, 8], "texture": "#4"},
				"up": {"uv": [8, 7, 9, 8], "texture": "#4"},
				"down": {"uv": [10, 9, 11, 10], "texture": "#4"}
			}
		},
		{
			"from": [26.42063, 6, 4.73433],
			"to": [27.42063, 8, 7.58433],
			"rotation": {"angle": 45, "axis": "y", "origin": [19.42063, 6, 14.73433]},
			"faces": {
				"north": {"uv": [8, 7, 9, 8], "texture": "#4"},
				"east": {"uv": [8, 7, 9, 8], "texture": "#4"},
				"south": {"uv": [8, 7, 9, 8], "texture": "#4"},
				"west": {"uv": [4, 7, 5, 8], "texture": "#4"},
				"up": {"uv": [8, 7, 9, 8], "texture": "#4"},
				"down": {"uv": [10, 9, 11, 10], "texture": "#4"}
			}
		},
		{
			"from": [9.99281, 8, 5.85296],
			"to": [11.39281, 10, 6.60296],
			"rotation": {"angle": -45, "axis": "y", "origin": [18.64281, 8, 13.60296]},
			"faces": {
				"north": {"uv": [8, 7, 9, 8], "texture": "#4"},
				"east": {"uv": [8, 7, 9, 8], "texture": "#4"},
				"south": {"uv": [8, 7, 9, 8], "texture": "#4"},
				"west": {"uv": [8, 7, 9, 8], "texture": "#4"},
				"up": {"uv": [8, 7, 9, 8], "texture": "#4"},
				"down": {"uv": [10, 9, 11, 10], "texture": "#4"}
			}
		},
		{
			"from": [7.5, 7.75, 0],
			"to": [9, 8.75, 0],
			"rotation": {"angle": -22.5, "axis": "z", "origin": [13.75, 13.25, 8.25]},
			"faces": {
				"north": {"uv": [4, 7, 5, 10], "rotation": 270, "texture": "#4"},
				"east": {"uv": [4, 5, 5, 10], "rotation": 270, "texture": "#4"},
				"south": {"uv": [4, 5, 5, 10], "rotation": 90, "texture": "#4"},
				"west": {"uv": [4, 5, 5, 10], "rotation": 270, "texture": "#4"},
				"up": {"uv": [4, 5, 5, 10], "rotation": 270, "texture": "#4"},
				"down": {"uv": [4, 5, 5, 10], "rotation": 270, "texture": "#4"}
			}
		},
		{
			"from": [7, 8.25, 0],
			"to": [7.5, 8.75, 0],
			"rotation": {"angle": -22.5, "axis": "z", "origin": [13.75, 13.25, 8.25]},
			"faces": {
				"north": {"uv": [4, 9, 5, 10], "rotation": 270, "texture": "#4"},
				"east": {"uv": [4, 9, 5, 10], "rotation": 270, "texture": "#4"},
				"south": {"uv": [4, 9, 5, 10], "rotation": 270, "texture": "#4"},
				"west": {"uv": [4, 9, 5, 10], "rotation": 270, "texture": "#4"},
				"up": {"uv": [4, 9, 5, 10], "rotation": 270, "texture": "#4"},
				"down": {"uv": [4, 9, 5, 10], "rotation": 270, "texture": "#4"}
			}
		},
		{
			"from": [6.69134, 8.71194, -0.001],
			"to": [7.19134, 9.21194, -0.001],
			"rotation": {"angle": -22.5, "axis": "z", "origin": [13.94134, 13.71194, 8.249]},
			"faces": {
				"north": {"uv": [14, 5, 16, 6], "texture": "#4"},
				"east": {"uv": [14, 5, 16, 6], "texture": "#4"},
				"south": {"uv": [14, 5, 16, 6], "rotation": 180, "texture": "#4"},
				"west": {"uv": [14, 5, 16, 6], "texture": "#4"},
				"up": {"uv": [14, 5, 16, 6], "texture": "#4"},
				"down": {"uv": [14, 5, 16, 6], "texture": "#4"}
			}
		},
		{
			"from": [6.625, 9.5, 0],
			"to": [6.875, 10, 1],
			"rotation": {"angle": 0, "axis": "y", "origin": [15.25, 16, 8]},
			"faces": {
				"north": {"uv": [3, 2, 4, 3], "texture": "#4"},
				"east": {"uv": [9, 1, 10, 2], "texture": "#4"},
				"south": {"uv": [9, 1, 10, 2], "texture": "#4"},
				"west": {"uv": [9, 1, 10, 2], "texture": "#4"},
				"up": {"uv": [9, 1, 10, 2], "texture": "#4"},
				"down": {"uv": [9, 1, 10, 2], "texture": "#4"}
			}
		},
		{
			"from": [6.875, 9.25, 0],
			"to": [7.125, 9.5, 1],
			"rotation": {"angle": 0, "axis": "y", "origin": [15.5, 15.5, 8]},
			"faces": {
				"north": {"uv": [3, 2, 4, 3], "texture": "#4"},
				"east": {"uv": [9, 1, 10, 2], "texture": "#4"},
				"south": {"uv": [9, 1, 10, 2], "texture": "#4"},
				"west": {"uv": [9, 1, 10, 2], "texture": "#4"},
				"up": {"uv": [9, 1, 10, 2], "texture": "#4"},
				"down": {"uv": [9, 1, 10, 2], "texture": "#4"}
			}
		},
		{
			"from": [9.125, 9.25, 0],
			"to": [9.375, 9.75, 1],
			"rotation": {"angle": 0, "axis": "y", "origin": [17.75, 16, 8]},
			"faces": {
				"north": {"uv": [3, 2, 4, 3], "texture": "#4"},
				"east": {"uv": [9, 1, 10, 2], "texture": "#4"},
				"south": {"uv": [9, 1, 10, 2], "texture": "#4"},
				"west": {"uv": [9, 1, 10, 2], "texture": "#4"},
				"up": {"uv": [9, 1, 10, 2], "texture": "#4"},
				"down": {"uv": [9, 1, 10, 2], "texture": "#4"}
			}
		},
		{
			"from": [8.875, 9.75, 0],
			"to": [9.125, 10, 1],
			"rotation": {"angle": 0, "axis": "y", "origin": [17.5, 16.5, 8]},
			"faces": {
				"north": {"uv": [3, 2, 4, 3], "texture": "#4"},
				"east": {"uv": [9, 1, 10, 2], "texture": "#4"},
				"south": {"uv": [9, 1, 10, 2], "texture": "#4"},
				"west": {"uv": [9, 1, 10, 2], "texture": "#4"},
				"up": {"uv": [9, 1, 10, 2], "texture": "#4"},
				"down": {"uv": [9, 1, 10, 2], "texture": "#4"}
			}
		},
		{
			"from": [6, 8.75, 0.2],
			"to": [7.5, 10.25, 0.45],
			"rotation": {"angle": 0, "axis": "y", "origin": [15.25, 16, 6.75]},
			"faces": {
				"north": {"uv": [5, 3, 6, 4], "texture": "#4"},
				"east": {"uv": [10, 2, 11, 3], "texture": "#4"},
				"south": {"uv": [10, 2, 11, 3], "texture": "#4"},
				"west": {"uv": [9, 1, 10, 2], "texture": "#4"},
				"up": {"uv": [10, 2, 11, 3], "texture": "#4"},
				"down": {"uv": [10, 2, 11, 3], "texture": "#4"}
			}
		},
		{
			"from": [8.5, 8.75, 0.2],
			"to": [10, 10.25, 0.45],
			"rotation": {"angle": 0, "axis": "y", "origin": [17.75, 16, 6.75]},
			"faces": {
				"north": {"uv": [5, 3, 6, 4], "texture": "#4"},
				"east": {"uv": [9, 1, 10, 2], "texture": "#4"},
				"south": {"uv": [10, 2, 11, 3], "texture": "#4"},
				"west": {"uv": [10, 2, 11, 3], "texture": "#4"},
				"up": {"uv": [10, 2, 11, 3], "texture": "#4"},
				"down": {"uv": [10, 2, 11, 3], "texture": "#4"}
			}
		},
		{
			"from": [8.25, 8, -0.5],
			"to": [8.5, 8.25, 1],
			"rotation": {"angle": 0, "axis": "y", "origin": [17, 15.5, 8]},
			"faces": {
				"north": {"uv": [11, 5, 12, 6], "texture": "#4"},
				"east": {"uv": [11, 5, 12, 6], "texture": "#4"},
				"south": {"uv": [11, 5, 12, 6], "texture": "#4"},
				"west": {"uv": [11, 5, 12, 6], "texture": "#4"},
				"up": {"uv": [11, 5, 12, 6], "texture": "#4"},
				"down": {"uv": [11, 5, 12, 6], "texture": "#4"}
			}
		},
		{
			"from": [8.5, 8.25, -0.5],
			"to": [8.75, 8.5, 1],
			"rotation": {"angle": 0, "axis": "y", "origin": [17.25, 15.75, 8]},
			"faces": {
				"north": {"uv": [11, 5, 12, 6], "texture": "#4"},
				"east": {"uv": [11, 5, 12, 6], "texture": "#4"},
				"south": {"uv": [11, 5, 12, 6], "texture": "#4"},
				"west": {"uv": [11, 5, 12, 6], "texture": "#4"},
				"up": {"uv": [11, 5, 12, 6], "texture": "#4"},
				"down": {"uv": [11, 5, 12, 6], "texture": "#4"}
			}
		},
		{
			"from": [7.875, 9.75, -0.3],
			"to": [8.125, 10, -0.175],
			"rotation": {"angle": 0, "axis": "y", "origin": [16.5, 17.25, 8]},
			"faces": {
				"north": {"uv": [11, 5, 12, 6], "texture": "#4"},
				"east": {"uv": [11, 5, 12, 6], "texture": "#4"},
				"south": {"uv": [11, 5, 12, 6], "texture": "#4"},
				"west": {"uv": [11, 5, 12, 6], "texture": "#4"},
				"up": {"uv": [11, 5, 12, 6], "texture": "#4"},
				"down": {"uv": [11, 5, 12, 6], "texture": "#4"}
			}
		},
		{
			"from": [7.75, 8, -0.5],
			"to": [8.25, 9, 1],
			"rotation": {"angle": 0, "axis": "y", "origin": [16.5, 15.5, 8]},
			"faces": {
				"north": {"uv": [11, 5, 12, 6], "texture": "#4"},
				"east": {"uv": [11, 5, 12, 6], "texture": "#4"},
				"south": {"uv": [11, 5, 12, 6], "texture": "#4"},
				"west": {"uv": [11, 5, 12, 6], "texture": "#4"},
				"up": {"uv": [11, 5, 12, 6], "texture": "#4"},
				"down": {"uv": [11, 5, 12, 6], "texture": "#4"}
			}
		},
		{
			"from": [6.75, 10.5, -0.5],
			"to": [7.25, 11, 0.25],
			"rotation": {"angle": 0, "axis": "y", "origin": [16.5, 17, 8]},
			"faces": {
				"north": {"uv": [8, 7, 9, 8], "texture": "#4"},
				"east": {"uv": [8, 7, 9, 8], "texture": "#4"},
				"south": {"uv": [8, 7, 9, 8], "texture": "#4"},
				"west": {"uv": [8, 7, 9, 8], "texture": "#4"},
				"up": {"uv": [8, 7, 9, 8], "texture": "#4"},
				"down": {"uv": [10, 9, 11, 10], "texture": "#4"}
			}
		},
		{
			"from": [8.75, 10.5, -0.5],
			"to": [9.25, 11, 0.25],
			"rotation": {"angle": 0, "axis": "y", "origin": [18.5, 17, 8]},
			"faces": {
				"north": {"uv": [8, 7, 9, 8], "texture": "#4"},
				"east": {"uv": [8, 7, 9, 8], "texture": "#4"},
				"south": {"uv": [8, 7, 9, 8], "texture": "#4"},
				"west": {"uv": [8, 7, 9, 8], "texture": "#4"},
				"up": {"uv": [8, 7, 9, 8], "texture": "#4"},
				"down": {"uv": [10, 9, 11, 10], "texture": "#4"}
			}
		},
		{
			"from": [7.25, 10.5, -0.5],
			"to": [8.75, 11, 0.25],
			"rotation": {"angle": 0, "axis": "y", "origin": [16.5, 17, 8]},
			"faces": {
				"north": {"uv": [8, 7, 11, 8], "rotation": 90, "texture": "#4"},
				"east": {"uv": [8, 7, 9, 8], "texture": "#4"},
				"south": {"uv": [8, 7, 9, 8], "texture": "#4"},
				"west": {"uv": [8, 7, 9, 8], "texture": "#4"},
				"up": {"uv": [8, 7, 9, 8], "texture": "#4"},
				"down": {"uv": [10, 9, 11, 10], "texture": "#4"}
			}
		},
		{
			"from": [7.25, 10, -0.25],
			"to": [8.75, 10.5, 0.25],
			"rotation": {"angle": 0, "axis": "y", "origin": [16.5, 16.5, 8]},
			"faces": {
				"north": {"uv": [9, 8, 11, 9], "rotation": 90, "texture": "#4"},
				"east": {"uv": [8, 7, 9, 8], "texture": "#4"},
				"south": {"uv": [8, 7, 9, 8], "texture": "#4"},
				"west": {"uv": [8, 7, 9, 8], "texture": "#4"},
				"up": {"uv": [8, 7, 9, 8], "texture": "#4"},
				"down": {"uv": [10, 9, 11, 10], "texture": "#4"}
			}
		},
		{
			"from": [7.75, 9, -0.25],
			"to": [8.25, 10, 1],
			"rotation": {"angle": 0, "axis": "y", "origin": [16.5, 17, 8]},
			"faces": {
				"north": {"uv": [10, 8, 12, 9], "rotation": 90, "texture": "#4"},
				"east": {"uv": [8, 7, 9, 8], "texture": "#4"},
				"south": {"uv": [8, 7, 9, 8], "texture": "#4"},
				"west": {"uv": [8, 7, 9, 8], "texture": "#4"},
				"up": {"uv": [8, 7, 9, 8], "texture": "#4"},
				"down": {"uv": [10, 9, 11, 10], "texture": "#4"}
			}
		},
		{
			"from": [6, 8, 0.25],
			"to": [10, 11, 3],
			"rotation": {"angle": 0, "axis": "y", "origin": [16, 16, 8.25]},
			"faces": {
				"north": {"uv": [10, 6, 11, 7], "texture": "#4"},
				"east": {"uv": [8, 7, 9, 8], "texture": "#4"},
				"south": {"uv": [8, 7, 9, 8], "texture": "#4"},
				"west": {"uv": [8, 7, 9, 8], "texture": "#4"},
				"up": {"uv": [8, 7, 9, 8], "texture": "#4"},
				"down": {"uv": [10, 9, 11, 10], "texture": "#4"}
			}
		},
		{
			"from": [8.80866, 8.71194, -0.001],
			"to": [9.30866, 9.21194, -0.001],
			"rotation": {"angle": 22.5, "axis": "z", "origin": [2.05866, 13.71194, 8.249]},
			"faces": {
				"north": {"uv": [16, 5, 14, 6], "texture": "#4"},
				"east": {"uv": [16, 5, 14, 6], "texture": "#4"},
				"south": {"uv": [16, 5, 14, 6], "rotation": 180, "texture": "#4"},
				"west": {"uv": [16, 5, 14, 6], "texture": "#4"},
				"up": {"uv": [16, 5, 14, 6], "texture": "#4"},
				"down": {"uv": [16, 5, 14, 6], "texture": "#4"}
			}
		},
		{
			"from": [7, 7.75, 0],
			"to": [8.5, 8.75, 0],
			"rotation": {"angle": 22.5, "axis": "z", "origin": [2.25, 13.25, 8.25]},
			"faces": {
				"north": {"uv": [4, 10, 5, 7], "rotation": 270, "texture": "#4"},
				"east": {"uv": [4, 10, 5, 5], "rotation": 270, "texture": "#4"},
				"south": {"uv": [4, 10, 5, 5], "rotation": 90, "texture": "#4"},
				"west": {"uv": [4, 10, 5, 5], "rotation": 270, "texture": "#4"},
				"up": {"uv": [4, 10, 5, 5], "rotation": 270, "texture": "#4"},
				"down": {"uv": [4, 10, 5, 5], "rotation": 270, "texture": "#4"}
			}
		},
		{
			"from": [8.5, 8.25, 0],
			"to": [9, 8.75, 0],
			"rotation": {"angle": 22.5, "axis": "z", "origin": [2.25, 13.25, 8.25]},
			"faces": {
				"north": {"uv": [4, 10, 5, 9], "rotation": 270, "texture": "#4"},
				"east": {"uv": [4, 10, 5, 9], "rotation": 270, "texture": "#4"},
				"south": {"uv": [4, 10, 5, 9], "rotation": 270, "texture": "#4"},
				"west": {"uv": [4, 10, 5, 9], "rotation": 270, "texture": "#4"},
				"up": {"uv": [4, 10, 5, 9], "rotation": 270, "texture": "#4"},
				"down": {"uv": [4, 10, 5, 9], "rotation": 270, "texture": "#4"}
			}
		},
		{
			"from": [6, 5, -2.5],
			"to": [10, 10, -0.5],
			"rotation": {"angle": -22.5, "axis": "x", "origin": [16, 15, 5.5]},
			"faces": {
				"north": {"uv": [1, 8, 6, 9], "rotation": 90, "texture": "#4"},
				"east": {"uv": [8, 7, 9, 8], "rotation": 90, "texture": "#4"},
				"south": {"uv": [8, 7, 9, 8], "rotation": 90, "texture": "#4"},
				"west": {"uv": [8, 7, 9, 8], "rotation": 90, "texture": "#4"},
				"up": {"uv": [8, 7, 9, 8], "rotation": 90, "texture": "#4"},
				"down": {"uv": [10, 9, 11, 10], "rotation": 90, "texture": "#4"}
			}
		},
		{
			"from": [7.5, 5.25, -0.25],
			"to": [8.5, 7, 0.75],
			"rotation": {"angle": 0, "axis": "y", "origin": [16.25, 16, 6.75]},
			"faces": {
				"north": {"uv": [5, 6, 11, 11], "rotation": 90, "texture": "#0"},
				"east": {"uv": [5, 6, 11, 11], "rotation": 90, "texture": "#0"},
				"south": {"uv": [5, 6, 11, 11], "rotation": 90, "texture": "#0"},
				"west": {"uv": [5, 6, 11, 11], "rotation": 90, "texture": "#0"},
				"up": {"uv": [5, 6, 11, 11], "rotation": 90, "texture": "#0"},
				"down": {"uv": [5, 6, 11, 11], "rotation": 90, "texture": "#0"}
			}
		},
		{
			"from": [-12.42063, 5, 6.73433],
			"to": [-10.42063, 6, 10.58433],
			"rotation": {"angle": -45, "axis": "y", "origin": [-3.42063, 6, 14.73433]},
			"faces": {
				"north": {"uv": [4, 5, 7, 8], "rotation": 90, "texture": "#4"},
				"east": {"uv": [8, 7, 9, 8], "texture": "#4"},
				"south": {"uv": [4, 5, 7, 6], "rotation": 90, "texture": "#4"},
				"west": {"uv": [9, 5, 12, 8], "rotation": 90, "texture": "#4"},
				"up": {"uv": [8, 7, 9, 8], "texture": "#4"},
				"down": {"uv": [10, 9, 11, 10], "texture": "#4"}
			}
		},
		{
			"from": [-3.11091, 7, 4.42462],
			"to": [-1.11091, 8, 6.72462],
			"rotation": {"angle": -45, "axis": "y", "origin": [5.88909, 6, 13.42462]},
			"faces": {
				"north": {"uv": [8, 7, 9, 8], "texture": "#4"},
				"east": {"uv": [8, 7, 9, 8], "texture": "#4"},
				"south": {"uv": [8, 7, 9, 8], "texture": "#4"},
				"west": {"uv": [4, 6, 6, 10], "rotation": 90, "texture": "#4"},
				"up": {"uv": [8, 7, 9, 8], "texture": "#4"},
				"down": {"uv": [10, 9, 11, 10], "texture": "#4"}
			}
		},
		{
			"from": [-4.17157, 6, 5.23528],
			"to": [-2.17157, 7, 7.68528],
			"rotation": {"angle": -45, "axis": "y", "origin": [4.82843, 5, 14.48528]},
			"faces": {
				"north": {"uv": [11, 8, 12, 9], "texture": "#4"},
				"east": {"uv": [8, 7, 9, 8], "texture": "#4"},
				"south": {"uv": [8, 7, 9, 8], "texture": "#4"},
				"west": {"uv": [4, 6, 7, 10], "rotation": 90, "texture": "#4"},
				"up": {"uv": [8, 7, 9, 8], "texture": "#4"},
				"down": {"uv": [10, 9, 11, 10], "texture": "#4"}
			}
		},
		{
			"from": [-6.94975, 5, 10.52082],
			"to": [-4.94975, 6, 14.64082],
			"rotation": {"angle": -45, "axis": "y", "origin": [7.70711, 12, 19.6066]},
			"faces": {
				"north": {"uv": [11, 7, 12, 8], "texture": "#4"},
				"east": {"uv": [8, 7, 9, 8], "texture": "#4"},
				"south": {"uv": [8, 7, 9, 8], "texture": "#4"},
				"west": {"uv": [6, 7, 7, 10], "texture": "#4"},
				"up": {"uv": [8, 7, 9, 8], "texture": "#4"},
				"down": {"uv": [10, 9, 11, 10], "texture": "#4"}
			}
		},
		{
			"from": [9.20804, 6, 7.27175],
			"to": [10.20804, 7, 10.67175],
			"rotation": {"angle": 45, "axis": "y", "origin": [1.20804, 5, 16.52175]},
			"faces": {
				"north": {"uv": [11, 7, 12, 8], "texture": "#4"},
				"east": {"uv": [2, 6, 7, 10], "texture": "#4"},
				"south": {"uv": [8, 7, 9, 8], "texture": "#4"},
				"west": {"uv": [8, 7, 9, 8], "texture": "#4"},
				"up": {"uv": [8, 7, 9, 8], "texture": "#4"},
				"down": {"uv": [10, 9, 11, 10], "texture": "#4"}
			}
		},
		{
			"from": [8.50093, 7, 6.31464],
			"to": [9.50093, 8, 8.51464],
			"rotation": {"angle": 45, "axis": "y", "origin": [0.50093, 6, 15.81464]},
			"faces": {
				"north": {"uv": [11, 7, 12, 8], "texture": "#4"},
				"east": {"uv": [4, 7, 6, 10], "texture": "#4"},
				"south": {"uv": [8, 7, 9, 8], "texture": "#4"},
				"west": {"uv": [8, 7, 9, 8], "texture": "#4"},
				"up": {"uv": [8, 7, 9, 8], "texture": "#4"},
				"down": {"uv": [10, 9, 11, 10], "texture": "#4"}
			}
		},
		{
			"from": [7.29289, 8, 5.6066],
			"to": [8.29289, 9, 7.6066],
			"rotation": {"angle": 45, "axis": "y", "origin": [-0.70711, 7, 14.6066]},
			"faces": {
				"north": {"uv": [11, 7, 12, 8], "texture": "#4"},
				"east": {"uv": [3, 6, 6, 10], "texture": "#4"},
				"south": {"uv": [8, 7, 9, 8], "texture": "#4"},
				"west": {"uv": [8, 7, 9, 8], "texture": "#4"},
				"up": {"uv": [8, 7, 9, 8], "texture": "#4"},
				"down": {"uv": [10, 9, 11, 10], "texture": "#4"}
			}
		},
		{
			"from": [-6.78858, 9, -6.95711],
			"to": [-5.78858, 10, -3.70711],
			"rotation": {"angle": -45, "axis": "y", "origin": [-14.78858, 8, 2.29289]},
			"faces": {
				"north": {"uv": [8, 7, 9, 8], "texture": "#4"},
				"east": {"uv": [8, 7, 9, 8], "texture": "#4"},
				"south": {"uv": [4, 5, 7, 6], "rotation": 90, "texture": "#4"},
				"west": {"uv": [10, 5, 12, 10], "texture": "#4"},
				"up": {"uv": [8, 7, 9, 8], "texture": "#4"},
				"down": {"uv": [10, 9, 11, 10], "texture": "#4"}
			}
		},
		{
			"from": [6.29289, 9, 4.3566],
			"to": [7.29289, 10, 6.6066],
			"rotation": {"angle": 45, "axis": "y", "origin": [-1.70711, 8, 13.6066]},
			"faces": {
				"north": {"uv": [10, 7, 12, 8], "rotation": 90, "texture": "#4"},
				"east": {"uv": [2, 7, 6, 10], "texture": "#4"},
				"south": {"uv": [8, 7, 9, 8], "texture": "#4"},
				"west": {"uv": [8, 7, 9, 8], "texture": "#4"},
				"up": {"uv": [8, 7, 9, 8], "texture": "#4"},
				"down": {"uv": [10, 9, 11, 10], "texture": "#4"}
			}
		},
		{
			"from": [-12.42063, 7, 5.73433],
			"to": [-10.42063, 8, 9.58433],
			"rotation": {"angle": -45, "axis": "y", "origin": [-3.42063, 6, 14.73433]},
			"faces": {
				"north": {"uv": [4, 5, 7, 8], "rotation": 90, "texture": "#4"},
				"east": {"uv": [8, 7, 9, 8], "texture": "#4"},
				"south": {"uv": [4, 5, 7, 6], "rotation": 90, "texture": "#4"},
				"west": {"uv": [9, 5, 12, 8], "rotation": 90, "texture": "#4"},
				"up": {"uv": [8, 7, 9, 8], "texture": "#4"},
				"down": {"uv": [10, 9, 11, 10], "texture": "#4"}
			}
		},
		{
			"from": [-12.42063, 3, 9.73433],
			"to": [-10.42063, 4, 13.58433],
			"rotation": {"angle": -45, "axis": "y", "origin": [-3.42063, 6, 14.73433]},
			"faces": {
				"north": {"uv": [4, 5, 7, 8], "rotation": 90, "texture": "#4"},
				"east": {"uv": [8, 7, 9, 8], "texture": "#4"},
				"south": {"uv": [8, 7, 9, 8], "texture": "#4"},
				"west": {"uv": [9, 5, 12, 8], "rotation": 90, "texture": "#4"},
				"up": {"uv": [8, 7, 9, 8], "texture": "#4"},
				"down": {"uv": [10, 9, 11, 10], "texture": "#4"}
			}
		},
		{
			"from": [-8.97141, 3, 7.5572],
			"to": [-6.97141, 4, 12.4072],
			"rotation": {"angle": 0, "axis": "y", "origin": [1.02859, 6, 12.5572]},
			"faces": {
				"north": {"uv": [8, 7, 9, 8], "texture": "#4"},
				"east": {"uv": [8, 7, 9, 8], "texture": "#4"},
				"south": {"uv": [4, 5, 7, 6], "rotation": 90, "texture": "#4"},
				"west": {"uv": [9, 5, 12, 8], "rotation": 90, "texture": "#4"},
				"up": {"uv": [8, 7, 9, 8], "texture": "#4"},
				"down": {"uv": [10, 9, 11, 10], "texture": "#4"}
			}
		},
		{
			"from": [26.42063, 5, 6.73433],
			"to": [28.42063, 6, 10.58433],
			"rotation": {"angle": 45, "axis": "y", "origin": [19.42063, 6, 14.73433]},
			"faces": {
				"north": {"uv": [4, 8, 7, 5], "rotation": 90, "texture": "#4"},
				"east": {"uv": [9, 8, 12, 5], "rotation": 90, "texture": "#4"},
				"south": {"uv": [4, 6, 7, 5], "rotation": 90, "texture": "#4"},
				"west": {"uv": [9, 7, 8, 8], "texture": "#4"},
				"up": {"uv": [9, 7, 8, 8], "texture": "#4"},
				"down": {"uv": [11, 9, 10, 10], "texture": "#4"}
			}
		},
		{
			"from": [17.11091, 7, 4.42462],
			"to": [19.11091, 8, 6.72462],
			"rotation": {"angle": 45, "axis": "y", "origin": [10.11091, 6, 13.42462]},
			"faces": {
				"north": {"uv": [9, 7, 8, 8], "texture": "#4"},
				"east": {"uv": [4, 10, 6, 6], "rotation": 90, "texture": "#4"},
				"south": {"uv": [9, 7, 8, 8], "texture": "#4"},
				"west": {"uv": [9, 7, 8, 8], "texture": "#4"},
				"up": {"uv": [9, 7, 8, 8], "texture": "#4"},
				"down": {"uv": [11, 9, 10, 10], "texture": "#4"}
			}
		},
		{
			"from": [18.17157, 6, 5.23528],
			"to": [20.17157, 7, 7.68528],
			"rotation": {"angle": 45, "axis": "y", "origin": [11.17157, 5, 14.48528]},
			"faces": {
				"north": {"uv": [12, 8, 11, 9], "texture": "#4"},
				"east": {"uv": [4, 10, 7, 6], "rotation": 90, "texture": "#4"},
				"south": {"uv": [9, 7, 8, 8], "texture": "#4"},
				"west": {"uv": [9, 7, 8, 8], "texture": "#4"},
				"up": {"uv": [9, 7, 8, 8], "texture": "#4"},
				"down": {"uv": [11, 9, 10, 10], "texture": "#4"}
			}
		},
		{
			"from": [20.94975, 5, 10.52082],
			"to": [22.94975, 6, 14.64082],
			"rotation": {"angle": 45, "axis": "y", "origin": [8.29289, 12, 19.6066]},
			"faces": {
				"north": {"uv": [12, 7, 11, 8], "texture": "#4"},
				"east": {"uv": [7, 7, 6, 10], "texture": "#4"},
				"south": {"uv": [9, 7, 8, 8], "texture": "#4"},
				"west": {"uv": [9, 7, 8, 8], "texture": "#4"},
				"up": {"uv": [9, 7, 8, 8], "texture": "#4"},
				"down": {"uv": [11, 9, 10, 10], "texture": "#4"}
			}
		},
		{
			"from": [5.79196, 6, 7.27175],
			"to": [6.79196, 7, 10.67175],
			"rotation": {"angle": -45, "axis": "y", "origin": [14.79196, 5, 16.52175]},
			"faces": {
				"north": {"uv": [12, 7, 11, 8], "texture": "#4"},
				"east": {"uv": [9, 7, 8, 8], "texture": "#4"},
				"south": {"uv": [9, 7, 8, 8], "texture": "#4"},
				"west": {"uv": [7, 6, 2, 10], "texture": "#4"},
				"up": {"uv": [9, 7, 8, 8], "texture": "#4"},
				"down": {"uv": [11, 9, 10, 10], "texture": "#4"}
			}
		},
		{
			"from": [6.49907, 7, 6.31464],
			"to": [7.49907, 8, 8.51464],
			"rotation": {"angle": -45, "axis": "y", "origin": [15.49907, 6, 15.81464]},
			"faces": {
				"north": {"uv": [12, 7, 11, 8], "texture": "#4"},
				"east": {"uv": [9, 7, 8, 8], "texture": "#4"},
				"south": {"uv": [9, 7, 8, 8], "texture": "#4"},
				"west": {"uv": [6, 7, 4, 10], "texture": "#4"},
				"up": {"uv": [9, 7, 8, 8], "texture": "#4"},
				"down": {"uv": [11, 9, 10, 10], "texture": "#4"}
			}
		},
		{
			"from": [7.70711, 8, 5.6066],
			"to": [8.70711, 9, 7.6066],
			"rotation": {"angle": -45, "axis": "y", "origin": [16.70711, 7, 14.6066]},
			"faces": {
				"north": {"uv": [12, 7, 11, 8], "texture": "#4"},
				"east": {"uv": [9, 7, 8, 8], "texture": "#4"},
				"south": {"uv": [9, 7, 8, 8], "texture": "#4"},
				"west": {"uv": [6, 6, 3, 10], "texture": "#4"},
				"up": {"uv": [9, 7, 8, 8], "texture": "#4"},
				"down": {"uv": [11, 9, 10, 10], "texture": "#4"}
			}
		},
		{
			"from": [9.70711, 9, 5.3566],
			"to": [10.70711, 10, 6.6066],
			"rotation": {"angle": -45, "axis": "y", "origin": [17.70711, 8, 13.6066]},
			"faces": {
				"north": {"uv": [9, 7, 8, 8], "texture": "#4"},
				"east": {"uv": [9, 7, 8, 8], "texture": "#4"},
				"south": {"uv": [9, 7, 8, 8], "texture": "#4"},
				"west": {"uv": [9, 7, 8, 8], "texture": "#4"},
				"up": {"uv": [9, 7, 8, 8], "texture": "#4"},
				"down": {"uv": [11, 9, 10, 10], "texture": "#4"}
			}
		},
		{
			"from": [21.78858, 9, -6.95711],
			"to": [22.78858, 10, -3.70711],
			"rotation": {"angle": 45, "axis": "y", "origin": [30.78858, 8, 2.29289]},
			"faces": {
				"north": {"uv": [9, 7, 8, 8], "texture": "#4"},
				"east": {"uv": [10, 10, 12, 5], "rotation": 180, "texture": "#4"},
				"south": {"uv": [4, 6, 7, 5], "rotation": 90, "texture": "#4"},
				"west": {"uv": [9, 7, 8, 8], "texture": "#4"},
				"up": {"uv": [9, 7, 8, 8], "texture": "#4"},
				"down": {"uv": [11, 9, 10, 10], "texture": "#4"}
			}
		},
		{
			"from": [8.70711, 9, 4.3566],
			"to": [9.70711, 10, 6.6066],
			"rotation": {"angle": -45, "axis": "y", "origin": [17.70711, 8, 13.6066]},
			"faces": {
				"north": {"uv": [10, 8, 12, 7], "rotation": 90, "texture": "#4"},
				"east": {"uv": [9, 7, 8, 8], "texture": "#4"},
				"south": {"uv": [9, 7, 8, 8], "texture": "#4"},
				"west": {"uv": [6, 7, 2, 10], "texture": "#4"},
				"up": {"uv": [9, 7, 8, 8], "texture": "#4"},
				"down": {"uv": [11, 9, 10, 10], "texture": "#4"}
			}
		},
		{
			"from": [26.42063, 7, 5.73433],
			"to": [28.42063, 8, 9.58433],
			"rotation": {"angle": 45, "axis": "y", "origin": [19.42063, 6, 14.73433]},
			"faces": {
				"north": {"uv": [4, 8, 7, 5], "rotation": 90, "texture": "#4"},
				"east": {"uv": [9, 8, 12, 5], "rotation": 90, "texture": "#4"},
				"south": {"uv": [4, 6, 7, 5], "rotation": 90, "texture": "#4"},
				"west": {"uv": [9, 7, 8, 8], "texture": "#4"},
				"up": {"uv": [9, 7, 8, 8], "texture": "#4"},
				"down": {"uv": [11, 9, 10, 10], "texture": "#4"}
			}
		},
		{
			"from": [26.42063, 3, 9.73433],
			"to": [28.42063, 4, 13.58433],
			"rotation": {"angle": 45, "axis": "y", "origin": [19.42063, 6, 14.73433]},
			"faces": {
				"north": {"uv": [4, 8, 7, 5], "rotation": 90, "texture": "#4"},
				"east": {"uv": [9, 8, 12, 5], "rotation": 90, "texture": "#4"},
				"south": {"uv": [9, 7, 8, 8], "texture": "#4"},
				"west": {"uv": [11, 7, 8, 9], "texture": "#4"},
				"up": {"uv": [9, 7, 8, 8], "texture": "#4"},
				"down": {"uv": [11, 9, 10, 10], "texture": "#4"}
			}
		},
		{
			"from": [22.97141, 3, 7.5572],
			"to": [24.97141, 4, 12.4072],
			"rotation": {"angle": 0, "axis": "y", "origin": [14.97141, 6, 12.5572]},
			"faces": {
				"north": {"uv": [9, 7, 8, 8], "texture": "#4"},
				"east": {"uv": [9, 8, 12, 5], "rotation": 90, "texture": "#4"},
				"south": {"uv": [4, 6, 7, 5], "rotation": 90, "texture": "#4"},
				"west": {"uv": [9, 7, 8, 8], "texture": "#4"},
				"up": {"uv": [9, 7, 8, 8], "texture": "#4"},
				"down": {"uv": [11, 9, 10, 10], "texture": "#4"}
			}
		},
		{
			"from": [6.70804, 3, 6.27175],
			"to": [8.95804, 5, 6.64175],
			"rotation": {"angle": 45, "axis": "y", "origin": [1.20804, 7, 16.52175]},
			"faces": {
				"north": {"uv": [11, 4, 8, 5], "texture": "#4"},
				"east": {"uv": [11, 4, 8, 5], "texture": "#4"},
				"south": {"uv": [11, 4, 8, 5], "texture": "#4"},
				"west": {"uv": [11, 4, 8, 5], "texture": "#4"},
				"up": {"uv": [11, 4, 8, 5], "texture": "#4"},
				"down": {"uv": [11, 4, 8, 5], "texture": "#4"}
			}
		},
		{
			"from": [6.70804, 3, 5.02175],
			"to": [7.20804, 5, 6.39175],
			"rotation": {"angle": 45, "axis": "y", "origin": [1.20804, 7, 16.52175]},
			"faces": {
				"north": {"uv": [11, 4, 8, 5], "texture": "#4"},
				"east": {"uv": [11, 4, 8, 5], "texture": "#4"},
				"south": {"uv": [11, 4, 8, 5], "texture": "#4"},
				"west": {"uv": [11, 4, 8, 5], "texture": "#4"},
				"up": {"uv": [11, 4, 8, 5], "texture": "#4"},
				"down": {"uv": [11, 4, 8, 5], "texture": "#4"}
			}
		},
		{
			"from": [6.70804, 2.75, 5.02175],
			"to": [8.20804, 3, 6.64175],
			"rotation": {"angle": 45, "axis": "y", "origin": [1.20804, 5, 16.52175]},
			"faces": {
				"north": {"uv": [11, 4, 8, 5], "texture": "#4"},
				"east": {"uv": [11, 4, 8, 5], "texture": "#4"},
				"south": {"uv": [11, 4, 8, 5], "texture": "#4"},
				"west": {"uv": [11, 4, 8, 5], "texture": "#4"},
				"up": {"uv": [11, 4, 8, 5], "texture": "#4"},
				"down": {"uv": [11, 4, 8, 5], "texture": "#4"}
			}
		},
		{
			"from": [8.79196, 3, 5.02175],
			"to": [9.29196, 5, 6.39175],
			"rotation": {"angle": -45, "axis": "y", "origin": [14.79196, 7, 16.52175]},
			"faces": {
				"north": {"uv": [8, 4, 11, 5], "texture": "#4"},
				"east": {"uv": [8, 4, 11, 5], "texture": "#4"},
				"south": {"uv": [8, 4, 11, 5], "texture": "#4"},
				"west": {"uv": [8, 4, 11, 5], "texture": "#4"},
				"up": {"uv": [8, 4, 11, 5], "texture": "#4"},
				"down": {"uv": [8, 4, 11, 5], "texture": "#4"}
			}
		},
		{
			"from": [7.04196, 3, 6.27175],
			"to": [9.29196, 5, 6.64175],
			"rotation": {"angle": -45, "axis": "y", "origin": [14.79196, 7, 16.52175]},
			"faces": {
				"north": {"uv": [8, 4, 11, 5], "texture": "#4"},
				"east": {"uv": [8, 4, 11, 5], "texture": "#4"},
				"south": {"uv": [8, 4, 11, 5], "texture": "#4"},
				"west": {"uv": [8, 4, 11, 5], "texture": "#4"},
				"up": {"uv": [8, 4, 11, 5], "texture": "#4"},
				"down": {"uv": [8, 4, 11, 5], "texture": "#4"}
			}
		},
		{
			"from": [7.79196, 2.75, 5.02175],
			"to": [9.29196, 3, 6.64175],
			"rotation": {"angle": -45, "axis": "y", "origin": [14.79196, 5, 16.52175]},
			"faces": {
				"north": {"uv": [8, 4, 11, 5], "texture": "#4"},
				"east": {"uv": [8, 4, 11, 5], "texture": "#4"},
				"south": {"uv": [8, 4, 11, 5], "texture": "#4"},
				"west": {"uv": [8, 4, 11, 5], "texture": "#4"},
				"up": {"uv": [8, 4, 11, 5], "texture": "#4"},
				"down": {"uv": [8, 4, 11, 5], "texture": "#4"}
			}
		},
		{
			"from": [-2.2, 3, 3.3625],
			"to": [-2, 3.6, 3.5625],
			"rotation": {"angle": 0, "axis": "z", "origin": [4.75, 10.75, -2]},
			"faces": {
				"north": {"uv": [8, 13, 7, 16], "texture": "#17"},
				"east": {"uv": [5, 13, 4, 16], "texture": "#17"},
				"south": {"uv": [7, 13, 6, 16], "texture": "#17"},
				"west": {"uv": [6, 13, 5, 16], "texture": "#17"},
				"up": {"uv": [5, 13, 4, 16], "rotation": 90, "texture": "#17"},
				"down": {"uv": [5, 13, 4, 16], "rotation": 270, "texture": "#17"}
			}
		},
		{
			"from": [-2.4, 3, 3.3625],
			"to": [-2.2, 3.6, 3.5625],
			"rotation": {"angle": 0, "axis": "z", "origin": [4.4875, 10.75, -2]},
			"faces": {
				"north": {"uv": [8, 13, 7, 16], "texture": "#17"},
				"east": {"uv": [5, 13, 4, 16], "texture": "#17"},
				"south": {"uv": [7, 13, 6, 16], "texture": "#17"},
				"west": {"uv": [6, 13, 5, 16], "texture": "#17"},
				"up": {"uv": [5, 13, 4, 16], "rotation": 90, "texture": "#17"},
				"down": {"uv": [5, 13, 4, 16], "rotation": 270, "texture": "#17"}
			}
		},
		{
			"from": [-5.3, 5.7, 3.3725],
			"to": [-5.1, 6.3, 3.5725],
			"rotation": {"angle": 22.5, "axis": "z", "origin": [1.63793, 13.38396, -1.99]},
			"faces": {
				"north": {"uv": [9, 13, 8, 16], "texture": "#17"},
				"east": {"uv": [11, 13, 10, 16], "texture": "#17"},
				"south": {"uv": [11.5, 13, 10.5, 16], "texture": "#17"},
				"west": {"uv": [11.5, 13, 10.5, 16], "texture": "#17"},
				"up": {"uv": [10, 12, 9, 13], "rotation": 90, "texture": "#17"},
				"down": {"uv": [11, 12, 10, 13], "rotation": 270, "texture": "#17"}
			}
		},
		{
			"from": [-5.3, 5.7, 3.3625],
			"to": [-5.1, 6.3, 3.3625],
			"rotation": {"angle": 22.5, "axis": "z", "origin": [1.63793, 13.38396, -1.99]},
			"faces": {
				"north": {"uv": [13.75, 13, 12.75, 16], "texture": "#17"},
				"east": {"uv": [11, 13, 10, 16], "texture": "#17"},
				"south": {"uv": [11.5, 13, 10.5, 16], "texture": "#17"},
				"west": {"uv": [12, 13, 11, 16], "texture": "#17"},
				"up": {"uv": [10, 12, 9, 13], "rotation": 90, "texture": "#17"},
				"down": {"uv": [11, 12, 10, 13], "rotation": 270, "texture": "#17"}
			}
		},
		{
			"from": [0.56, 1.95, 3.3625],
			"to": [0.76, 2.55, 3.3625],
			"rotation": {"angle": 22.5, "axis": "z", "origin": [-6.27703, -4.79147, -1.74]},
			"faces": {
				"north": {"uv": [13.75, 13, 12.75, 16], "rotation": 180, "texture": "#17"},
				"east": {"uv": [11.5, 13, 10.5, 16], "rotation": 180, "texture": "#17"},
				"south": {"uv": [11.5, 13, 10.5, 16], "rotation": 180, "texture": "#17"},
				"west": {"uv": [11, 13, 10, 16], "rotation": 180, "texture": "#17"},
				"up": {"uv": [11, 12, 10, 13], "rotation": 90, "texture": "#17"},
				"down": {"uv": [10, 12, 9, 13], "rotation": 270, "texture": "#17"}
			}
		},
		{
			"from": [0.56, 1.95, 3.3725],
			"to": [0.76, 2.55, 3.5725],
			"rotation": {"angle": 22.5, "axis": "z", "origin": [-6.27703, -4.79147, -1.99]},
			"faces": {
				"north": {"uv": [9, 13, 8, 16], "rotation": 180, "texture": "#17"},
				"east": {"uv": [11.5, 13, 10.5, 16], "rotation": 180, "texture": "#17"},
				"south": {"uv": [11.5, 13, 10.5, 16], "rotation": 180, "texture": "#17"},
				"west": {"uv": [11, 13, 10, 16], "rotation": 180, "texture": "#17"},
				"up": {"uv": [11, 12, 10, 13], "rotation": 90, "texture": "#17"},
				"down": {"uv": [10, 12, 9, 13], "rotation": 270, "texture": "#17"}
			}
		},
		{
			"from": [-2.4, 3.6, 3.3625],
			"to": [-2, 4.2, 3.5625],
			"rotation": {"angle": 0, "axis": "y", "origin": [4.75, 11.25, -2]},
			"faces": {
				"north": {"uv": [7, 5, 5, 8], "texture": "#17"},
				"east": {"uv": [8, 5, 7, 8], "texture": "#17"},
				"south": {"uv": [10, 5, 8, 8], "texture": "#17"},
				"west": {"uv": [5, 5, 4, 8], "texture": "#17"},
				"up": {"uv": [7, 4, 5, 5], "rotation": 90, "texture": "#17"},
				"down": {"uv": [9, 4, 7, 5], "rotation": 270, "texture": "#17"}
			}
		},
		{
			"from": [-2.4, 4.2, 3.25],
			"to": [-2, 4.6, 3.65],
			"rotation": {"angle": 0, "axis": "y", "origin": [4.75, 12, -2]},
			"faces": {
				"north": {"uv": [4, 2, 2, 4], "texture": "#17"},
				"east": {"uv": [6, 2, 4, 4], "texture": "#17"},
				"south": {"uv": [8, 2, 6, 4], "texture": "#17"},
				"west": {"uv": [2, 2, 0, 4], "texture": "#17"},
				"up": {"uv": [4, 0, 2, 2], "rotation": 90, "texture": "#17"},
				"down": {"uv": [6, 0, 4, 2], "rotation": 270, "texture": "#17"}
			}
		},
		{
			"from": [-2.43, 4.15, 3.2],
			"to": [-1.98, 4.6, 3.2],
			"rotation": {"angle": 0, "axis": "y", "origin": [4.75, 12, -2]},
			"faces": {
				"north": {"uv": [12, 2, 10, 4], "texture": "#17"},
				"east": {"uv": [6, 2, 4, 4], "texture": "#17"},
				"south": {"uv": [8, 2, 6, 4], "texture": "#17"},
				"west": {"uv": [2, 2, 0, 4], "texture": "#17"},
				"up": {"uv": [4, 0, 2, 2], "rotation": 90, "texture": "#17"},
				"down": {"uv": [6, 0, 4, 2], "rotation": 270, "texture": "#17"}
			}
		},
		{
			"from": [18, 3, 3.3625],
			"to": [18.2, 3.6, 3.5625],
			"rotation": {"angle": 0, "axis": "z", "origin": [11.25, 10.75, -2]},
			"faces": {
				"north": {"uv": [7, 13, 8, 16], "texture": "#17"},
				"east": {"uv": [5, 13, 6, 16], "texture": "#17"},
				"south": {"uv": [6, 13, 7, 16], "texture": "#17"},
				"west": {"uv": [4, 13, 5, 16], "texture": "#17"},
				"up": {"uv": [5, 16, 4, 13], "rotation": 90, "texture": "#17"},
				"down": {"uv": [5, 16, 4, 13], "rotation": 270, "texture": "#17"}
			}
		},
		{
			"from": [18.2, 3, 3.3625],
			"to": [18.4, 3.6, 3.5625],
			"rotation": {"angle": 0, "axis": "z", "origin": [11.5125, 10.75, -2]},
			"faces": {
				"north": {"uv": [7, 13, 8, 16], "texture": "#17"},
				"east": {"uv": [5, 13, 6, 16], "texture": "#17"},
				"south": {"uv": [6, 13, 7, 16], "texture": "#17"},
				"west": {"uv": [4, 13, 5, 16], "texture": "#17"},
				"up": {"uv": [5, 16, 4, 13], "rotation": 90, "texture": "#17"},
				"down": {"uv": [5, 16, 4, 13], "rotation": 270, "texture": "#17"}
			}
		},
		{
			"from": [21.1, 5.7, 3.3725],
			"to": [21.3, 6.3, 3.5725],
			"rotation": {"angle": -22.5, "axis": "z", "origin": [14.36207, 13.38396, -1.99]},
			"faces": {
				"north": {"uv": [8, 13, 9, 16], "texture": "#17"},
				"east": {"uv": [10.5, 13, 11.5, 16], "texture": "#17"},
				"south": {"uv": [10.5, 13, 11.5, 16], "texture": "#17"},
				"west": {"uv": [10, 13, 11, 16], "texture": "#17"},
				"up": {"uv": [10, 13, 9, 12], "rotation": 90, "texture": "#17"},
				"down": {"uv": [11, 13, 10, 12], "rotation": 270, "texture": "#17"}
			}
		},
		{
			"from": [21.1, 5.7, 3.3625],
			"to": [21.3, 6.3, 3.3625],
			"rotation": {"angle": -22.5, "axis": "z", "origin": [14.36207, 13.38396, -1.99]},
			"faces": {
				"north": {"uv": [12.75, 13, 13.75, 16], "texture": "#17"},
				"east": {"uv": [11, 13, 12, 16], "texture": "#17"},
				"south": {"uv": [10.5, 13, 11.5, 16], "texture": "#17"},
				"west": {"uv": [10, 13, 11, 16], "texture": "#17"},
				"up": {"uv": [10, 13, 9, 12], "rotation": 90, "texture": "#17"},
				"down": {"uv": [11, 13, 10, 12], "rotation": 270, "texture": "#17"}
			}
		},
		{
			"from": [15.24, 1.95, 3.3625],
			"to": [15.44, 2.55, 3.3625],
			"rotation": {"angle": -22.5, "axis": "z", "origin": [22.27703, -4.79147, -1.74]},
			"faces": {
				"north": {"uv": [12.75, 13, 13.75, 16], "rotation": 180, "texture": "#17"},
				"east": {"uv": [10, 13, 11, 16], "rotation": 180, "texture": "#17"},
				"south": {"uv": [10.5, 13, 11.5, 16], "rotation": 180, "texture": "#17"},
				"west": {"uv": [10.5, 13, 11.5, 16], "rotation": 180, "texture": "#17"},
				"up": {"uv": [11, 13, 10, 12], "rotation": 90, "texture": "#17"},
				"down": {"uv": [10, 13, 9, 12], "rotation": 270, "texture": "#17"}
			}
		},
		{
			"from": [15.24, 1.95, 3.3725],
			"to": [15.44, 2.55, 3.5725],
			"rotation": {"angle": -22.5, "axis": "z", "origin": [22.27703, -4.79147, -1.99]},
			"faces": {
				"north": {"uv": [8, 13, 9, 16], "rotation": 180, "texture": "#17"},
				"east": {"uv": [10, 13, 11, 16], "rotation": 180, "texture": "#17"},
				"south": {"uv": [10.5, 13, 11.5, 16], "rotation": 180, "texture": "#17"},
				"west": {"uv": [10.5, 13, 11.5, 16], "rotation": 180, "texture": "#17"},
				"up": {"uv": [11, 13, 10, 12], "rotation": 90, "texture": "#17"},
				"down": {"uv": [10, 13, 9, 12], "rotation": 270, "texture": "#17"}
			}
		},
		{
			"from": [18, 3.6, 3.3625],
			"to": [18.4, 4.2, 3.5625],
			"rotation": {"angle": 0, "axis": "y", "origin": [11.25, 11.25, -2]},
			"faces": {
				"north": {"uv": [5, 5, 7, 8], "texture": "#17"},
				"east": {"uv": [4, 5, 5, 8], "texture": "#17"},
				"south": {"uv": [8, 5, 10, 8], "texture": "#17"},
				"west": {"uv": [7, 5, 8, 8], "texture": "#17"},
				"up": {"uv": [7, 5, 5, 4], "rotation": 90, "texture": "#17"},
				"down": {"uv": [9, 5, 7, 4], "rotation": 270, "texture": "#17"}
			}
		},
		{
			"from": [18, 4.2, 3.25],
			"to": [18.4, 4.6, 3.65],
			"rotation": {"angle": 0, "axis": "y", "origin": [11.25, 12, -2]},
			"faces": {
				"north": {"uv": [2, 2, 4, 4], "texture": "#17"},
				"east": {"uv": [0, 2, 2, 4], "texture": "#17"},
				"south": {"uv": [6, 2, 8, 4], "texture": "#17"},
				"west": {"uv": [4, 2, 6, 4], "texture": "#17"},
				"up": {"uv": [4, 2, 2, 0], "rotation": 90, "texture": "#17"},
				"down": {"uv": [6, 2, 4, 0], "rotation": 270, "texture": "#17"}
			}
		},
		{
			"from": [17.98, 4.15, 3.2],
			"to": [18.43, 4.6, 3.2],
			"rotation": {"angle": 0, "axis": "y", "origin": [11.25, 12, -2]},
			"faces": {
				"north": {"uv": [10, 2, 12, 4], "texture": "#17"},
				"east": {"uv": [0, 2, 2, 4], "texture": "#17"},
				"south": {"uv": [6, 2, 8, 4], "texture": "#17"},
				"west": {"uv": [4, 2, 6, 4], "texture": "#17"},
				"up": {"uv": [4, 2, 2, 0], "rotation": 90, "texture": "#17"},
				"down": {"uv": [6, 2, 4, 0], "rotation": 270, "texture": "#17"}
			}
		}
	],
	"display": {
		"thirdperson_righthand": {
			"translation": [0, 0, -1.5],
			"scale": [0.21, 0.2, 0.2]
		},
		"thirdperson_lefthand": {
			"translation": [0, 0, -1.5],
			"scale": [0.2, 0.2, 0.2]
		},
		"firstperson_righthand": {
			"rotation": [0, 128, 0],
			"translation": [0, 5.5, 0],
			"scale": [0.5, 0.5, 0.5]
		},
		"firstperson_lefthand": {
			"rotation": [0, 128, 0],
			"translation": [0, 5.5, 0],
			"scale": [0.5, 0.5, 0.5]
		},
		"ground": {
			"scale": [0.35, 0.35, 0.35]
		},
		"gui": {
			"rotation": [0, -180, 0],
			"translation": [0, 1.5, 0],
			"scale": [0.4, 0.4, 0.4]
		},
		"head": {
			"rotation": [6, 0, 0],
			"translation": [0, 10, -1.5],
			"scale": [0.38, 0.5, 0.5]
		},
		"fixed": {
			"rotation": [-90, 0, 0],
			"translation": [0, -6, -14],
			"scale": [0.8, 0.8, 0.8]
		}
	},
	"groups": [
		{
			"name": "1",
			"origin": [1, 8, 16],
			"children": [
				{
					"name": "ikinokori",
					"origin": [1, 8, 16],
					"children": [0, 1, 2, 3, 4, 5, 6, 7, 8, 9, 10, 11, 12, 13, 14, 15, 16, 17, 18, 19, 20, 21, 22]
				}
			]
		},
		{
			"name": "2",
			"origin": [8, 8, 8],
			"children": [
				{
					"name": "group",
					"origin": [8, 8, 8],
					"children": [
						{
							"name": "group",
							"origin": [-1.70711, 8, 13.6066],
							"children": [23, 24, 25, 26, 27, 28, 29, 30, 31, 32, 33, 34, 35, 36, 37]
						},
						{
							"name": "group",
							"origin": [5.70711, 6, 13.6066],
							"children": [38, 39, 40, 41]
						},
						{
							"name": "group",
							"origin": [-1.70711, 8, 13.6066],
							"children": [42, 43, 44, 45, 46, 47, 48]
						}
					]
				},
				{
					"name": "group",
					"origin": [8, 8, 8],
					"children": [
						{
							"name": "group",
							"origin": [-1.70711, 8, 13.6066],
							"children": [49, 50, 51, 52, 53, 54, 55, 56, 57, 58, 59, 60, 61, 62, 63, 64, 65, 66, 67]
						},
						{
							"name": "group",
							"origin": [5.70711, 6, 13.6066],
							"children": [68, 69, 70, 71]
						},
						{
							"name": "group",
							"origin": [-1.70711, 8, 13.6066],
							"children": [72, 73, 74, 75]
						}
					]
				}
			]
		},
		{
			"name": "3",
			"origin": [8, 8, 8],
			"children": [
				{
					"name": "group",
					"origin": [16, 14, 8.25],
					"children": [76, 77, 78, 79, 80, 81, 82, 83, 84, 85, 86, 87, 88, 89, 90, 91, 92, 93, 94, 95, 96, 97, 98, 99]
				},
				{
					"name": "group",
					"origin": [-3.42063, 6, 14.73433],
					"children": [100, 101, 102, 103, 104, 105, 106, 107, 108, 109, 110, 111]
				},
				{
					"name": "group",
					"origin": [-3.42063, 6, 14.73433],
					"children": [112, 113, 114, 115, 116, 117, 118, 119, 120, 121, 122, 123, 124]
				}
			]
		},
		{
			"name": "4",
			"origin": [14.79196, 5, 16.52175],
			"children": [125, 126, 127, 128, 129, 130]
		},
		{
			"name": "houjou",
			"origin": [8, 8, 8],
			"children": [
				{
					"name": "group",
					"origin": [10.5, 14, -3.25],
					"children": [131, 132,
						{
							"name": "group",
							"origin": [5.1375, 11.35, -2],
							"children": [133, 134]
						},
						{
							"name": "group",
							"origin": [4.5375, 11.35, -2],
							"children": [135, 136]
						}, 137, 138, 139]
				}
			]
		},
		{
			"name": "houjou",
			"origin": [8, 8, 8],
			"children": [
				{
					"name": "group",
					"origin": [10.5, 14, -3.25],
					"children": [140, 141,
						{
							"name": "group",
							"origin": [5.1375, 11.35, -2],
							"children": [142, 143]
						},
						{
							"name": "group",
							"origin": [4.5375, 11.35, -2],
							"children": [144, 145]
						}, 146, 147, 148]
				}
			]
		}
	]
}