{
	"credit": "Made with Blockbench",
	"textures": {
		"1": "items/poi/doyo_figure_color"
	},
	"elements": [
		{
			"name": "head",
			"from": [6.25, 8, 0.25],
			"to": [9.75, 11, 3.25],
			"faces": {
				"north": {"uv": [4, 0, 7.5, 3.4], "texture": "#1"},
				"east": {"uv": [0, 0, 3, 3], "texture": "#1"},
				"south": {"uv": [8, 3, 11.5, 6.5], "rotation": 180, "texture": "#1"},
				"west": {"uv": [0, 0, 3, 3], "texture": "#1"},
				"up": {"uv": [3, 4, 6.5, 7], "texture": "#1"},
				"down": {"uv": [2, 3, 3.5, 4], "texture": "#1"}
			}
		},
		{
			"from": [7.75, 8.5, 0],
			"to": [8.25, 9.5, 1],
			"faces": {
				"north": {"uv": [6, 14, 6.5, 15], "texture": "#1"},
				"east": {"uv": [6, 14, 6.5, 15], "texture": "#1"},
				"south": {"uv": [6, 14, 6.5, 15], "texture": "#1"},
				"west": {"uv": [6, 14, 6.5, 15], "texture": "#1"},
				"up": {"uv": [6, 14, 6.5, 15], "texture": "#1"},
				"down": {"uv": [6, 14, 6.5, 15], "texture": "#1"}
			}
		},
		{
			"from": [8.25, 9.25, 0],
			"to": [8.5, 9.5, 1],
			"faces": {
				"north": {"uv": [6, 14, 6.5, 15], "texture": "#1"},
				"east": {"uv": [6, 14, 6.5, 15], "texture": "#1"},
				"south": {"uv": [6, 14, 6.5, 15], "texture": "#1"},
				"west": {"uv": [6, 14, 6.5, 15], "texture": "#1"},
				"up": {"uv": [6, 14, 6.5, 15], "texture": "#1"},
				"down": {"uv": [6, 14, 6.5, 15], "texture": "#1"}
			}
		},
		{
			"from": [7.94134, 8.03806, 0],
			"to": [8.44134, 8.53806, 1],
			"rotation": {"angle": 22.5, "axis": "z", "origin": [7.94134, 8.03806, 8]},
			"faces": {
				"north": {"uv": [6, 14, 6.5, 15], "texture": "#1"},
				"east": {"uv": [6, 14, 6.5, 15], "texture": "#1"},
				"south": {"uv": [6, 14, 6.5, 15], "texture": "#1"},
				"west": {"uv": [6, 14, 6.5, 15], "texture": "#1"},
				"up": {"uv": [6, 14, 6.5, 15], "texture": "#1"},
				"down": {"uv": [6, 14, 6.5, 15], "texture": "#1"}
			}
		},
		{
			"from": [8.44134, 8.03806, 0],
			"to": [8.69134, 8.28806, 1],
			"rotation": {"angle": 22.5, "axis": "z", "origin": [7.94134, 8.03806, 8]},
			"faces": {
				"north": {"uv": [6, 14, 6.5, 15], "texture": "#1"},
				"east": {"uv": [6, 14, 6.5, 15], "texture": "#1"},
				"south": {"uv": [6, 14, 6.5, 15], "texture": "#1"},
				"west": {"uv": [6, 14, 6.5, 15], "texture": "#1"},
				"up": {"uv": [6, 14, 6.5, 15], "texture": "#1"},
				"down": {"uv": [6, 14, 6.5, 15], "texture": "#1"}
			}
		},
		{
			"from": [7.875, 9.75, 0],
			"to": [8.125, 10, 1],
			"faces": {
				"north": {"uv": [6, 14, 6.5, 15], "texture": "#1"},
				"east": {"uv": [6, 14, 6.5, 15], "texture": "#1"},
				"south": {"uv": [6, 14, 6.5, 15], "texture": "#1"},
				"west": {"uv": [6, 14, 6.5, 15], "texture": "#1"},
				"up": {"uv": [6, 14, 6.5, 15], "texture": "#1"},
				"down": {"uv": [6, 14, 6.5, 15], "texture": "#1"}
			}
		},
		{
			"from": [8.875, 9.35, 0],
			"to": [9.125, 9.85, 1],
			"rotation": {"angle": 0, "axis": "y", "origin": [7.75, 8, 8]},
			"faces": {
				"north": {"uv": [3, 14, 4.25, 15], "texture": "#1"},
				"east": {"uv": [3, 14, 4.25, 15], "texture": "#1"},
				"south": {"uv": [3, 14, 4.25, 15], "texture": "#1"},
				"west": {"uv": [3, 14, 4.25, 15], "texture": "#1"},
				"up": {"uv": [3, 14, 4.25, 15], "texture": "#1"},
				"down": {"uv": [3, 14, 4.25, 15], "texture": "#1"}
			}
		},
		{
			"from": [10.44194, 9.56707, 0],
			"to": [10.69194, 9.81707, 1],
			"rotation": {"angle": 45, "axis": "z", "origin": [9.56694, 7.81707, 8]},
			"faces": {
				"north": {"uv": [3, 14, 4.25, 15], "texture": "#1"},
				"east": {"uv": [3, 14, 4.25, 15], "texture": "#1"},
				"south": {"uv": [3, 14, 4.25, 15], "texture": "#1"},
				"west": {"uv": [3, 14, 4.25, 15], "texture": "#1"},
				"up": {"uv": [3, 14, 4.25, 15], "texture": "#1"},
				"down": {"uv": [3, 14, 4.25, 15], "texture": "#1"}
			}
		},
		{
			"from": [7.60616, 10.48483, 0],
			"to": [7.85616, 10.73483, 1],
			"rotation": {"angle": 45, "axis": "z", "origin": [8.73116, 9.23483, 8]},
			"faces": {
				"north": {"uv": [3, 14, 4.25, 15], "texture": "#1"},
				"east": {"uv": [3, 14, 4.25, 15], "texture": "#1"},
				"south": {"uv": [3, 14, 4.25, 15], "texture": "#1"},
				"west": {"uv": [3, 14, 4.25, 15], "texture": "#1"},
				"up": {"uv": [3, 14, 4.25, 15], "texture": "#1"},
				"down": {"uv": [3, 14, 4.25, 15], "texture": "#1"}
			}
		},
		{
			"from": [6.875, 9.5, 0],
			"to": [7.125, 10, 1],
			"rotation": {"angle": 0, "axis": "y", "origin": [8.25, 8, 8]},
			"faces": {
				"north": {"uv": [3, 14, 4.25, 15], "texture": "#1"},
				"east": {"uv": [3, 14, 4.25, 15], "texture": "#1"},
				"south": {"uv": [3, 14, 4.25, 15], "texture": "#1"},
				"west": {"uv": [3, 14, 4.25, 15], "texture": "#1"},
				"up": {"uv": [3, 14, 4.25, 15], "texture": "#1"},
				"down": {"uv": [3, 14, 4.25, 15], "texture": "#1"}
			}
		},
		{
			"name": "body",
			"from": [6.75, 5.25, 0.75],
			"to": [9.25, 8, 2.75],
			"rotation": {"angle": 0, "axis": "y", "origin": [8, 5, 8]},
			"faces": {
				"north": {"uv": [13, 0, 16, 9.75], "texture": "#1"},
				"east": {"uv": [13, 0, 16, 9.75], "texture": "#1"},
				"south": {"uv": [13, 0, 16, 9.75], "texture": "#1"},
				"west": {"uv": [13, 0, 16, 9.75], "texture": "#1"},
				"up": {"uv": [13, 0, 16, 9.75], "texture": "#1"},
				"down": {"uv": [13, 0, 16, 9.75], "texture": "#1"}
			}
		},
		{
			"name": "body",
			"from": [5.75, 6.75, 1],
			"to": [10.25, 8, 2.5],
			"rotation": {"angle": 0, "axis": "y", "origin": [8, 5, 8]},
			"faces": {
				"north": {"uv": [13, 9, 15.5, 10.25], "texture": "#1"},
				"east": {"uv": [13, 9, 15.5, 10.25], "texture": "#1"},
				"south": {"uv": [13, 9, 15.5, 10.25], "texture": "#1"},
				"west": {"uv": [13, 9, 15.5, 10.25], "texture": "#1"},
				"up": {"uv": [13, 12, 15.5, 13.25], "texture": "#1"},
				"down": {"uv": [13, 12, 15.5, 13.25], "texture": "#1"}
			}
		},
		{
			"name": "body",
			"from": [7.8029, 4.20672, 0.5],
			"to": [10.3029, 5.95672, 2.75],
			"rotation": {"angle": 22.5, "axis": "z", "origin": [9.0529, 2.95672, 8]},
			"faces": {
				"north": {"uv": [8, 8, 10.5, 11.25], "rotation": 270, "texture": "#1"},
				"east": {"uv": [13, 9, 15.5, 10.25], "rotation": 270, "texture": "#1"},
				"south": {"uv": [13, 9, 15.5, 10.25], "rotation": 270, "texture": "#1"},
				"west": {"uv": [9, 11, 10.5, 12], "texture": "#1"},
				"up": {"uv": [13, 12, 15.5, 13.25], "rotation": 270, "texture": "#1"},
				"down": {"uv": [13, 12, 15.5, 13.25], "rotation": 270, "texture": "#1"}
			}
		},
		{
			"name": "body",
			"from": [6.1765, 3.29664, 0.75],
			"to": [8.6765, 5.29664, 2.75],
			"rotation": {"angle": -22.5, "axis": "z", "origin": [7.4265, 2.29664, 8]},
			"faces": {
				"north": {"uv": [13, 9, 15.5, 12.25], "rotation": 270, "texture": "#1"},
				"east": {"uv": [13, 9, 15.5, 10.25], "rotation": 270, "texture": "#1"},
				"south": {"uv": [13, 9, 15.5, 10.25], "rotation": 270, "texture": "#1"},
				"west": {"uv": [9, 11, 10.5, 11.25], "rotation": 270, "texture": "#1"},
				"up": {"uv": [13, 12, 15.5, 13.25], "rotation": 270, "texture": "#1"},
				"down": {"uv": [13, 12, 15.5, 13.25], "rotation": 270, "texture": "#1"}
			}
		},
		{
			"name": "body",
			"from": [6.66403, 2.74216, 1],
			"to": [8.96403, 3.74216, 3],
			"rotation": {"angle": 0, "axis": "z", "origin": [7.47806, 0.74216, 8]},
			"faces": {
				"north": {"uv": [13, 9, 15.5, 12.25], "rotation": 270, "texture": "#1"},
				"east": {"uv": [13, 9, 15.5, 10.25], "rotation": 270, "texture": "#1"},
				"south": {"uv": [13, 9, 15.5, 10.25], "rotation": 270, "texture": "#1"},
				"west": {"uv": [13, 12, 15.5, 13.25], "rotation": 270, "texture": "#1"},
				"up": {"uv": [13, 12, 15.5, 13.25], "rotation": 270, "texture": "#1"},
				"down": {"uv": [13, 12, 15.5, 13.25], "rotation": 270, "texture": "#1"}
			}
		},
		{
			"name": "armL",
			"from": [5, 6, 1.5],
			"to": [5.5, 8.5, 2],
			"rotation": {"angle": 22.5, "axis": "z", "origin": [2.75, 8.25, 8]},
			"faces": {
				"north": {"uv": [7, 14, 9.5, 14.5], "rotation": 270, "texture": "#1"},
				"east": {"uv": [7, 14, 9.5, 14.5], "rotation": 270, "texture": "#1"},
				"south": {"uv": [7, 14, 9.5, 14.5], "rotation": 270, "texture": "#1"},
				"west": {"uv": [7, 14, 9.5, 14.5], "rotation": 270, "texture": "#1"},
				"up": {"uv": [7, 14, 9.5, 14.5], "rotation": 270, "texture": "#1"},
				"down": {"uv": [7, 14, 9.5, 14.5], "rotation": 270, "texture": "#1"}
			}
		},
		{
			"name": "armR",
			"from": [10.5, 6, 1.5],
			"to": [11, 8.5, 2],
			"rotation": {"angle": -22.5, "axis": "z", "origin": [13.25, 8.25, 8]},
			"faces": {
				"north": {"uv": [5, 14.5, 7.5, 14], "rotation": 270, "texture": "#1"},
				"east": {"uv": [5, 14.5, 7.5, 14], "rotation": 270, "texture": "#1"},
				"south": {"uv": [5, 14.5, 7.5, 14], "rotation": 270, "texture": "#1"},
				"west": {"uv": [5, 14.5, 7.5, 14], "rotation": 270, "texture": "#1"},
				"up": {"uv": [5, 14.5, 7.5, 14], "rotation": 270, "texture": "#1"},
				"down": {"uv": [5, 14.5, 7.5, 14], "rotation": 270, "texture": "#1"}
			}
		},
		{
			"name": "block",
			"from": [9.62337, 9.99, 0.04],
			"to": [10.85663, 10.61, 2.84],
			"rotation": {"angle": 0, "axis": "y", "origin": [10.24, 13.09, 1.28]},
			"faces": {
				"north": {"uv": [1, 7, 4, 11], "rotation": 90, "texture": "#1"},
				"east": {"uv": [1, 7, 4, 11], "rotation": 90, "texture": "#1"},
				"south": {"uv": [1, 7, 4, 11], "rotation": 90, "texture": "#1"},
				"west": {"uv": [1, 11, 4, 12], "rotation": 90, "texture": "#1"},
				"up": {"uv": [1, 7, 4, 11], "rotation": 90, "texture": "#1"},
				"down": {"uv": [1, 11, 4, 12], "rotation": 90, "texture": "#1"}
			}
		},
		{
			"name": "block",
			"from": [9.62337, 9.99, 0.04],
			"to": [10.85663, 10.61, 2.84],
			"rotation": {"angle": -22.5, "axis": "z", "origin": [10.24, 13.09, 1.28]},
			"faces": {
				"north": {"uv": [1, 7, 4, 11], "rotation": 90, "texture": "#1"},
				"east": {"uv": [1, 7, 4, 11], "rotation": 90, "texture": "#1"},
				"south": {"uv": [1, 7, 4, 11], "rotation": 90, "texture": "#1"},
				"west": {"uv": [1, 11, 4, 12], "rotation": 90, "texture": "#1"},
				"up": {"uv": [1, 7, 4, 11], "rotation": 90, "texture": "#1"},
				"down": {"uv": [1, 11, 4, 12], "rotation": 90, "texture": "#1"}
			}
		},
		{
			"name": "block",
			"from": [9.62337, 9.99, 0.04],
			"to": [10.85663, 10.61, 2.84],
			"rotation": {"angle": -45, "axis": "z", "origin": [10.24, 13.09, 1.28]},
			"faces": {
				"north": {"uv": [1, 7, 4, 11], "rotation": 90, "texture": "#1"},
				"east": {"uv": [1, 7, 4, 11], "rotation": 90, "texture": "#1"},
				"south": {"uv": [1, 7, 4, 11], "rotation": 90, "texture": "#1"},
				"west": {"uv": [1, 11, 4, 12], "rotation": 90, "texture": "#1"},
				"up": {"uv": [1, 7, 4, 11], "rotation": 90, "texture": "#1"},
				"down": {"uv": [1, 11, 4, 12], "rotation": 90, "texture": "#1"}
			}
		},
		{
			"name": "block",
			"from": [7.14, 12.47337, 0.04],
			"to": [7.76, 13.70663, 2.84],
			"rotation": {"angle": 22.5, "axis": "z", "origin": [10.24, 13.09, 1.28]},
			"faces": {
				"north": {"uv": [1, 7, 4, 11], "rotation": 270, "texture": "#1"},
				"east": {"uv": [1, 7, 4, 11], "rotation": 270, "texture": "#1"},
				"south": {"uv": [1, 7, 4, 11], "rotation": 270, "texture": "#1"},
				"west": {"uv": [1, 11, 4, 12], "rotation": 270, "texture": "#1"},
				"up": {"uv": [1, 7, 4, 11], "rotation": 270, "texture": "#1"},
				"down": {"uv": [1, 7, 4, 11], "rotation": 270, "texture": "#1"}
			}
		},
		{
			"name": "block",
			"from": [9.49, 9.37337, 0.04],
			"to": [10.86, 10.60663, 2.84],
			"rotation": {"angle": 22.5, "axis": "z", "origin": [7.76, 9.99, 1.28]},
			"faces": {
				"north": {"uv": [1, 7, 4, 11], "rotation": 270, "texture": "#1"},
				"east": {"uv": [1, 7, 4, 11], "rotation": 270, "texture": "#1"},
				"south": {"uv": [1, 7, 4, 11], "rotation": 270, "texture": "#1"},
				"west": {"uv": [1, 7, 4, 11], "rotation": 270, "texture": "#1"},
				"up": {"uv": [1, 7, 4, 11], "rotation": 270, "texture": "#1"},
				"down": {"uv": [1, 7, 4, 11], "rotation": 270, "texture": "#1"}
			}
		},
		{
			"name": "block",
			"from": [9.24, 9.37337, 0.04],
			"to": [10.86, 10.60663, 2.84],
			"rotation": {"angle": 45, "axis": "z", "origin": [7.76, 9.99, 1.28]},
			"faces": {
				"north": {"uv": [1, 7, 4, 11], "rotation": 270, "texture": "#1"},
				"east": {"uv": [1, 7, 4, 11], "rotation": 270, "texture": "#1"},
				"south": {"uv": [1, 7, 4, 11], "rotation": 270, "texture": "#1"},
				"west": {"uv": [1, 7, 4, 11], "rotation": 270, "texture": "#1"},
				"up": {"uv": [1, 7, 4, 11], "rotation": 270, "texture": "#1"},
				"down": {"uv": [1, 7, 4, 11], "rotation": 270, "texture": "#1"}
			}
		},
		{
			"name": "block",
			"from": [7.14337, 11.22, 0.04],
			"to": [8.37663, 13.09, 2.84],
			"rotation": {"angle": -22.5, "axis": "z", "origin": [7.76, 9.99, 1.28]},
			"faces": {
				"north": {"uv": [1, 7, 4, 11], "rotation": 90, "texture": "#1"},
				"east": {"uv": [1, 7, 4, 11], "rotation": 90, "texture": "#1"},
				"south": {"uv": [1, 7, 4, 11], "rotation": 90, "texture": "#1"},
				"west": {"uv": [1, 7, 4, 11], "rotation": 90, "texture": "#1"},
				"up": {"uv": [1, 7, 4, 11], "rotation": 90, "texture": "#1"},
				"down": {"uv": [1, 7, 4, 11], "rotation": 90, "texture": "#1"}
			}
		},
		{
			"name": "block",
			"from": [6.64337, 11.97, 0.04],
			"to": [7.37663, 12.59, 2.84],
			"rotation": {"angle": -22.5, "axis": "z", "origin": [7.76, 9.99, 1.28]},
			"faces": {
				"north": {"uv": [1, 7, 4, 11], "rotation": 90, "texture": "#1"},
				"east": {"uv": [1, 7, 4, 11], "rotation": 90, "texture": "#1"},
				"south": {"uv": [1, 7, 4, 11], "rotation": 90, "texture": "#1"},
				"west": {"uv": [1, 7, 4, 11], "rotation": 90, "texture": "#1"},
				"up": {"uv": [1, 7, 4, 11], "rotation": 90, "texture": "#1"},
				"down": {"uv": [1, 7, 4, 11], "rotation": 90, "texture": "#1"}
			}
		},
		{
			"name": "block",
			"from": [7.14337, 12.47, 0.04],
			"to": [8.37663, 13.09, 2.84],
			"rotation": {"angle": 0, "axis": "z", "origin": [7.76, 9.99, 1.28]},
			"faces": {
				"north": {"uv": [1, 7, 4, 11], "rotation": 90, "texture": "#1"},
				"east": {"uv": [1, 7, 4, 11], "rotation": 90, "texture": "#1"},
				"south": {"uv": [1, 7, 4, 11], "rotation": 90, "texture": "#1"},
				"west": {"uv": [1, 11, 4, 12], "rotation": 90, "texture": "#1"},
				"up": {"uv": [1, 7, 4, 11], "rotation": 90, "texture": "#1"},
				"down": {"uv": [1, 7, 4, 11], "rotation": 90, "texture": "#1"}
			}
		}
	],
	"display": {
		"thirdperson_righthand": {
			"rotation": [90, 0, 0],
			"translation": [0.5, -3.25, 13.25],
			"scale": [0.3, 0.3, 0.3]
		},
		"thirdperson_lefthand": {
			"rotation": [90, 0, 0],
			"translation": [0.5, -3.25, 13.25],
			"scale": [0.3, 0.3, 0.3]
		},
		"firstperson_righthand": {
			"rotation": [0, 132, 0],
			"translation": [11.25, 0, -9]
		},
		"firstperson_lefthand": {
			"rotation": [0, 132, 0],
			"translation": [11.25, 0, -9]
		},
		"gui": {
			"rotation": [0, -180, 0]
		},
		"head": {
			"translation": [0, 11.5, 6]
		},
		"fixed": {
			"rotation": [-90, 0, 0],
			"translation": [0, 7.5, -5.25]
		}
	},
	"groups": [
		{
			"name": "head",
			"origin": [7.94134, 8.03806, 8],
			"children": [0,
				{
					"name": "j",
					"origin": [7.94134, 8.03806, 8],
					"children": [1, 2, 3, 4, 5]
				},
				{
					"name": "eyes",
					"origin": [8, 8, 8],
					"children": [6, 7, 8, 9]
				}
			]
		},
		{
			"name": "body",
			"origin": [7.47806, 1.74216, 8],
			"children": [10, 11, 12, 13, 14]
		},
		{
			"name": "arms",
			"origin": [13.25, 8.25, 8],
			"children": [15, 16]
		},
		{
			"name": "hat",
			"origin": [8, 8, 8],
			"children": [17, 18, 19, 20, 21, 22, 23, 24, 25]
		}
	]
}