{
	"credit": "Made with Blockbench",
	"textures": {
		"1": "blocks/bee_nest_side",
		"2": "items/poi/saturnring",
		"particle": "items/poi/saturnring"
	},
	"elements": [
		{
			"from": [4.5412, 5.30656, 8.25],
			"to": [6.7912, 6.30656, 8.75],
			"rotation": {"angle": 22.5, "axis": "z", "origin": [5.5412, 7.30656, 8]},
			"faces": {
				"north": {"uv": [0, 0, 2.25, 1], "texture": "#2"},
				"east": {"uv": [0, 0, 0.5, 1], "texture": "#2"},
				"south": {"uv": [0, 0, 2.25, 1], "texture": "#2"},
				"west": {"uv": [0, 0, 0.5, 1], "texture": "#2"},
				"up": {"uv": [0, 0, 2.25, 0.5], "texture": "#2"},
				"down": {"uv": [0, 0, 2.25, 0.5], "texture": "#2"}
			}
		},
		{
			"from": [9.2088, 5.30656, 8.25],
			"to": [11.4588, 6.30656, 8.75],
			"rotation": {"angle": -22.5, "axis": "z", "origin": [10.4588, 7.30656, 8]},
			"faces": {
				"north": {"uv": [2, 0, 4.25, 1], "texture": "#2"},
				"east": {"uv": [1, 0, 1.5, 1], "texture": "#2"},
				"south": {"uv": [2, 0, 4.25, 1], "texture": "#2"},
				"west": {"uv": [1, 0, 1.5, 1], "texture": "#2"},
				"up": {"uv": [2, 0, 4.25, 0.5], "texture": "#2"},
				"down": {"uv": [2, 0, 4.25, 0.5], "texture": "#2"}
			}
		},
		{
			"from": [7, 6, 7.5],
			"to": [9, 7, 9.5],
			"faces": {
				"north": {"uv": [5, 1, 7, 2], "texture": "#2"},
				"east": {"uv": [0, 0, 2, 1], "texture": "#2"},
				"south": {"uv": [0, 0, 2, 1], "texture": "#2"},
				"west": {"uv": [0, 0, 2, 1], "texture": "#2"},
				"up": {"uv": [2, 0, 4, 2], "texture": "#2"},
				"down": {"uv": [0, 0, 2, 2], "rotation": 180, "texture": "#2"}
			}
		},
		{
			"from": [5, 5, 8],
			"to": [11, 6, 9],
			"faces": {
				"north": {"uv": [8, 13, 14, 14], "texture": "#2"},
				"east": {"uv": [4, 1, 5, 2], "rotation": 90, "texture": "#2"},
				"south": {"uv": [10, 7, 11, 13], "rotation": 90, "texture": "#2"},
				"west": {"uv": [0, 0, 1, 1], "texture": "#2"},
				"up": {"uv": [0, 0, 6, 1], "texture": "#2"},
				"down": {"uv": [10, 0, 16, 1], "texture": "#2"}
			}
		},
		{
			"from": [5, 2, 8],
			"to": [6, 5, 9],
			"faces": {
				"north": {"uv": [4, 1, 5, 2], "rotation": 90, "texture": "#2"},
				"east": {"uv": [3, 0, 6, 1], "rotation": 90, "texture": "#2"},
				"south": {"uv": [4, 1, 5, 2], "rotation": 90, "texture": "#2"},
				"west": {"uv": [4, 1, 5, 2], "rotation": 90, "texture": "#2"},
				"up": {"uv": [4, 1, 5, 2], "rotation": 90, "texture": "#2"},
				"down": {"uv": [2, 0, 3, 1], "rotation": 90, "texture": "#2"}
			}
		},
		{
			"from": [10, 2, 8],
			"to": [11, 5, 9],
			"rotation": {"angle": 0, "axis": "y", "origin": [13, 8, 8]},
			"faces": {
				"north": {"uv": [10, 12, 11, 15], "texture": "#2"},
				"east": {"uv": [4, 1, 7, 2], "rotation": 90, "texture": "#2"},
				"south": {"uv": [10, 12, 13, 13], "rotation": 90, "texture": "#2"},
				"west": {"uv": [0, 0, 1, 3], "texture": "#2"},
				"up": {"uv": [0, 0, 6, 1], "texture": "#missing"},
				"down": {"uv": [10, 0, 11, 1], "texture": "#2"}
			}
		},
		{
			"from": [8.75, 8, 7.75],
			"to": [9.75, 8, 9.25],
			"rotation": {"angle": -22.5, "axis": "x", "origin": [8, 8, 8.5]},
			"faces": {
				"north": {"uv": [1, 4, 3.5, 9], "rotation": 180, "texture": "#2"},
				"east": {"uv": [1, 4, 3.5, 9], "rotation": 180, "texture": "#2"},
				"south": {"uv": [1, 4, 3.5, 9], "rotation": 180, "texture": "#2"},
				"west": {"uv": [1, 4, 3.5, 9], "rotation": 180, "texture": "#2"},
				"up": {"uv": [1, 4, 3.5, 9], "rotation": 180, "texture": "#2"},
				"down": {"uv": [1, 4, 3.5, 9], "rotation": 180, "texture": "#2"}
			}
		},
		{
			"from": [6.25, 8, 9.25],
			"to": [9.75, 8, 10.25],
			"rotation": {"angle": -22.5, "axis": "x", "origin": [8, 8, 8.5]},
			"faces": {
				"north": {"uv": [1, 8, 10, 11], "texture": "#2"},
				"east": {"uv": [1, 8, 10, 11], "texture": "#2"},
				"south": {"uv": [1, 8, 10, 11], "texture": "#2"},
				"west": {"uv": [1, 8, 10, 11], "texture": "#2"},
				"up": {"uv": [1, 8, 10, 11], "texture": "#2"},
				"down": {"uv": [1, 8, 10, 11], "rotation": 180, "texture": "#2"}
			}
		},
		{
			"from": [6.25, 8, 7.75],
			"to": [7.25, 8, 9.25],
			"rotation": {"angle": -22.5, "axis": "x", "origin": [8, 8, 8.5]},
			"faces": {
				"north": {"uv": [7, 4, 9.5, 9], "texture": "#2"},
				"east": {"uv": [7, 4, 9.5, 9], "texture": "#2"},
				"south": {"uv": [7, 4, 9.5, 9], "texture": "#2"},
				"west": {"uv": [7, 4, 9.5, 9], "texture": "#2"},
				"up": {"uv": [7, 4, 9.5, 9], "texture": "#2"},
				"down": {"uv": [7, 4, 9.5, 9], "texture": "#2"}
			}
		},
		{
			"from": [6.25, 8, 6.75],
			"to": [9.75, 8, 7.75],
			"rotation": {"angle": -22.5, "axis": "x", "origin": [8, 8, 8.5]},
			"faces": {
				"north": {"uv": [1, 2, 10, 5], "texture": "#2"},
				"east": {"uv": [1, 2, 10, 5], "texture": "#2"},
				"south": {"uv": [1, 2, 10, 5], "texture": "#2"},
				"west": {"uv": [1, 2, 10, 5], "texture": "#2"},
				"up": {"uv": [1, 2, 10, 5], "texture": "#2"},
				"down": {"uv": [1, 2, 10, 5], "rotation": 180, "texture": "#2"}
			}
		},
		{
			"from": [7.5, 7.5, 8],
			"to": [8.5, 8.5, 9],
			"rotation": {"angle": 0, "axis": "y", "origin": [8, 8, 8.5]},
			"faces": {
				"north": {"uv": [2, 0, 3, 1], "texture": "#1"},
				"east": {"uv": [4, 0, 5, 1], "texture": "#1"},
				"south": {"uv": [0, 0, 1, 1], "texture": "#1"},
				"west": {"uv": [3, 1, 4, 2], "texture": "#1"},
				"up": {"uv": [0, 0, 1, 1], "texture": "#1"},
				"down": {"uv": [4, 2, 5, 3], "texture": "#1"}
			}
		}
	],
	"display": {
		"thirdperson_righthand": {
			"translation": [0, 1.25, 1.5],
			"scale": [0.55, 0.55, 0.56]
		},
		"thirdperson_lefthand": {
			"translation": [0, 1.25, 1],
			"scale": [0.55, 0.55, 0.55]
		},
		"firstperson_righthand": {
			"rotation": [0, -180, 0],
			"translation": [0.75, 2.5, 0]
		},
		"firstperson_lefthand": {
			"translation": [0.75, 2.5, 0]
		},
		"gui": {
			"translation": [0, 2.75, 0]
		},
		"head": {
			"rotation": [0, 89, 0],
			"translation": [-1.25, 8.25, -0.5],
			"scale": [1.95, 1.95, 1.95]
		},
		"fixed": {
			"rotation": [-26, 0, 0],
			"translation": [0, 2.75, -3]
		}
	},
	"groups": [
		{
			"name": "main",
			"origin": [8, 8, 8],
			"children": [0, 1, 2, 3, 4, 5]
		},
		{
			"name": "sub",
			"origin": [8, 8, 8.5],
			"children": [6, 7, 8, 9, 10]
		}
	]
}