{
    "parent": "item/generated",
    "textures": {
        "layer0": "item/apple"
    },
	"overrides": [
		{ "predicate": {"custom_model_data": 1}, "model": "item/rlaiy_item/rlaiy_apple_1"},
		{ "predicate": {"custom_model_data": 2}, "model": "item/rlaiy_item/rlaiy_apple_2"},
		{ "predicate": {"custom_model_data": 3}, "model": "item/rlaiy_item/rlaiy_apple_3"},
		{ "predicate": {"custom_model_data": 4}, "model": "item/rlaiy_item/rlaiy_apple_4"},
		{ "predicate": {"custom_model_data": 5}, "model": "item/rlaiy_item/rlaiy_apple_5"},
		{ "predicate": {"custom_model_data": 6}, "model": "item/rlaiy_item/rlaiy_apple_6"},
		{ "predicate": {"custom_model_data": 7}, "model": "item/rlaiy_item/rlaiy_apple_7"},
		{ "predicate": {"custom_model_data": 8}, "model": "item/rlaiy_item/rlaiy_apple_8"},
		{ "predicate": {"custom_model_data": 9}, "model": "item/rlaiy_item/rlaiy_apple_9"},
		{ "predicate": {"custom_model_data": 10}, "model": "item/rlaiy_item/rlaiy_apple_10"},
		{ "predicate": {"custom_model_data": 11}, "model": "item/rlaiy_item/rlaiy_apple_11"},
		{ "predicate": {"custom_model_data": 12}, "model": "item/rlaiy_item/rlaiy_apple_12"},
		{ "predicate": {"custom_model_data": 13}, "model": "item/rlaiy_item/rlaiy_apple_13"},
		{ "predicate": {"custom_model_data": 14}, "model": "item/rlaiy_item/rlaiy_apple_14"},
		{ "predicate": {"custom_model_data": 15}, "model": "item/rlaiy_item/rlaiy_apple_15"}
	]
}
