{
	"parent": "item/handheld",
	"textures": {
		"layer0": "item/glistering_melon_slice"
	},
	"overrides": [
		{ "predicate": {"damaged": 0, "damage": 0}, "model": "item/glistering_melon_slice"},
		{ "predicate": {"custom_model_data": 1}, "model": "item/rlaiy_item/rlaiy_item_1"},
		{ "predicate": {"custom_model_data": 2}, "model": "item/rlaiy_item/rlaiy_item_2"},
		{ "predicate": {"custom_model_data": 3}, "model": "item/rlaiy_item/rlaiy_item_3"},
		{ "predicate": {"custom_model_data": 4}, "model": "item/rlaiy_item/rlaiy_item_4"},
		{ "predicate": {"custom_model_data": 5}, "model": "item/rlaiy_item/rlaiy_item_5"},
		{ "predicate": {"custom_model_data": 6}, "model": "item/rlaiy_item/rlaiy_item_6"},
		{ "predicate": {"custom_model_data": 7}, "model": "item/rlaiy_item/rlaiy_item_7"},
		{ "predicate": {"custom_model_data": 8}, "model": "item/rlaiy_item/rlaiy_item_8"},
		{ "predicate": {"custom_model_data": 9}, "model": "item/rlaiy_item/rlaiy_item_9"},
		{ "predicate": {"custom_model_data": 10}, "model": "item/rlaiy_item/rlaiy_item_10"},
		{ "predicate": {"custom_model_data": 11}, "model": "item/rlaiy_item/rlaiy_item_11"},
		{ "predicate": {"custom_model_data": 12}, "model": "item/rlaiy_item/rlaiy_item_12"},
		{ "predicate": {"custom_model_data": 13}, "model": "item/rlaiy_item/rlaiy_item_13"},
		{ "predicate": {"custom_model_data": 14}, "model": "item/rlaiy_item/rlaiy_item_14"},
		{ "predicate": {"custom_model_data": 15}, "model": "item/rlaiy_item/rlaiy_item_15"},
		{ "predicate": {"custom_model_data": 16}, "model": "item/rlaiy_item/rlaiy_item_16"},
		{ "predicate": {"custom_model_data": 17}, "model": "item/rlaiy_item/rlaiy_item_17"},
		{ "predicate": {"custom_model_data": 18}, "model": "item/rlaiy_item/rlaiy_item_18"},
		{ "predicate": {"custom_model_data": 19}, "model": "item/rlaiy_item/rlaiy_item_19"},
		{ "predicate": {"custom_model_data": 20}, "model": "item/rlaiy_item/rlaiy_item_20"},
		{ "predicate": {"custom_model_data": 21}, "model": "item/rlaiy_item/rlaiy_item_21"},
		{ "predicate": {"custom_model_data": 22}, "model": "item/rlaiy_item/rlaiy_item_22"},
		{ "predicate": {"custom_model_data": 23}, "model": "item/rlaiy_item/rlaiy_item_23"},
		{ "predicate": {"custom_model_data": 24}, "model": "item/rlaiy_item/rlaiy_item_24"},
		{ "predicate": {"custom_model_data": 25}, "model": "item/rlaiy_item/rlaiy_item_25"},
		{ "predicate": {"custom_model_data": 26}, "model": "item/rlaiy_item/rlaiy_item_26"},
		{ "predicate": {"custom_model_data": 27}, "model": "item/rlaiy_item/rlaiy_item_27"}
	]
}