{
  "parent": "item/generated",
  "textures": {
    "layer0": "item/iron_horse_armor"
  },
	"overrides": [
		{ "predicate": {"custom_model_data": 0}, "model": "item/iron_horse_armor"},
		{ "predicate": {"custom_model_data": 1}, "model": "item/eyama/mg"},
		{ "predicate": {"custom_model_data": 2}, "model": "item/eyama/missile"},
                { "predicate": {"custom_model_data": 3}, "model": "item/eyama/bz"}, 
                { "predicate": {"custom_model_data": 4}, "model": "item/eyama/zkmg"},
		{ "predicate": {"custom_model_data": 5}, "model": "item/eyama/bl"},
                { "predicate": {"custom_model_data": 10}, "model": "item/eyama/amehel"},
                { "predicate": {"custom_model_data": 11}, "model": "item/eyama/helmetnfl"},
                { "predicate": {"custom_model_data": 12}, "model": "item/helmetj/helmetj1"},
                { "predicate": {"custom_model_data": 13}, "model": "item/helmetj/helmetj1l"},
                { "predicate": {"custom_model_data": 14}, "model": "item/helmetj/helmetj1r"},
                { "predicate": {"custom_model_data": 15}, "model": "item/helmetj/helmetj1t"},
                { "predicate": {"custom_model_data": 16}, "model": "item/helmetj/helmetj2"},
                { "predicate": {"custom_model_data": 17}, "model": "item/helmetj/helmetj2l"},
                { "predicate": {"custom_model_data": 18}, "model": "item/helmetj/helmetj2r"},
                { "predicate": {"custom_model_data": 19}, "model": "item/helmetj/helmetj2t"},
                { "predicate": {"custom_model_data": 50}, "model": "item/eyama/pcd"},
                { "predicate": {"custom_model_data": 51}, "model": "item/eyama/pcnm"},
                { "predicate": {"custom_model_data": 52}, "model": "item/eyama/pcn"},
                { "predicate": {"custom_model_data": 53}, "model": "item/eyama/ccup"},
                { "predicate": {"custom_model_data": 1000}, "model": "item/iron_horse_armor"}
               ]
}