{
	"parent": "item/handheld",
	"textures": {
		"layer0": "item/netherite_sword"
	},
	"overrides": [
		{ "predicate": {"custom_model_data": 0}, "model": "item/netherite_sword"},
		{ "predicate": {"custom_model_data": 1}, "model": "item/rlaiy_swords/rlaiy_sword_1"},
		{ "predicate": {"custom_model_data": 2}, "model": "item/rlaiy_swords/rlaiy_sword_2"},
		{ "predicate": {"custom_model_data": 3}, "model": "item/rlaiy_swords/rlaiy_sword_3"},
		{ "predicate": {"custom_model_data": 4}, "model": "item/rlaiy_swords/rlaiy_sword_4"},
		{ "predicate": {"custom_model_data": 5}, "model": "item/rlaiy_swords/rlaiy_sword_5"},
		{ "predicate": {"custom_model_data": 6}, "model": "item/rlaiy_swords/rlaiy_sword_6"},
		{ "predicate": {"custom_model_data": 7}, "model": "item/rlaiy_swords/rlaiy_sword_7"},
		{ "predicate": {"custom_model_data": 8}, "model": "item/rlaiy_swords/rlaiy_sword_8"},
		{ "predicate": {"custom_model_data": 9}, "model": "item/rlaiy_swords/rlaiy_sword_9"},
		{ "predicate": {"custom_model_data": 10}, "model": "item/rlaiy_swords/rlaiy_sword_10"},
		{ "predicate": {"custom_model_data": 11}, "model": "item/rlaiy_swords/rlaiy_sword_11"},
		{ "predicate": {"custom_model_data": 12}, "model": "item/rlaiy_swords/rlaiy_sword_12"},
		{ "predicate": {"custom_model_data": 13}, "model": "item/rlaiy_swords/rlaiy_sword_13"},
		{ "predicate": {"custom_model_data": 14}, "model": "item/rlaiy_swords/rlaiy_sword_14"},
		{ "predicate": {"custom_model_data": 16}, "model": "item/rlaiy_swords/rlaiy_sword_16"},
		{ "predicate": {"custom_model_data": 17}, "model": "item/rlaiy_swords/rlaiy_sword_17"},
		{ "predicate": {"custom_model_data": 18}, "model": "item/rlaiy_swords/rlaiy_sword_18"},
		{ "predicate": {"custom_model_data": 19}, "model": "item/rlaiy_swords/rlaiy_sword_19"},
		{ "predicate": {"custom_model_data": 20}, "model": "item/rlaiy_swords/rlaiy_sword_20"},
		{ "predicate": {"custom_model_data": 21}, "model": "item/rlaiy_swords/rlaiy_sword_21"},
		{ "predicate": {"custom_model_data": 22}, "model": "item/rlaiy_swords/rlaiy_sword_22"},
		{ "predicate": {"custom_model_data": 23}, "model": "item/rlaiy_swords/rlaiy_sword_23"},
		{ "predicate": {"custom_model_data": 24}, "model": "item/rlaiy_swords/rlaiy_sword_24"},
		{ "predicate": {"custom_model_data": 25}, "model": "item/rlaiy_swords/rlaiy_sword_25"},
		{ "predicate": {"custom_model_data": 26}, "model": "item/rlaiy_swords/rlaiy_sword_26"},
		{ "predicate": {"custom_model_data": 27}, "model": "item/rlaiy_swords/rlaiy_sword_27"},
		{ "predicate": {"custom_model_data": 28}, "model": "item/rlaiy_swords/rlaiy_sword_28"},
		{ "predicate": {"custom_model_data": 29}, "model": "item/rlaiy_swords/rlaiy_sword_29"},
		{ "predicate": {"custom_model_data": 30}, "model": "item/rlaiy_swords/rlaiy_sword_30"},
		{ "predicate": {"custom_model_data": 31}, "model": "item/rlaiy_swords/rlaiy_sword_31"},
		{ "predicate": {"custom_model_data": 32}, "model": "item/rlaiy_swords/rlaiy_sword_32"},
		{ "predicate": {"custom_model_data": 33}, "model": "item/rlaiy_swords/rlaiy_sword_33"},
		{ "predicate": {"custom_model_data": 34}, "model": "item/rlaiy_swords/rlaiy_sword_34"},
		{ "predicate": {"custom_model_data": 35}, "model": "item/rlaiy_swords/rlaiy_sword_35"},
		{ "predicate": {"custom_model_data": 36}, "model": "item/rlaiy_swords/rlaiy_sword_36"},
		{ "predicate": {"custom_model_data": 37}, "model": "item/rlaiy_swords/rlaiy_sword_37"},
		{ "predicate": {"custom_model_data": 38}, "model": "item/rlaiy_swords/rlaiy_sword_38"},
		{ "predicate": {"custom_model_data": 39}, "model": "item/rlaiy_swords/rlaiy_sword_39"},
		{ "predicate": {"custom_model_data": 40}, "model": "item/rlaiy_swords/rlaiy_sword_40"},
		{ "predicate": {"custom_model_data": 41}, "model": "item/rlaiy_swords/rlaiy_sword_41"},
		{ "predicate": {"custom_model_data": 42}, "model": "item/rlaiy_swords/rlaiy_sword_42"},
		{ "predicate": {"custom_model_data": 43}, "model": "item/rlaiy_swords/rlaiy_sword_43"},
		{ "predicate": {"custom_model_data": 44}, "model": "item/rlaiy_swords/rlaiy_sword_44"},
		{ "predicate": {"custom_model_data": 45}, "model": "item/rlaiy_swords/rlaiy_sword_45"},
		{ "predicate": {"custom_model_data": 46}, "model": "item/rlaiy_swords/rlaiy_sword_46"},
		{ "predicate": {"custom_model_data": 47}, "model": "item/rlaiy_swords/rlaiy_sword_47"},
		{ "predicate": {"custom_model_data": 48}, "model": "item/rlaiy_swords/rlaiy_sword_48"},
		{ "predicate": {"custom_model_data": 49}, "model": "item/rlaiy_swords/rlaiy_sword_49"},
		{ "predicate": {"custom_model_data": 50}, "model": "item/rlaiy_swords/rlaiy_sword_50"},
		{ "predicate": {"custom_model_data": 51}, "model": "item/rlaiy_swords/rlaiy_sword_51"},
		{ "predicate": {"custom_model_data": 52}, "model": "item/rlaiy_swords/rlaiy_sword_52"},
		{ "predicate": {"custom_model_data": 53}, "model": "item/rlaiy_swords/rlaiy_sword_53"},
		{ "predicate": {"custom_model_data": 54}, "model": "item/rlaiy_swords/rlaiy_sword_54"},
		{ "predicate": {"custom_model_data": 55}, "model": "item/rlaiy_swords/rlaiy_sword_55"},
		{ "predicate": {"custom_model_data": 56}, "model": "item/rlaiy_swords/rlaiy_sword_56"},
		{ "predicate": {"custom_model_data": 57}, "model": "item/rlaiy_swords/rlaiy_sword_57"},
		{ "predicate": {"custom_model_data": 58}, "model": "item/rlaiy_swords/rlaiy_sword_58"},
		{ "predicate": {"custom_model_data": 59}, "model": "item/rlaiy_swords/rlaiy_sword_59"},
		{ "predicate": {"custom_model_data": 60}, "model": "item/rlaiy_swords/rlaiy_sword_60"},
		{ "predicate": {"custom_model_data": 101}, "model": "item/rlaiy_swords/rlaiy_sword_101"},
		{ "predicate": {"custom_model_data": 102}, "model": "item/rlaiy_swords/rlaiy_sword_102"},
		{ "predicate": {"custom_model_data": 103}, "model": "item/rlaiy_swords/rlaiy_sword_103"},
		{ "predicate": {"custom_model_data": 104}, "model": "item/rlaiy_swords/rlaiy_sword_104"},
		{ "predicate": {"custom_model_data": 105}, "model": "item/rlaiy_swords/rlaiy_sword_105"},
		{ "predicate": {"custom_model_data": 106}, "model": "item/rlaiy_swords/rlaiy_sword_106"},
		{ "predicate": {"custom_model_data": 107}, "model": "item/rlaiy_swords/rlaiy_sword_107"},
		{ "predicate": {"custom_model_data": 108}, "model": "item/rlaiy_swords/rlaiy_sword_108"},
		{ "predicate": {"custom_model_data": 109}, "model": "item/rlaiy_swords/rlaiy_sword_109"},
		{ "predicate": {"custom_model_data": 110}, "model": "item/rlaiy_swords/rlaiy_sword_110"},
		{ "predicate": {"custom_model_data": 111}, "model": "item/rlaiy_swords/rlaiy_sword_111"},
		{ "predicate": {"custom_model_data": 200}, "model": "item/rlaiy_swords/rlaiy_sword_zero"},
		{ "predicate": {"custom_model_data": 201}, "model": "item/rlaiy_swords/rlaiy_sword_ex1"},
		{ "predicate": {"custom_model_data": 202}, "model": "item/rlaiy_swords/rlaiy_sword_ex2"},
		{ "predicate": {"custom_model_data": 203}, "model": "item/rlaiy_swords/rlaiy_sword_ex3"},
		{ "predicate": {"custom_model_data": 204}, "model": "item/rlaiy_swords/rlaiy_sword_ex4"},
		{ "predicate": {"custom_model_data": 205}, "model": "item/rlaiy_swords/rlaiy_sword_ex5"},
		{ "predicate": {"custom_model_data": 206}, "model": "item/rlaiy_swords/rlaiy_sword_ex6"},
		{ "predicate": {"custom_model_data": 207}, "model": "item/rlaiy_swords/rlaiy_sword_ex7"},
		{ "predicate": {"custom_model_data": 301}, "model": "item/rlaiy_swords/rlaiy_sword_301"},
		{ "predicate": {"custom_model_data": 302}, "model": "item/rlaiy_swords/rlaiy_sword_302"},
		{ "predicate": {"custom_model_data": 303}, "model": "item/rlaiy_swords/rlaiy_sword_303"},
		{ "predicate": {"custom_model_data": 304}, "model": "item/rlaiy_swords/rlaiy_sword_304"},
		{ "predicate": {"custom_model_data": 305}, "model": "item/rlaiy_swords/rlaiy_sword_305"},
		{ "predicate": {"custom_model_data": 306}, "model": "item/rlaiy_swords/rlaiy_sword_306"},
		{ "predicate": {"custom_model_data": 307}, "model": "item/rlaiy_swords/rlaiy_sword_307"},
		{ "predicate": {"custom_model_data": 308}, "model": "item/rlaiy_swords/rlaiy_sword_308"},
		{ "predicate": {"custom_model_data": 309}, "model": "item/rlaiy_swords/rlaiy_sword_309"},
		{ "predicate": {"custom_model_data": 310}, "model": "item/rlaiy_swords/rlaiy_sword_310"},
		{ "predicate": {"custom_model_data": 311}, "model": "item/rlaiy_swords/rlaiy_sword_311"},
		{ "predicate": {"custom_model_data": 312}, "model": "item/rlaiy_swords/rlaiy_sword_312"},
		{ "predicate": {"custom_model_data": 313}, "model": "item/rlaiy_swords/rlaiy_sword_313"},
		{ "predicate": {"custom_model_data": 314}, "model": "item/rlaiy_swords/rlaiy_sword_314"},
		{ "predicate": {"custom_model_data": 315}, "model": "item/rlaiy_swords/rlaiy_sword_315"},
		{ "predicate": {"custom_model_data": 316}, "model": "item/rlaiy_swords/rlaiy_sword_316"},
		{ "predicate": {"custom_model_data": 317}, "model": "item/rlaiy_swords/rlaiy_sword_317"},
		{ "predicate": {"custom_model_data": 318}, "model": "item/rlaiy_swords/rlaiy_sword_318"},
		{ "predicate": {"custom_model_data": 319}, "model": "item/rlaiy_swords/rlaiy_sword_319"},
		{ "predicate": {"custom_model_data": 320}, "model": "item/rlaiy_swords/rlaiy_sword_320"},
		{ "predicate": {"custom_model_data": 321}, "model": "item/rlaiy_swords/rlaiy_sword_321"},
		{ "predicate": {"custom_model_data": 322}, "model": "item/rlaiy_swords/rlaiy_sword_322"},
		{ "predicate": {"custom_model_data": 323}, "model": "item/rlaiy_swords/rlaiy_sword_323"},
		{ "predicate": {"custom_model_data": 324}, "model": "item/rlaiy_swords/rlaiy_sword_324"},
		{ "predicate": {"custom_model_data": 325}, "model": "item/rlaiy_swords/rlaiy_sword_325"},
		{ "predicate": {"custom_model_data": 326}, "model": "item/rlaiy_swords/rlaiy_sword_326"},
		{ "predicate": {"custom_model_data": 327}, "model": "item/rlaiy_swords/rlaiy_sword_327"},
		{ "predicate": {"custom_model_data": 328}, "model": "item/rlaiy_swords/rlaiy_sword_328"},
		{ "predicate": {"custom_model_data": 329}, "model": "item/rlaiy_swords/rlaiy_sword_329"},
		{ "predicate": {"custom_model_data": 330}, "model": "item/rlaiy_swords/rlaiy_sword_330"},
		{ "predicate": {"custom_model_data": 331}, "model": "item/rlaiy_swords/rlaiy_sword_331"},
		{ "predicate": {"custom_model_data": 332}, "model": "item/rlaiy_swords/rlaiy_sword_332"},
		{ "predicate": {"custom_model_data": 333}, "model": "item/rlaiy_swords/rlaiy_sword_333"},
		{ "predicate": {"custom_model_data": 334}, "model": "item/rlaiy_swords/rlaiy_sword_334"},
		{ "predicate": {"custom_model_data": 335}, "model": "item/rlaiy_swords/rlaiy_sword_335"},
		{ "predicate": {"custom_model_data": 336}, "model": "item/rlaiy_swords/rlaiy_sword_336"},
		{ "predicate": {"custom_model_data": 337}, "model": "item/rlaiy_swords/rlaiy_sword_337"},
		{ "predicate": {"custom_model_data": 338}, "model": "item/rlaiy_swords/rlaiy_sword_338"},
		{ "predicate": {"custom_model_data": 339}, "model": "item/rlaiy_swords/rlaiy_sword_339"},
		{ "predicate": {"custom_model_data": 340}, "model": "item/rlaiy_swords/rlaiy_sword_340"},
		{ "predicate": {"custom_model_data": 341}, "model": "item/rlaiy_swords/rlaiy_sword_341"},
		{ "predicate": {"custom_model_data": 342}, "model": "item/rlaiy_swords/rlaiy_sword_342"},
		{ "predicate": {"custom_model_data": 343}, "model": "item/rlaiy_swords/rlaiy_sword_343"},
		{ "predicate": {"custom_model_data": 344}, "model": "item/rlaiy_swords/rlaiy_sword_344"},
		{ "predicate": {"custom_model_data": 345}, "model": "item/rlaiy_swords/rlaiy_sword_345"},
		{ "predicate": {"custom_model_data": 346}, "model": "item/rlaiy_swords/rlaiy_sword_346"},
		{ "predicate": {"custom_model_data": 347}, "model": "item/rlaiy_swords/rlaiy_sword_347"},
		{ "predicate": {"custom_model_data": 348}, "model": "item/rlaiy_swords/rlaiy_sword_348"},
		{ "predicate": {"custom_model_data": 349}, "model": "item/rlaiy_swords/rlaiy_sword_349"},
		{ "predicate": {"custom_model_data": 350}, "model": "item/rlaiy_swords/rlaiy_sword_350"},
		{ "predicate": {"custom_model_data": 351}, "model": "item/rlaiy_swords/rlaiy_sword_351"},
		{ "predicate": {"custom_model_data": 352}, "model": "item/rlaiy_swords/rlaiy_sword_352"},
		{ "predicate": {"custom_model_data": 353}, "model": "item/rlaiy_swords/rlaiy_sword_353"},
		{ "predicate": {"custom_model_data": 354}, "model": "item/rlaiy_swords/rlaiy_sword_354"},
		{ "predicate": {"custom_model_data": 355}, "model": "item/rlaiy_swords/rlaiy_sword_355"},
		{ "predicate": {"custom_model_data": 356}, "model": "item/rlaiy_swords/rlaiy_sword_356"},
		{ "predicate": {"custom_model_data": 357}, "model": "item/rlaiy_swords/rlaiy_sword_357"},
                { "predicate": {"custom_model_data": 1501}, "model": "item/bat/bat1"},
                { "predicate": {"custom_model_data": 1502}, "model": "item/bat/bat2"},
                { "predicate": {"custom_model_data": 1503}, "model": "item/bat/bat3"},
                { "predicate": {"custom_model_data": 1504}, "model": "item/bat/bat4"},
                { "predicate": {"custom_model_data": 1505}, "model": "item/bat/bat5"},
                { "predicate": {"custom_model_data": 1506}, "model": "item/bat/batk"},
                { "predicate": {"custom_model_data": 1507}, "model": "item/bat/bato"},
                {"predicate": { "custom_model_data": 1508}, "model": "item/eyama/hs"},
                {"predicate": { "custom_model_data": 1509}, "model": "item/eyama/zld"},
                {"predicate": { "custom_model_data": 1510}, "model": "item/eyama/sam1"},  
                {"predicate": { "custom_model_data": 1511}, "model": "item/eyama/sam2"},
                {"predicate": { "custom_model_data": 1512}, "model": "item/eyama/csd"},  
		{ "predicate": {"custom_model_data": 2000}, "model": "item/netherite_sword"}
	]
}