{
	"credit": "Made with Blockbench",
	"parent": "item/handheld",
	"textures": {
		"layer0": "items/rlaiy_swords/rlaiy_sword_13"
	},
	"display": {
		"thirdperson_righthand": {
			"rotation": [0, -90, 55],
			"translation": [0, 16.52, -15.23],
			"scale": [1.2, 1.2, 1.2]
		},
		"thirdperson_lefthand": {
			"rotation": [0, 90, -55],
			"translation": [0, 16.52, -15.23],
			"scale": [1.2, 1.2, 1.2]
		},
		"firstperson_righthand": {
			"rotation": [0, -90, 25],
			"translation": [1.13, 13.06, -3.47],
			"scale": [0.68, 0.68, 0.68]
		},
		"firstperson_lefthand": {
			"rotation": [0, 90, -25],
			"translation": [1.13, 13.06, -3.47],
			"scale": [0.68, 0.68, 0.68]
		},
		"gui": {
			"translation": [0, 16, 0]
		},
		"fixed": {
			"rotation": [90, 0, 45],
			"translation": [-45, 0, -80],
			"scale": [4, 4, 4]
		}
	}
}