{
	"credit": "Made with Blockbench",
	"textures": {
		"0": "items/eyama/bl",
		"particle": "items/eyama/bl"
	},
	"elements": [
		{
			"from": [-3, 0, 8],
			"to": [1, 9, 10],
			"rotation": {"angle": 0, "axis": "x", "origin": [0.5, 6.5, 9]},
			"faces": {
				"north": {"uv": [14, 9, 16, 16], "texture": "#0"},
				"east": {"uv": [13, 9, 16, 16], "texture": "#0"},
				"south": {"uv": [0, 0, 3, 4], "texture": "#0"},
				"west": {"uv": [13, 9, 16, 16], "rotation": 180, "texture": "#0"},
				"up": {"uv": [0, 0, 3, 4], "texture": "#missing"},
				"down": {"uv": [0, 0, 3, 4], "texture": "#missing"}
			}
		},
		{
			"from": [-3, -1, 7],
			"to": [1, 0, 10],
			"rotation": {"angle": 0, "axis": "x", "origin": [0.5, 6.5, 9]},
			"faces": {
				"north": {"uv": [0, 0, 3, 4], "texture": "#0"},
				"east": {"uv": [0, 0, 3, 4], "texture": "#0"},
				"south": {"uv": [0, 0, 3, 4], "texture": "#0"},
				"west": {"uv": [0, 0, 3, 4], "texture": "#0"},
				"up": {"uv": [0, 0, 3, 4], "texture": "#0"},
				"down": {"uv": [0, 0, 3, 4], "texture": "#0"}
			}
		},
		{
			"from": [-4, 8, 6],
			"to": [2, 10, 17],
			"rotation": {"angle": 0, "axis": "y", "origin": [8, 15, 25]},
			"faces": {
				"north": {"uv": [6, 8, 12.5, 10], "texture": "#0"},
				"east": {"uv": [6, 8, 12.5, 10], "texture": "#0"},
				"south": {"uv": [6, 8, 12.5, 10], "texture": "#0"},
				"west": {"uv": [6, 8, 12.5, 10], "texture": "#0"},
				"up": {"uv": [6, 8, 12.5, 10], "texture": "#0"},
				"down": {"uv": [6, 8, 12.5, 10], "texture": "#0"}
			}
		},
		{
			"from": [-3, 11, 18],
			"to": [1, 14, 19],
			"rotation": {"angle": -22.5, "axis": "x", "origin": [8, 13, 33]},
			"faces": {
				"north": {"uv": [0, 0, 1, 1], "texture": "#0"},
				"east": {"uv": [0, 0, 1, 1], "texture": "#0"},
				"south": {"uv": [0, 0, 1, 1], "texture": "#0"},
				"west": {"uv": [0, 0, 1, 1], "texture": "#0"},
				"up": {"uv": [0, 0, 1, 1], "texture": "#0"},
				"down": {"uv": [0, 0, 1, 1], "texture": "#0"}
			}
		},
		{
			"from": [-3, 4, 20],
			"to": [1, 13, 22],
			"rotation": {"angle": -22.5, "axis": "x", "origin": [8, 18, 34]},
			"faces": {
				"north": {"uv": [0, 0, 1, 2], "texture": "#0"},
				"east": {"uv": [0, 0, 1, 2], "texture": "#0"},
				"south": {"uv": [0, 0, 1, 2], "texture": "#0"},
				"west": {"uv": [0, 0, 1, 2], "texture": "#0"},
				"up": {"uv": [0, 0, 1, 2], "texture": "#0"},
				"down": {"uv": [0, 0, 1, 2], "texture": "#0"}
			}
		},
		{
			"from": [-3, -2.25174, 15.62506],
			"to": [1, 11.74826, 17.62506],
			"rotation": {"angle": -45, "axis": "x", "origin": [-1, 4.24826, 16.62506]},
			"faces": {
				"north": {"uv": [0, 0, 1, 2], "texture": "#0"},
				"east": {"uv": [0, 0, 1, 2], "texture": "#0"},
				"south": {"uv": [0, 0, 1, 2], "texture": "#0"},
				"west": {"uv": [0, 0, 1, 2], "texture": "#0"},
				"up": {"uv": [0, 0, 1, 2], "texture": "#0"},
				"down": {"uv": [0, 0, 1, 2], "texture": "#0"}
			}
		},
		{
			"from": [-3, -0.94518, 20.16625],
			"to": [1, 1.05482, 28.16625],
			"rotation": {"angle": 0, "axis": "x", "origin": [-1, 0.55482, 26.16625]},
			"faces": {
				"north": {"uv": [0, 0, 1, 4], "texture": "#0"},
				"east": {"uv": [0, 0, 1, 4], "texture": "#0"},
				"south": {"uv": [0, 0, 1, 4], "texture": "#0"},
				"west": {"uv": [0, 0, 1, 4], "texture": "#0"},
				"up": {"uv": [0, 0, 1, 4], "texture": "#0"},
				"down": {"uv": [0, 0, 1, 4], "texture": "#0"}
			}
		},
		{
			"from": [-3, 1, 23],
			"to": [0, 3, 24],
			"rotation": {"angle": 22.5, "axis": "x", "origin": [8, 8, 37]},
			"faces": {
				"north": {"uv": [4, 1.5, 6, 3], "texture": "#0"},
				"east": {"uv": [4, 1.5, 6, 3], "texture": "#0"},
				"south": {"uv": [4, 1.5, 6, 3], "texture": "#0"},
				"west": {"uv": [4, 1.5, 6, 3], "texture": "#0"},
				"up": {"uv": [4, 1.5, 6, 3], "texture": "#0"},
				"down": {"uv": [4, 1.5, 6, 3], "texture": "#0"}
			}
		},
		{
			"from": [-3, 5, 20],
			"to": [1, 6, 25],
			"rotation": {"angle": 0, "axis": "y", "origin": [8, 11, 33]},
			"faces": {
				"north": {"uv": [0, 0, 1, 5], "texture": "#0"},
				"east": {"uv": [0, 0, 1, 5], "texture": "#0"},
				"south": {"uv": [0, 0, 1, 5], "texture": "#0"},
				"west": {"uv": [0, 0, 1, 5], "texture": "#0"},
				"up": {"uv": [0, 0, 1, 5], "texture": "#0"},
				"down": {"uv": [0, 0, 1, 5], "texture": "#0"}
			}
		},
		{
			"from": [-2, 10, -16],
			"to": [0, 12, -9],
			"rotation": {"angle": 0, "axis": "y", "origin": [7, 8, 8]},
			"faces": {
				"north": {"uv": [0, 0, 1, 5], "texture": "#0"},
				"east": {"uv": [0, 0, 1, 5], "texture": "#0"},
				"south": {"uv": [0, 0, 1, 5], "texture": "#0"},
				"west": {"uv": [0, 0, 1, 5], "texture": "#0"},
				"up": {"uv": [0, 0, 1, 5], "texture": "#0"},
				"down": {"uv": [0, 0, 1, 5], "texture": "#0"}
			}
		},
		{
			"from": [-3, 9, -9],
			"to": [1, 13, -6],
			"rotation": {"angle": 0, "axis": "y", "origin": [8, 8, 13]},
			"faces": {
				"north": {"uv": [0, 0, 1, 5], "texture": "#0"},
				"east": {"uv": [0, 0, 1, 5], "texture": "#0"},
				"south": {"uv": [0, 0, 1, 5], "texture": "#0"},
				"west": {"uv": [0, 0, 1, 5], "texture": "#0"},
				"up": {"uv": [0, 0, 1, 5], "texture": "#0"},
				"down": {"uv": [0, 0, 1, 5], "texture": "#0"}
			}
		},
		{
			"from": [-4, 10, 6],
			"to": [2, 14, 17],
			"rotation": {"angle": 0, "axis": "y", "origin": [8, 18, 25]},
			"faces": {
				"north": {"uv": [3.5, 9, 12.5, 13], "texture": "#0"},
				"east": {"uv": [3.5, 0, 12.5, 4], "texture": "#0"},
				"south": {"uv": [2.5, 9, 11.5, 13], "texture": "#0"},
				"west": {"uv": [5, 0, 14, 4], "texture": "#0"},
				"up": {"uv": [3, 9.5, 12, 13.5], "texture": "#0"},
				"down": {"uv": [3, 9.5, 12, 13.5], "texture": "#0"}
			}
		},
		{
			"from": [-4, 8, -6],
			"to": [2, 14, 6],
			"rotation": {"angle": 0, "axis": "y", "origin": [8, 18, 8]},
			"faces": {
				"north": {"uv": [0, 0, 3, 5], "texture": "#0"},
				"east": {"uv": [7, 5.5, 12.5, 7.5], "texture": "#0"},
				"south": {"uv": [0, 0, 3, 5], "texture": "#0"},
				"west": {"uv": [8, 4, 13.5, 6], "texture": "#0"},
				"up": {"uv": [0, 0, 3, 5], "texture": "#0"},
				"down": {"uv": [0, 0, 3, 5], "texture": "#0"}
			}
		},
		{
			"from": [-4, 14, 7],
			"to": [2, 18, 9],
			"rotation": {"angle": 0, "axis": "y", "origin": [8, 20, 20]},
			"faces": {
				"north": {"uv": [8, 10.5, 11, 13.5], "texture": "#0"},
				"east": {"uv": [2, 1.5, 4, 3], "texture": "#0"},
				"south": {"uv": [13.5, 1.5, 15.5, 3], "texture": "#0"},
				"west": {"uv": [12, 1.5, 14, 3], "texture": "#0"},
				"up": {"uv": [12, 1.5, 14, 3], "rotation": 90, "texture": "#0"},
				"down": {"uv": [13, 1.5, 15, 3], "texture": "#0"}
			}
		},
		{
			"from": [-4, 8, 17],
			"to": [2, 14, 26],
			"rotation": {"angle": 0, "axis": "y", "origin": [8, 16, 32]},
			"faces": {
				"north": {"uv": [0.5, 4, 6, 7], "texture": "#0"},
				"east": {"uv": [7.5, 1, 13, 4], "texture": "#0"},
				"south": {"uv": [0.5, 4, 6, 7], "texture": "#0"},
				"west": {"uv": [3, 1, 8.5, 4], "texture": "#0"},
				"up": {"uv": [0.5, 3.5, 6, 6.5], "texture": "#0"},
				"down": {"uv": [1, 3.5, 6.5, 6.5], "texture": "#0"}
			}
		},
		{
			"from": [-4, 8, 26],
			"to": [2, 14, 29],
			"rotation": {"angle": 0, "axis": "y", "origin": [8, 16, 35]},
			"faces": {
				"north": {"uv": [1, 13.5, 2.5, 16], "texture": "#0"},
				"east": {"uv": [1, 13.5, 2.5, 16], "texture": "#0"},
				"south": {"uv": [1, 13.5, 2.5, 16], "texture": "#0"},
				"west": {"uv": [1, 13.5, 2.5, 16], "texture": "#0"},
				"up": {"uv": [1, 13.5, 2.5, 16], "texture": "#0"},
				"down": {"uv": [1, 13.5, 2.5, 16], "texture": "#0"}
			}
		},
		{
			"from": [-4, 9, 25],
			"to": [2, 16, 28],
			"rotation": {"angle": -22.5, "axis": "x", "origin": [8, 18, 31]},
			"faces": {
				"north": {"uv": [0, 13.5, 2.5, 16], "texture": "#0"},
				"east": {"uv": [0, 13.5, 2.5, 16], "texture": "#0"},
				"south": {"uv": [0, 13.5, 2.5, 16], "texture": "#0"},
				"west": {"uv": [0, 13.5, 2.5, 16], "texture": "#0"},
				"up": {"uv": [0, 13.5, 2.5, 16], "texture": "#0"},
				"down": {"uv": [0, 13.5, 2.5, 16], "texture": "#0"}
			}
		},
		{
			"from": [-4, 14, 9],
			"to": [2, 17, 25],
			"rotation": {"angle": 0, "axis": "y", "origin": [8, 19, 27]},
			"faces": {
				"north": {"uv": [0, 0, 3, 6.5], "texture": "#0"},
				"east": {"uv": [0, 0, 3, 6.5], "texture": "#0"},
				"south": {"uv": [0, 0, 3, 6.5], "texture": "#0"},
				"west": {"uv": [0, 0, 3, 6.5], "texture": "#0"},
				"up": {"uv": [0, 0, 3, 6.5], "texture": "#0"},
				"down": {"uv": [0, 0, 3, 6.5], "texture": "#0"}
			}
		},
		{
			"from": [-4, 11, 24],
			"to": [2, 14, 26],
			"rotation": {"angle": -22.5, "axis": "x", "origin": [-1, 14, 18.5]},
			"faces": {
				"north": {"uv": [0, 0, 3, 5], "texture": "#0"},
				"east": {"uv": [0, 0, 3, 5], "texture": "#0"},
				"south": {"uv": [0, 0, 3, 5], "texture": "#0"},
				"west": {"uv": [0, 0, 3, 5], "texture": "#0"},
				"up": {"uv": [0, 0, 3, 5], "texture": "#0"},
				"down": {"uv": [0, 0, 3, 5], "texture": "#0"}
			}
		},
		{
			"from": [-4, 8, 9],
			"to": [2, 12, 12],
			"rotation": {"angle": 22.5, "axis": "x", "origin": [-1, 15, 23.5]},
			"faces": {
				"north": {"uv": [0, 0, 3, 1], "texture": "#0"},
				"east": {"uv": [0, 0, 3, 1], "texture": "#0"},
				"south": {"uv": [0, 0, 3, 1], "texture": "#0"},
				"west": {"uv": [0, 0, 3, 1], "texture": "#0"},
				"up": {"uv": [0, 0, 3, 1], "texture": "#0"},
				"down": {"uv": [0, 0, 3, 1], "texture": "#0"}
			}
		}
	],
	"display": {
		"thirdperson_righthand": {
			"translation": [1.5, 0.25, -5],
			"scale": [0.15, 0.2, 0.4]
		},
		"thirdperson_lefthand": {
			"translation": [-1.25, 0.25, -5],
			"scale": [0.15, 0.2, 0.41]
		},
		"firstperson_righthand": {
			"translation": [-0.75, 5, 3.5],
			"scale": [0.15, 0.2, 0.41]
		},
		"firstperson_lefthand": {
			"translation": [-2.5, 5, 2.75],
			"scale": [0.15, 0.2, 0.41]
		},
		"ground": {
			"rotation": [0, 0, 90],
			"translation": [0, 1.5, 0],
			"scale": [0.15, 0.2, 0.5]
		},
		"gui": {
			"rotation": [90, 45, -90],
			"translation": [0.25, -0.75, 0],
			"scale": [0.15, 0.2, 0.45]
		},
		"head": {
			"translation": [3.5, -24.25, -10.5],
			"scale": [0.33359, 0.42266, 0.7557]
		},
		"fixed": {
			"rotation": [90, -45, 90],
			"translation": [0.75, -0.25, -0.25],
			"scale": [0.15, 0.2, 0.50781]
		}
	},
	"groups": [
		{
			"name": "group",
			"origin": [8, 15, 17],
			"children": [0, 1]
		},
		{
			"name": "group",
			"origin": [8, 15, 25],
			"children": [2, 3, 4, 5, 6, 7, 8]
		},
		{
			"name": "group",
			"origin": [8, 8, 8],
			"children": [9, 10, 11, 12, 13]
		},
		{
			"name": "group",
			"origin": [8, 15, 40],
			"children": [14, 15, 16, 17, 18, 19]
		}
	]
}