{
	"credit": "Made with Blockbench",
	"textures": {
		"0": "items/eyama/csd",
		"particle": "items/eyama/csd"
	},
	"elements": [
		{
			"from": [6, -0.1, 20],
			"to": [8, 1.1, 21],
			"rotation": {"angle": 45, "axis": "y", "origin": [6, 0.5, 20.5]},
			"faces": {
				"north": {"uv": [8, 2, 10, 5.5], "texture": "#0"},
				"east": {"uv": [8, 2, 10, 5.5], "texture": "#0"},
				"south": {"uv": [8, 2, 10, 5.5], "texture": "#0"},
				"west": {"uv": [8, 2, 10, 5.5], "texture": "#0"},
				"up": {"uv": [8, 2, 10, 5.5], "texture": "#0"},
				"down": {"uv": [8, 2, 10, 5.5], "texture": "#0"}
			}
		},
		{
			"from": [8, -0.1, 20],
			"to": [10, 1.1, 21],
			"rotation": {"angle": -45, "axis": "y", "origin": [10, 0.5, 20.5]},
			"faces": {
				"north": {"uv": [8, 2, 10, 5.5], "texture": "#0"},
				"east": {"uv": [8, 2, 10, 5.5], "texture": "#0"},
				"south": {"uv": [8, 2, 10, 5.5], "texture": "#0"},
				"west": {"uv": [8, 2, 10, 5.5], "texture": "#0"},
				"up": {"uv": [8, 2, 10, 5.5], "texture": "#0"},
				"down": {"uv": [8, 2, 10, 5.5], "texture": "#0"}
			}
		},
		{
			"from": [9.39161, -0.1, 20.33779],
			"to": [10.39161, 1.1, 23.33779],
			"rotation": {"angle": 22.5, "axis": "y", "origin": [9.89161, 0.5, 20.33779]},
			"faces": {
				"north": {"uv": [8, 2, 10, 5.5], "rotation": 90, "texture": "#0"},
				"east": {"uv": [8, 2, 10, 5.5], "rotation": 90, "texture": "#0"},
				"south": {"uv": [8, 2, 10, 5.5], "rotation": 90, "texture": "#0"},
				"west": {"uv": [8, 2, 10, 5.5], "rotation": 90, "texture": "#0"},
				"up": {"uv": [8, 2, 10, 5.5], "rotation": 90, "texture": "#0"},
				"down": {"uv": [8, 2, 10, 5.5], "rotation": 90, "texture": "#0"}
			}
		},
		{
			"from": [5.60839, -0.1, 20.33779],
			"to": [6.60839, 1.1, 23.33779],
			"rotation": {"angle": -22.5, "axis": "y", "origin": [6.10839, 0.5, 20.33779]},
			"faces": {
				"north": {"uv": [8, 2, 10, 5.5], "rotation": 90, "texture": "#0"},
				"east": {"uv": [8, 2, 10, 5.5], "rotation": 90, "texture": "#0"},
				"south": {"uv": [8, 2, 10, 5.5], "rotation": 90, "texture": "#0"},
				"west": {"uv": [8, 2, 10, 5.5], "rotation": 90, "texture": "#0"},
				"up": {"uv": [8, 2, 10, 5.5], "rotation": 90, "texture": "#0"},
				"down": {"uv": [8, 2, 10, 5.5], "rotation": 90, "texture": "#0"}
			}
		},
		{
			"from": [7, -0.2, 19],
			"to": [9, 1.2, 21],
			"rotation": {"angle": 45, "axis": "y", "origin": [8, 0.5, 20]},
			"faces": {
				"north": {"uv": [4, 1, 6, 3], "texture": "#0"},
				"east": {"uv": [4, 1, 6, 3], "texture": "#0"},
				"south": {"uv": [4, 1, 6, 3], "texture": "#0"},
				"west": {"uv": [4, 1, 6, 3], "texture": "#0"},
				"up": {"uv": [4, 1, 6, 3], "texture": "#0"},
				"down": {"uv": [4, 1, 6, 3], "texture": "#0"}
			}
		},
		{
			"from": [7.6, 0, 21],
			"to": [8.4, 0.3, 30],
			"rotation": {"angle": 0, "axis": "y", "origin": [8, 0.2, 24]},
			"faces": {
				"north": {"uv": [5.5, 5, 6.5, 14], "texture": "#0"},
				"east": {"uv": [5.5, 5, 6.5, 14], "texture": "#0"},
				"south": {"uv": [5.5, 5, 6.5, 14], "texture": "#0"},
				"west": {"uv": [5.5, 5, 6.5, 14], "texture": "#0"},
				"up": {"uv": [5.5, 5, 6.5, 14], "texture": "#0"},
				"down": {"uv": [5.5, 5, 6.5, 14], "texture": "#0"}
			}
		},
		{
			"from": [7.4, 0.3, 21],
			"to": [8.6, 0.7, 30],
			"rotation": {"angle": 0, "axis": "y", "origin": [8, 0.5, 24]},
			"faces": {
				"north": {"uv": [5.5, 5, 6.5, 14], "texture": "#0"},
				"east": {"uv": [5.5, 5, 6.5, 14], "texture": "#0"},
				"south": {"uv": [5.5, 5, 6.5, 14], "texture": "#0"},
				"west": {"uv": [5.5, 5, 6.5, 14], "texture": "#0"},
				"up": {"uv": [5.5, 5, 6.5, 14], "texture": "#0"},
				"down": {"uv": [5.5, 5, 6.5, 14], "texture": "#0"}
			}
		},
		{
			"from": [7.6, 0.7, 21],
			"to": [8.4, 1, 30],
			"rotation": {"angle": 0, "axis": "y", "origin": [8, 0.9, 24]},
			"faces": {
				"north": {"uv": [5.5, 5, 6.5, 14], "texture": "#0"},
				"east": {"uv": [5.5, 5, 6.5, 14], "texture": "#0"},
				"south": {"uv": [5.5, 5, 6.5, 14], "texture": "#0"},
				"west": {"uv": [5.5, 5, 6.5, 14], "texture": "#0"},
				"up": {"uv": [5.5, 5, 6.5, 14], "texture": "#0"},
				"down": {"uv": [5.5, 5, 6.5, 14], "texture": "#0"}
			}
		},
		{
			"from": [8.4, 0, 30],
			"to": [8.7, 1, 31],
			"rotation": {"angle": 0, "axis": "y", "origin": [16.7, 8, 38]},
			"faces": {
				"north": {"uv": [8.5, 4, 10, 5], "texture": "#0"},
				"east": {"uv": [8.5, 4, 10, 5], "texture": "#0"},
				"south": {"uv": [8.5, 4, 10, 5], "texture": "#0"},
				"west": {"uv": [8.5, 4, 10, 5], "texture": "#0"},
				"up": {"uv": [8.5, 4, 10, 5], "texture": "#0"},
				"down": {"uv": [8.5, 4, 10, 5], "texture": "#0"}
			}
		},
		{
			"from": [7.3, 0, 30],
			"to": [7.6, 1, 31],
			"rotation": {"angle": 0, "axis": "y", "origin": [15.6, 8, 38]},
			"faces": {
				"north": {"uv": [8.5, 4, 10, 5], "texture": "#0"},
				"east": {"uv": [8.5, 4, 10, 5], "texture": "#0"},
				"south": {"uv": [8.5, 4, 10, 5], "texture": "#0"},
				"west": {"uv": [8.5, 4, 10, 5], "texture": "#0"},
				"up": {"uv": [8.5, 4, 10, 5], "texture": "#0"},
				"down": {"uv": [8.5, 4, 10, 5], "texture": "#0"}
			}
		},
		{
			"from": [7.6, 0, 30],
			"to": [8.4, 1, 30.4],
			"rotation": {"angle": 0, "axis": "y", "origin": [16.1, 8, 38]},
			"faces": {
				"north": {"uv": [8.5, 4, 10, 5], "texture": "#0"},
				"east": {"uv": [8.5, 4, 10, 5], "texture": "#0"},
				"south": {"uv": [8.5, 4, 10, 5], "texture": "#0"},
				"west": {"uv": [8.5, 4, 10, 5], "texture": "#0"},
				"up": {"uv": [8.5, 4, 10, 5], "texture": "#0"},
				"down": {"uv": [8.5, 4, 10, 5], "texture": "#0"}
			}
		},
		{
			"from": [7.6, 0.2, 30.4],
			"to": [8.4, 0.8, 31.3],
			"rotation": {"angle": 0, "axis": "y", "origin": [16.1, 8, 38.4]},
			"faces": {
				"north": {"uv": [5.5, 2.5, 6.5, 3], "texture": "#0"},
				"east": {"uv": [5.5, 2.5, 6.5, 3], "texture": "#0"},
				"south": {"uv": [5.5, 2.5, 6.5, 3], "texture": "#0"},
				"west": {"uv": [5.5, 2.5, 6.5, 3], "texture": "#0"},
				"up": {"uv": [5.5, 2.5, 6.5, 3], "texture": "#0"},
				"down": {"uv": [5.5, 2.5, 6.5, 3], "texture": "#0"}
			}
		},
		{
			"from": [7, 0, 0],
			"to": [9, 1, 2],
			"rotation": {"angle": 45, "axis": "y", "origin": [8, 0.5, 1]},
			"faces": {
				"north": {"uv": [0.5, 1, 2.5, 3], "texture": "#0"},
				"east": {"uv": [0.5, 1, 2.5, 3], "texture": "#0"},
				"south": {"uv": [0.5, 1, 2.5, 3], "texture": "#0"},
				"west": {"uv": [0.5, 1, 2.5, 3], "texture": "#0"},
				"up": {"uv": [0.5, 1, 2.5, 3], "texture": "#0"},
				"down": {"uv": [0.5, 1, 2.5, 3], "texture": "#0"}
			}
		},
		{
			"from": [7, 0.3, -1],
			"to": [9, 0.7, 0],
			"rotation": {"angle": 45, "axis": "y", "origin": [8, 0.5, 1]},
			"faces": {
				"north": {"uv": [15, 4.5, 16, 16], "texture": "#0"},
				"east": {"uv": [15, 4.5, 16, 16], "texture": "#0"},
				"south": {"uv": [15, 4.5, 16, 16], "texture": "#0"},
				"west": {"uv": [15, 4.5, 16, 16], "texture": "#0"},
				"up": {"uv": [15, 4.5, 16, 16], "texture": "#0"},
				"down": {"uv": [15, 4.5, 16, 16], "texture": "#0"}
			}
		},
		{
			"from": [9, 0.3, -1],
			"to": [10, 0.7, 0],
			"rotation": {"angle": 45, "axis": "y", "origin": [8, 0.5, 1]},
			"faces": {
				"north": {"uv": [15, 4.5, 16, 16], "texture": "#0"},
				"east": {"uv": [15, 4.5, 16, 16], "texture": "#0"},
				"south": {"uv": [15, 4.5, 16, 16], "texture": "#0"},
				"west": {"uv": [15, 4.5, 16, 16], "texture": "#0"},
				"up": {"uv": [15, 4.5, 16, 16], "texture": "#0"},
				"down": {"uv": [15, 4.5, 16, 16], "texture": "#0"}
			}
		},
		{
			"from": [9, 0.3, 0],
			"to": [10, 0.7, 2],
			"rotation": {"angle": 45, "axis": "y", "origin": [8, 0.5, 1]},
			"faces": {
				"north": {"uv": [15, 4.5, 16, 16], "texture": "#0"},
				"east": {"uv": [15, 4.5, 16, 16], "texture": "#0"},
				"south": {"uv": [15, 4.5, 16, 16], "texture": "#0"},
				"west": {"uv": [15, 4.5, 16, 16], "texture": "#0"},
				"up": {"uv": [15, 4.5, 16, 16], "texture": "#0"},
				"down": {"uv": [15, 4.5, 16, 16], "texture": "#0"}
			}
		},
		{
			"from": [6.58579, 0, 1],
			"to": [7.58579, 1, 20],
			"rotation": {"angle": 0, "axis": "y", "origin": [14.58579, 8, 9]},
			"faces": {
				"north": {"uv": [0, 0, 1, 16], "texture": "#0"},
				"east": {"uv": [0, 0, 1, 16], "texture": "#0"},
				"south": {"uv": [0, 0, 1, 16], "texture": "#0"},
				"west": {"uv": [0, 0, 1, 16], "texture": "#0"},
				"up": {"uv": [0, 0, 1, 16], "texture": "#0"},
				"down": {"uv": [0, 0, 1, 16], "texture": "#0"}
			}
		},
		{
			"from": [5.87868, 0.3, 0.29289],
			"to": [6.87868, 0.7, 20.29289],
			"rotation": {"angle": 0, "axis": "y", "origin": [13.87868, 8, 9.29289]},
			"faces": {
				"north": {"uv": [15, 4.5, 16, 16], "texture": "#0"},
				"east": {"uv": [15, 4.5, 16, 16], "texture": "#0"},
				"south": {"uv": [15, 4.5, 16, 16], "texture": "#0"},
				"west": {"uv": [15, 4.5, 16, 16], "texture": "#0"},
				"up": {"uv": [15, 4.5, 16, 16], "texture": "#0"},
				"down": {"uv": [15, 4.5, 16, 16], "texture": "#0"}
			}
		},
		{
			"from": [9.12132, 0.3, 0.29289],
			"to": [10.12132, 0.7, 20.29289],
			"rotation": {"angle": 0, "axis": "y", "origin": [17.12132, 8, 9.29289]},
			"faces": {
				"north": {"uv": [15, 4.5, 16, 16], "texture": "#0"},
				"east": {"uv": [15, 4.5, 16, 16], "texture": "#0"},
				"south": {"uv": [15, 4.5, 16, 16], "texture": "#0"},
				"west": {"uv": [15, 4.5, 16, 16], "texture": "#0"},
				"up": {"uv": [15, 4.5, 16, 16], "texture": "#0"},
				"down": {"uv": [15, 4.5, 16, 16], "texture": "#0"}
			}
		},
		{
			"from": [8.41421, 0, 1],
			"to": [9.41421, 1, 20],
			"rotation": {"angle": 0, "axis": "y", "origin": [16.41421, 8, 9]},
			"faces": {
				"north": {"uv": [0, 0, 1, 16], "texture": "#0"},
				"east": {"uv": [0, 0, 1, 16], "texture": "#0"},
				"south": {"uv": [0, 0, 1, 16], "texture": "#0"},
				"west": {"uv": [0, 0, 1, 16], "texture": "#0"},
				"up": {"uv": [0, 0, 1, 16], "texture": "#0"},
				"down": {"uv": [0, 0, 1, 16], "texture": "#0"}
			}
		}
	],
	"display": {
		"thirdperson_righthand": {
			"rotation": [90, 0, 90],
			"translation": [-5.25, 11, 1],
			"scale": [0.7, 0.7, 0.7]
		},
		"thirdperson_lefthand": {
			"rotation": [90, 0, 90],
			"translation": [-6.75, 14.25, 1],
			"scale": [0.9, 0.9, 0.9]
		},
		"firstperson_righthand": {
			"rotation": [75.25, -0.25, 74.25],
			"translation": [0, 10, -3],
			"scale": [0.7, 0.7, 0.7]
		},
		"firstperson_lefthand": {
			"rotation": [75.25, -0.25, 74.25],
			"translation": [0, 10, -3],
			"scale": [0.7, 0.7, 0.7]
		},
		"ground": {
			"translation": [0, 4.25, -3.75],
			"scale": [0.7, 0.7, 0.7]
		},
		"gui": {
			"rotation": [90, 135, 0],
			"translation": [-2.75, -3.25, 4.25],
			"scale": [0.7, 0.7, 0.7]
		},
		"head": {
			"rotation": [90, 135, -180],
			"translation": [-4, -20.25, 0]
		},
		"fixed": {
			"rotation": [90, 135, 0],
			"translation": [-3.5, -3.25, 4.25],
			"scale": [0.7, 0.7, 0.7]
		}
	},
	"groups": [
		{
			"name": "group",
			"origin": [8, 0.5, 1],
			"children": [0, 1, 2, 3, 4,
				{
					"name": "group",
					"origin": [16.1, 8, 35.4],
					"children": [5, 6, 7, 8, 9, 10, 11]
				}
			]
		},
		{
			"name": "group",
			"origin": [8, 0.5, 1],
			"children": [12, 13, 14, 15, 16, 17, 18, 19]
		}
	]
}