{
	"credit": "Made with Blockbench",
	"textures": {
		"0": "items/eyama/cup",
		"particle": "items/eyama/cup"
	},
	"elements": [
		{
			"from": [-7, -16, -7],
			"to": [23, -15, 23],
			"rotation": {"angle": 0, "axis": "y", "origin": [8, -8, 8]},
			"faces": {
				"north": {"uv": [0, 12.5, 16, 16], "texture": "#0"},
				"east": {"uv": [0, 12.5, 16, 16], "texture": "#0"},
				"south": {"uv": [0, 12.5, 16, 16], "texture": "#0"},
				"west": {"uv": [0, 12.5, 16, 16], "texture": "#0"},
				"up": {"uv": [0, 12.5, 16, 16], "texture": "#0"},
				"down": {"uv": [0, 12.5, 16, 16], "texture": "#0"}
			}
		},
		{
			"from": [-6, -15, -6],
			"to": [22, -5, 22],
			"rotation": {"angle": 0, "axis": "y", "origin": [8, -8, 8]},
			"faces": {
				"north": {"uv": [0, 12.5, 16, 16], "texture": "#0"},
				"east": {"uv": [0, 12.5, 16, 16], "texture": "#0"},
				"south": {"uv": [0, 12.5, 16, 16], "texture": "#0"},
				"west": {"uv": [0, 12.5, 16, 16], "texture": "#0"},
				"up": {"uv": [0, 12.5, 16, 16], "texture": "#0"},
				"down": {"uv": [0, 12.5, 16, 16], "texture": "#0"}
			}
		},
		{
			"from": [6, 4, 12],
			"to": [10, 10, 13],
			"rotation": {"angle": 45, "axis": "y", "origin": [8, 1, 8]},
			"faces": {
				"north": {"uv": [0, 0, 16, 7.5], "texture": "#0"},
				"east": {"uv": [0, 0, 16, 7.5], "texture": "#0"},
				"south": {"uv": [0, 0, 16, 7.5], "texture": "#0"},
				"west": {"uv": [0, 0, 16, 7.5], "texture": "#0"},
				"up": {"uv": [0, 0, 16, 7.5], "texture": "#0"},
				"down": {"uv": [0, 0, 16, 7.5], "texture": "#0"}
			}
		},
		{
			"from": [6, 4, 12],
			"to": [10, 10, 13],
			"rotation": {"angle": -45, "axis": "y", "origin": [8, 1, 8]},
			"faces": {
				"north": {"uv": [0, 0, 16, 7.5], "texture": "#0"},
				"east": {"uv": [0, 0, 16, 7.5], "texture": "#0"},
				"south": {"uv": [0, 0, 16, 7.5], "texture": "#0"},
				"west": {"uv": [0, 0, 16, 7.5], "texture": "#0"},
				"up": {"uv": [0, 0, 16, 7.5], "texture": "#0"},
				"down": {"uv": [0, 0, 16, 7.5], "texture": "#0"}
			}
		},
		{
			"from": [6, 4, 3],
			"to": [10, 10, 4],
			"rotation": {"angle": -45, "axis": "y", "origin": [8, 1, 8]},
			"faces": {
				"north": {"uv": [0, 0, 16, 7.5], "texture": "#0"},
				"east": {"uv": [0, 0, 16, 7.5], "texture": "#0"},
				"south": {"uv": [0, 0, 16, 7.5], "texture": "#0"},
				"west": {"uv": [0, 0, 16, 7.5], "texture": "#0"},
				"up": {"uv": [0, 0, 16, 7.5], "texture": "#0"},
				"down": {"uv": [0, 0, 16, 7.5], "texture": "#0"}
			}
		},
		{
			"from": [12, 4, 6],
			"to": [13, 10, 10],
			"rotation": {"angle": 0, "axis": "y", "origin": [8, 1, 8]},
			"faces": {
				"north": {"uv": [0, 0, 16, 7.5], "rotation": 90, "texture": "#0"},
				"east": {"uv": [0, 0, 16, 7.5], "rotation": 90, "texture": "#0"},
				"south": {"uv": [0, 0, 16, 7.5], "rotation": 90, "texture": "#0"},
				"west": {"uv": [0, 0, 16, 7.5], "rotation": 90, "texture": "#0"},
				"up": {"uv": [0, 0, 16, 7.5], "rotation": 90, "texture": "#0"},
				"down": {"uv": [0, 0, 16, 7.5], "rotation": 90, "texture": "#0"}
			}
		},
		{
			"from": [3, 4, 6],
			"to": [4, 10, 10],
			"rotation": {"angle": 0, "axis": "y", "origin": [8, 1, 8]},
			"faces": {
				"north": {"uv": [0, 0, 16, 7.5], "rotation": 90, "texture": "#0"},
				"east": {"uv": [0, 0, 16, 7.5], "rotation": 90, "texture": "#0"},
				"south": {"uv": [0, 0, 16, 7.5], "rotation": 90, "texture": "#0"},
				"west": {"uv": [0, 0, 16, 7.5], "rotation": 90, "texture": "#0"},
				"up": {"uv": [0, 0, 16, 7.5], "rotation": 90, "texture": "#0"},
				"down": {"uv": [0, 0, 16, 7.5], "rotation": 90, "texture": "#0"}
			}
		},
		{
			"from": [6, 4, 12],
			"to": [10, 10, 13],
			"rotation": {"angle": 0, "axis": "y", "origin": [8, 1, 8]},
			"faces": {
				"north": {"uv": [0, 0, 16, 7.5], "texture": "#0"},
				"east": {"uv": [0, 0, 16, 7.5], "texture": "#0"},
				"south": {"uv": [0, 0, 16, 7.5], "texture": "#0"},
				"west": {"uv": [0, 0, 16, 7.5], "texture": "#0"},
				"up": {"uv": [0, 0, 16, 7.5], "texture": "#0"},
				"down": {"uv": [0, 0, 16, 7.5], "texture": "#0"}
			}
		},
		{
			"from": [5, 4, 5],
			"to": [11, 10, 11],
			"rotation": {"angle": 0, "axis": "y", "origin": [8, 1, 8]},
			"faces": {
				"north": {"uv": [0, 0, 16, 7.5], "texture": "#0"},
				"east": {"uv": [0, 0, 16, 7.5], "texture": "#0"},
				"south": {"uv": [0, 0, 16, 7.5], "texture": "#0"},
				"west": {"uv": [0, 0, 16, 7.5], "texture": "#0"},
				"up": {"uv": [0, 0, 16, 7.5], "texture": "#0"},
				"down": {"uv": [0, 0, 16, 7.5], "texture": "#0"}
			}
		},
		{
			"from": [6, 4, 3],
			"to": [10, 10, 4],
			"rotation": {"angle": 0, "axis": "y", "origin": [8, 1, 8]},
			"faces": {
				"north": {"uv": [0, 0, 16, 7.5], "texture": "#0"},
				"east": {"uv": [0, 0, 16, 7.5], "texture": "#0"},
				"south": {"uv": [0, 0, 16, 7.5], "texture": "#0"},
				"west": {"uv": [0, 0, 16, 7.5], "texture": "#0"},
				"up": {"uv": [0, 0, 16, 7.5], "texture": "#0"},
				"down": {"uv": [0, 0, 16, 7.5], "texture": "#0"}
			}
		},
		{
			"from": [6, 4, 3],
			"to": [10, 10, 4],
			"rotation": {"angle": 45, "axis": "y", "origin": [8, 1, 8]},
			"faces": {
				"north": {"uv": [0, 0, 16, 7.5], "texture": "#0"},
				"east": {"uv": [0, 0, 16, 7.5], "texture": "#0"},
				"south": {"uv": [0, 0, 16, 7.5], "texture": "#0"},
				"west": {"uv": [0, 0, 16, 7.5], "texture": "#0"},
				"up": {"uv": [0, 0, 16, 7.5], "texture": "#0"},
				"down": {"uv": [0, 0, 16, 7.5], "texture": "#0"}
			}
		},
		{
			"from": [3, -5, 3],
			"to": [13, 3, 13],
			"rotation": {"angle": 0, "axis": "y", "origin": [8, -8, 8]},
			"faces": {
				"north": {"uv": [0, 0, 16, 7.5], "texture": "#0"},
				"east": {"uv": [0, 0, 16, 7.5], "texture": "#0"},
				"south": {"uv": [0, 0, 16, 7.5], "texture": "#0"},
				"west": {"uv": [0, 0, 16, 7.5], "texture": "#0"},
				"up": {"uv": [0, 0, 16, 7.5], "texture": "#0"},
				"down": {"uv": [0, 0, 16, 7.5], "texture": "#0"}
			}
		},
		{
			"from": [6, -5, 14],
			"to": [10, 3, 15],
			"rotation": {"angle": 45, "axis": "y", "origin": [8, -8, 8]},
			"faces": {
				"north": {"uv": [0, 0, 16, 7.5], "texture": "#0"},
				"east": {"uv": [0, 0, 16, 7.5], "texture": "#0"},
				"south": {"uv": [0, 0, 16, 7.5], "texture": "#0"},
				"west": {"uv": [0, 0, 16, 7.5], "texture": "#0"},
				"up": {"uv": [0, 0, 16, 7.5], "texture": "#0"},
				"down": {"uv": [0, 0, 16, 7.5], "texture": "#0"}
			}
		},
		{
			"from": [6, -5, 14],
			"to": [10, 3, 15],
			"rotation": {"angle": -45, "axis": "y", "origin": [8, -8, 8]},
			"faces": {
				"north": {"uv": [0, 0, 16, 7.5], "texture": "#0"},
				"east": {"uv": [0, 0, 16, 7.5], "texture": "#0"},
				"south": {"uv": [0, 0, 16, 7.5], "texture": "#0"},
				"west": {"uv": [0, 0, 16, 7.5], "texture": "#0"},
				"up": {"uv": [0, 0, 16, 7.5], "texture": "#0"},
				"down": {"uv": [0, 0, 16, 7.5], "texture": "#0"}
			}
		},
		{
			"from": [6, -5, 1],
			"to": [10, 3, 2],
			"rotation": {"angle": -45, "axis": "y", "origin": [8, -8, 8]},
			"faces": {
				"north": {"uv": [0, 0, 16, 7.5], "texture": "#0"},
				"east": {"uv": [0, 0, 16, 7.5], "texture": "#0"},
				"south": {"uv": [0, 0, 16, 7.5], "texture": "#0"},
				"west": {"uv": [0, 0, 16, 7.5], "texture": "#0"},
				"up": {"uv": [0, 0, 16, 7.5], "texture": "#0"},
				"down": {"uv": [0, 0, 16, 7.5], "texture": "#0"}
			}
		},
		{
			"from": [14, -5, 5],
			"to": [15, 3, 11],
			"rotation": {"angle": 0, "axis": "y", "origin": [8, -8, 8]},
			"faces": {
				"north": {"uv": [0, 0, 16, 7.5], "rotation": 90, "texture": "#0"},
				"east": {"uv": [0, 0, 16, 7.5], "rotation": 90, "texture": "#0"},
				"south": {"uv": [0, 0, 16, 7.5], "rotation": 90, "texture": "#0"},
				"west": {"uv": [0, 0, 16, 7.5], "rotation": 90, "texture": "#0"},
				"up": {"uv": [0, 0, 16, 7.5], "rotation": 90, "texture": "#0"},
				"down": {"uv": [0, 0, 16, 7.5], "rotation": 90, "texture": "#0"}
			}
		},
		{
			"from": [1, -5, 5],
			"to": [2, 3, 11],
			"rotation": {"angle": 0, "axis": "y", "origin": [8, -8, 8]},
			"faces": {
				"north": {"uv": [0, 0, 16, 7.5], "rotation": 90, "texture": "#0"},
				"east": {"uv": [0, 0, 16, 7.5], "rotation": 90, "texture": "#0"},
				"south": {"uv": [0, 0, 16, 7.5], "rotation": 90, "texture": "#0"},
				"west": {"uv": [0, 0, 16, 7.5], "rotation": 90, "texture": "#0"},
				"up": {"uv": [0, 0, 16, 7.5], "rotation": 90, "texture": "#0"},
				"down": {"uv": [0, 0, 16, 7.5], "rotation": 90, "texture": "#0"}
			}
		},
		{
			"from": [5, -5, 14],
			"to": [11, 3, 15],
			"rotation": {"angle": 0, "axis": "y", "origin": [8, -8, 8]},
			"faces": {
				"north": {"uv": [0, 0, 16, 7.5], "texture": "#0"},
				"east": {"uv": [0, 0, 16, 7.5], "texture": "#0"},
				"south": {"uv": [0, 0, 16, 7.5], "texture": "#0"},
				"west": {"uv": [0, 0, 16, 7.5], "texture": "#0"},
				"up": {"uv": [0, 0, 16, 7.5], "texture": "#0"},
				"down": {"uv": [0, 0, 16, 7.5], "texture": "#0"}
			}
		},
		{
			"from": [5, -5, 1],
			"to": [11, 3, 2],
			"rotation": {"angle": 0, "axis": "y", "origin": [8, -8, 8]},
			"faces": {
				"north": {"uv": [0, 0, 16, 7.5], "texture": "#0"},
				"east": {"uv": [0, 0, 16, 7.5], "texture": "#0"},
				"south": {"uv": [0, 0, 16, 7.5], "texture": "#0"},
				"west": {"uv": [0, 0, 16, 7.5], "texture": "#0"},
				"up": {"uv": [0, 0, 16, 7.5], "texture": "#0"},
				"down": {"uv": [0, 0, 16, 7.5], "texture": "#0"}
			}
		},
		{
			"from": [6, -5, 1],
			"to": [10, 3, 2],
			"rotation": {"angle": 45, "axis": "y", "origin": [8, -8, 8]},
			"faces": {
				"north": {"uv": [0, 0, 16, 7.5], "texture": "#0"},
				"east": {"uv": [0, 0, 16, 7.5], "texture": "#0"},
				"south": {"uv": [0, 0, 16, 7.5], "texture": "#0"},
				"west": {"uv": [0, 0, 16, 7.5], "texture": "#0"},
				"up": {"uv": [0, 0, 16, 7.5], "texture": "#0"},
				"down": {"uv": [0, 0, 16, 7.5], "texture": "#0"}
			}
		},
		{
			"from": [5, 12, 15],
			"to": [11, 13, 16],
			"rotation": {"angle": 45, "axis": "y", "origin": [8, 9, 8]},
			"faces": {
				"north": {"uv": [0, 0, 6, 1], "texture": "#0"},
				"east": {"uv": [0, 0, 6, 1], "texture": "#0"},
				"south": {"uv": [0, 0, 6, 1], "texture": "#0"},
				"west": {"uv": [0, 0, 6, 1], "texture": "#0"},
				"up": {"uv": [0, 0, 6, 1], "texture": "#0"},
				"down": {"uv": [0, 0, 6, 1], "texture": "#0"}
			}
		},
		{
			"from": [5, 12, 15],
			"to": [11, 13, 16],
			"rotation": {"angle": -45, "axis": "y", "origin": [8, 9, 8]},
			"faces": {
				"north": {"uv": [0, 0, 6, 1], "texture": "#0"},
				"east": {"uv": [0, 0, 6, 1], "texture": "#0"},
				"south": {"uv": [0, 0, 6, 1], "texture": "#0"},
				"west": {"uv": [0, 0, 6, 1], "texture": "#0"},
				"up": {"uv": [0, 0, 6, 1], "texture": "#0"},
				"down": {"uv": [0, 0, 6, 1], "texture": "#0"}
			}
		},
		{
			"from": [5, 12, 0],
			"to": [11, 13, 1],
			"rotation": {"angle": -45, "axis": "y", "origin": [8, 9, 8]},
			"faces": {
				"north": {"uv": [0, 0, 6, 1], "texture": "#0"},
				"east": {"uv": [0, 0, 6, 1], "texture": "#0"},
				"south": {"uv": [0, 0, 6, 1], "texture": "#0"},
				"west": {"uv": [0, 0, 6, 1], "texture": "#0"},
				"up": {"uv": [0, 0, 6, 1], "texture": "#0"},
				"down": {"uv": [0, 0, 6, 1], "texture": "#0"}
			}
		},
		{
			"from": [15, 12, 5],
			"to": [16, 13, 11],
			"rotation": {"angle": 0, "axis": "y", "origin": [8, 9, 8]},
			"faces": {
				"north": {"uv": [0, 0, 6, 1], "rotation": 90, "texture": "#0"},
				"east": {"uv": [0, 0, 6, 1], "rotation": 90, "texture": "#0"},
				"south": {"uv": [0, 0, 6, 1], "rotation": 90, "texture": "#0"},
				"west": {"uv": [0, 0, 6, 1], "rotation": 90, "texture": "#0"},
				"up": {"uv": [0, 0, 6, 1], "rotation": 90, "texture": "#0"},
				"down": {"uv": [0, 0, 6, 1], "rotation": 90, "texture": "#0"}
			}
		},
		{
			"from": [0, 12, 5],
			"to": [1, 13, 11],
			"rotation": {"angle": 0, "axis": "y", "origin": [8, 9, 8]},
			"faces": {
				"north": {"uv": [0, 0, 6, 1], "rotation": 90, "texture": "#0"},
				"east": {"uv": [0, 0, 6, 1], "rotation": 90, "texture": "#0"},
				"south": {"uv": [0, 0, 6, 1], "rotation": 90, "texture": "#0"},
				"west": {"uv": [0, 0, 6, 1], "rotation": 90, "texture": "#0"},
				"up": {"uv": [0, 0, 6, 1], "rotation": 90, "texture": "#0"},
				"down": {"uv": [0, 0, 6, 1], "rotation": 90, "texture": "#0"}
			}
		},
		{
			"from": [5, 12, 15],
			"to": [11, 13, 16],
			"rotation": {"angle": 0, "axis": "y", "origin": [8, 9, 8]},
			"faces": {
				"north": {"uv": [0, 0, 6, 1], "texture": "#0"},
				"east": {"uv": [0, 0, 6, 1], "texture": "#0"},
				"south": {"uv": [0, 0, 6, 1], "texture": "#0"},
				"west": {"uv": [0, 0, 6, 1], "texture": "#0"},
				"up": {"uv": [0, 0, 6, 1], "texture": "#0"},
				"down": {"uv": [0, 0, 6, 1], "texture": "#0"}
			}
		},
		{
			"from": [5, 12, 0],
			"to": [11, 13, 1],
			"rotation": {"angle": 0, "axis": "y", "origin": [8, 9, 8]},
			"faces": {
				"north": {"uv": [0, 0, 6, 1], "texture": "#0"},
				"east": {"uv": [0, 0, 6, 1], "texture": "#0"},
				"south": {"uv": [0, 0, 6, 1], "texture": "#0"},
				"west": {"uv": [0, 0, 6, 1], "texture": "#0"},
				"up": {"uv": [0, 0, 6, 1], "texture": "#0"},
				"down": {"uv": [0, 0, 6, 1], "texture": "#0"}
			}
		},
		{
			"from": [5, 12, 0],
			"to": [11, 13, 1],
			"rotation": {"angle": 45, "axis": "y", "origin": [8, 9, 8]},
			"faces": {
				"north": {"uv": [0, 0, 6, 1], "texture": "#0"},
				"east": {"uv": [0, 0, 6, 1], "texture": "#0"},
				"south": {"uv": [0, 0, 6, 1], "texture": "#0"},
				"west": {"uv": [0, 0, 6, 1], "texture": "#0"},
				"up": {"uv": [0, 0, 6, 1], "texture": "#0"},
				"down": {"uv": [0, 0, 6, 1], "texture": "#0"}
			}
		},
		{
			"from": [5, 11, 14],
			"to": [11, 12, 15],
			"rotation": {"angle": 45, "axis": "y", "origin": [8, 8, 8]},
			"faces": {
				"north": {"uv": [0, 0, 6, 1], "texture": "#0"},
				"east": {"uv": [0, 0, 6, 1], "texture": "#0"},
				"south": {"uv": [0, 0, 6, 1], "texture": "#0"},
				"west": {"uv": [0, 0, 6, 1], "texture": "#0"},
				"up": {"uv": [0, 0, 6, 1], "texture": "#0"},
				"down": {"uv": [0, 0, 6, 1], "texture": "#0"}
			}
		},
		{
			"from": [5, 11, 14],
			"to": [11, 12, 15],
			"rotation": {"angle": -45, "axis": "y", "origin": [8, 8, 8]},
			"faces": {
				"north": {"uv": [0, 0, 6, 1], "texture": "#0"},
				"east": {"uv": [0, 0, 6, 1], "texture": "#0"},
				"south": {"uv": [0, 0, 6, 1], "texture": "#0"},
				"west": {"uv": [0, 0, 6, 1], "texture": "#0"},
				"up": {"uv": [0, 0, 6, 1], "texture": "#0"},
				"down": {"uv": [0, 0, 6, 1], "texture": "#0"}
			}
		},
		{
			"from": [5, 11, 1],
			"to": [11, 12, 2],
			"rotation": {"angle": -45, "axis": "y", "origin": [8, 8, 8]},
			"faces": {
				"north": {"uv": [0, 0, 6, 1], "texture": "#0"},
				"east": {"uv": [0, 0, 6, 1], "texture": "#0"},
				"south": {"uv": [0, 0, 6, 1], "texture": "#0"},
				"west": {"uv": [0, 0, 6, 1], "texture": "#0"},
				"up": {"uv": [0, 0, 6, 1], "texture": "#0"},
				"down": {"uv": [0, 0, 6, 1], "texture": "#0"}
			}
		},
		{
			"from": [14, 11, 5],
			"to": [15, 12, 11],
			"faces": {
				"north": {"uv": [0, 0, 6, 1], "rotation": 90, "texture": "#0"},
				"east": {"uv": [0, 0, 6, 1], "rotation": 90, "texture": "#0"},
				"south": {"uv": [0, 0, 6, 1], "rotation": 90, "texture": "#0"},
				"west": {"uv": [0, 0, 6, 1], "rotation": 90, "texture": "#0"},
				"up": {"uv": [0, 0, 6, 1], "rotation": 90, "texture": "#0"},
				"down": {"uv": [0, 0, 6, 1], "rotation": 90, "texture": "#0"}
			}
		},
		{
			"from": [1, 11, 5],
			"to": [2, 12, 11],
			"faces": {
				"north": {"uv": [0, 0, 6, 1], "rotation": 90, "texture": "#0"},
				"east": {"uv": [0, 0, 6, 1], "rotation": 90, "texture": "#0"},
				"south": {"uv": [0, 0, 6, 1], "rotation": 90, "texture": "#0"},
				"west": {"uv": [0, 0, 6, 1], "rotation": 90, "texture": "#0"},
				"up": {"uv": [0, 0, 6, 1], "rotation": 90, "texture": "#0"},
				"down": {"uv": [0, 0, 6, 1], "rotation": 90, "texture": "#0"}
			}
		},
		{
			"from": [5, 11, 14],
			"to": [11, 12, 15],
			"faces": {
				"north": {"uv": [0, 0, 6, 1], "texture": "#0"},
				"east": {"uv": [0, 0, 6, 1], "texture": "#0"},
				"south": {"uv": [0, 0, 6, 1], "texture": "#0"},
				"west": {"uv": [0, 0, 6, 1], "texture": "#0"},
				"up": {"uv": [0, 0, 6, 1], "texture": "#0"},
				"down": {"uv": [0, 0, 6, 1], "texture": "#0"}
			}
		},
		{
			"from": [5, 11, 1],
			"to": [11, 12, 2],
			"faces": {
				"north": {"uv": [0, 0, 6, 1], "texture": "#0"},
				"east": {"uv": [0, 0, 6, 1], "texture": "#0"},
				"south": {"uv": [0, 0, 6, 1], "texture": "#0"},
				"west": {"uv": [0, 0, 6, 1], "texture": "#0"},
				"up": {"uv": [0, 0, 6, 1], "texture": "#0"},
				"down": {"uv": [0, 0, 6, 1], "texture": "#0"}
			}
		},
		{
			"from": [5, 11, 1],
			"to": [11, 12, 2],
			"rotation": {"angle": 45, "axis": "y", "origin": [8, 8, 8]},
			"faces": {
				"north": {"uv": [0, 0, 6, 1], "texture": "#0"},
				"east": {"uv": [0, 0, 6, 1], "texture": "#0"},
				"south": {"uv": [0, 0, 6, 1], "texture": "#0"},
				"west": {"uv": [0, 0, 6, 1], "texture": "#0"},
				"up": {"uv": [0, 0, 6, 1], "texture": "#0"},
				"down": {"uv": [0, 0, 6, 1], "texture": "#0"}
			}
		},
		{
			"from": [5, 11, 2],
			"to": [11, 12, 8],
			"faces": {
				"north": {"uv": [0, 0, 6, 6], "texture": "#0"},
				"east": {"uv": [0, 0, 6, 6], "texture": "#0"},
				"south": {"uv": [0, 0, 6, 6], "texture": "#0"},
				"west": {"uv": [0, 0, 6, 6], "texture": "#0"},
				"up": {"uv": [0, 0, 6, 6], "texture": "#0"},
				"down": {"uv": [0, 0, 6, 6], "texture": "#0"}
			}
		},
		{
			"from": [6, 11, 2],
			"to": [10, 12, 4],
			"rotation": {"angle": 45, "axis": "y", "origin": [8, 8, 8]},
			"faces": {
				"north": {"uv": [0, 0, 4, 2], "texture": "#0"},
				"east": {"uv": [0, 0, 4, 2], "texture": "#0"},
				"south": {"uv": [0, 0, 4, 2], "texture": "#0"},
				"west": {"uv": [0, 0, 4, 2], "texture": "#0"},
				"up": {"uv": [0, 0, 4, 2], "texture": "#0"},
				"down": {"uv": [0, 0, 4, 2], "texture": "#0"}
			}
		},
		{
			"from": [6, 11, 12],
			"to": [10, 12, 14],
			"rotation": {"angle": -45, "axis": "y", "origin": [8, 8, 8]},
			"faces": {
				"north": {"uv": [0, 0, 4, 2], "texture": "#0"},
				"east": {"uv": [0, 0, 4, 2], "texture": "#0"},
				"south": {"uv": [0, 0, 4, 2], "texture": "#0"},
				"west": {"uv": [0, 0, 4, 2], "texture": "#0"},
				"up": {"uv": [0, 0, 4, 2], "texture": "#0"},
				"down": {"uv": [0, 0, 4, 2], "texture": "#0"}
			}
		},
		{
			"from": [6, 11, 2],
			"to": [10, 12, 4],
			"rotation": {"angle": -45, "axis": "y", "origin": [8, 8, 8]},
			"faces": {
				"north": {"uv": [0, 0, 4, 2], "texture": "#0"},
				"east": {"uv": [0, 0, 4, 2], "texture": "#0"},
				"south": {"uv": [0, 0, 4, 2], "texture": "#0"},
				"west": {"uv": [0, 0, 4, 2], "texture": "#0"},
				"up": {"uv": [0, 0, 4, 2], "texture": "#0"},
				"down": {"uv": [0, 0, 4, 2], "texture": "#0"}
			}
		},
		{
			"from": [6, 11, 12],
			"to": [10, 12, 14],
			"rotation": {"angle": 45, "axis": "y", "origin": [8, 8, 8]},
			"faces": {
				"north": {"uv": [0, 0, 4, 2], "texture": "#0"},
				"east": {"uv": [0, 0, 4, 2], "texture": "#0"},
				"south": {"uv": [0, 0, 4, 2], "texture": "#0"},
				"west": {"uv": [0, 0, 4, 2], "texture": "#0"},
				"up": {"uv": [0, 0, 4, 2], "texture": "#0"},
				"down": {"uv": [0, 0, 4, 2], "texture": "#0"}
			}
		},
		{
			"from": [11, 11, 5],
			"to": [14, 12, 11],
			"faces": {
				"north": {"uv": [0, 0, 3, 6], "texture": "#0"},
				"east": {"uv": [0, 0, 3, 6], "texture": "#0"},
				"south": {"uv": [0, 0, 3, 6], "texture": "#0"},
				"west": {"uv": [0, 0, 3, 6], "texture": "#0"},
				"up": {"uv": [0, 0, 3, 6], "texture": "#0"},
				"down": {"uv": [0, 0, 3, 6], "texture": "#0"}
			}
		},
		{
			"from": [2, 11, 5],
			"to": [5, 12, 11],
			"faces": {
				"north": {"uv": [0, 0, 3, 6], "texture": "#0"},
				"east": {"uv": [0, 0, 3, 6], "texture": "#0"},
				"south": {"uv": [0, 0, 3, 6], "texture": "#0"},
				"west": {"uv": [0, 0, 3, 6], "texture": "#0"},
				"up": {"uv": [0, 0, 3, 6], "texture": "#0"},
				"down": {"uv": [0, 0, 3, 6], "texture": "#0"}
			}
		},
		{
			"from": [5, 11, 8],
			"to": [11, 12, 14],
			"faces": {
				"north": {"uv": [0, 0, 6, 6], "texture": "#0"},
				"east": {"uv": [0, 0, 6, 6], "texture": "#0"},
				"south": {"uv": [0, 0, 6, 6], "texture": "#0"},
				"west": {"uv": [0, 0, 6, 6], "texture": "#0"},
				"up": {"uv": [0, 0, 6, 6], "texture": "#0"},
				"down": {"uv": [0, 0, 6, 6], "texture": "#0"}
			}
		},
		{
			"from": [4, 13, 16],
			"to": [12, 14, 17],
			"rotation": {"angle": 45, "axis": "y", "origin": [8, 10, 8]},
			"faces": {
				"north": {"uv": [0, 0, 8, 1], "texture": "#0"},
				"east": {"uv": [0, 0, 8, 1], "texture": "#0"},
				"south": {"uv": [0, 0, 8, 1], "texture": "#0"},
				"west": {"uv": [0, 0, 8, 1], "texture": "#0"},
				"up": {"uv": [0, 0, 8, 1], "texture": "#0"},
				"down": {"uv": [0, 0, 8, 1], "texture": "#0"}
			}
		},
		{
			"from": [4, 13, 16],
			"to": [12, 14, 17],
			"rotation": {"angle": -45, "axis": "y", "origin": [8, 10, 8]},
			"faces": {
				"north": {"uv": [0, 0, 8, 1], "texture": "#0"},
				"east": {"uv": [0, 0, 8, 1], "texture": "#0"},
				"south": {"uv": [0, 0, 8, 1], "texture": "#0"},
				"west": {"uv": [0, 0, 8, 1], "texture": "#0"},
				"up": {"uv": [0, 0, 8, 1], "texture": "#0"},
				"down": {"uv": [0, 0, 8, 1], "texture": "#0"}
			}
		},
		{
			"from": [4, 13, -1],
			"to": [12, 14, 0],
			"rotation": {"angle": -45, "axis": "y", "origin": [8, 10, 8]},
			"faces": {
				"north": {"uv": [0, 0, 8, 1], "texture": "#0"},
				"east": {"uv": [0, 0, 8, 1], "texture": "#0"},
				"south": {"uv": [0, 0, 8, 1], "texture": "#0"},
				"west": {"uv": [0, 0, 8, 1], "texture": "#0"},
				"up": {"uv": [0, 0, 8, 1], "texture": "#0"},
				"down": {"uv": [0, 0, 8, 1], "texture": "#0"}
			}
		},
		{
			"from": [16, 13, 4],
			"to": [17, 14, 12],
			"rotation": {"angle": 0, "axis": "y", "origin": [8, 10, 8]},
			"faces": {
				"north": {"uv": [0, 0, 8, 1], "rotation": 90, "texture": "#0"},
				"east": {"uv": [0, 0, 8, 1], "rotation": 90, "texture": "#0"},
				"south": {"uv": [0, 0, 8, 1], "rotation": 90, "texture": "#0"},
				"west": {"uv": [0, 0, 8, 1], "rotation": 90, "texture": "#0"},
				"up": {"uv": [0, 0, 8, 1], "rotation": 90, "texture": "#0"},
				"down": {"uv": [0, 0, 8, 1], "rotation": 90, "texture": "#0"}
			}
		},
		{
			"from": [-1, 13, 4],
			"to": [0, 14, 12],
			"rotation": {"angle": 0, "axis": "y", "origin": [8, 10, 8]},
			"faces": {
				"north": {"uv": [0, 0, 8, 1], "rotation": 90, "texture": "#0"},
				"east": {"uv": [0, 0, 8, 1], "rotation": 90, "texture": "#0"},
				"south": {"uv": [0, 0, 8, 1], "rotation": 90, "texture": "#0"},
				"west": {"uv": [0, 0, 8, 1], "rotation": 90, "texture": "#0"},
				"up": {"uv": [0, 0, 8, 1], "rotation": 90, "texture": "#0"},
				"down": {"uv": [0, 0, 8, 1], "rotation": 90, "texture": "#0"}
			}
		},
		{
			"from": [4, 13, 16],
			"to": [12, 14, 17],
			"rotation": {"angle": 0, "axis": "y", "origin": [8, 10, 8]},
			"faces": {
				"north": {"uv": [0, 0, 8, 1], "texture": "#0"},
				"east": {"uv": [0, 0, 8, 1], "texture": "#0"},
				"south": {"uv": [0, 0, 8, 1], "texture": "#0"},
				"west": {"uv": [0, 0, 8, 1], "texture": "#0"},
				"up": {"uv": [0, 0, 8, 1], "texture": "#0"},
				"down": {"uv": [0, 0, 8, 1], "texture": "#0"}
			}
		},
		{
			"from": [4, 13, -1],
			"to": [12, 14, 0],
			"rotation": {"angle": 0, "axis": "y", "origin": [8, 10, 8]},
			"faces": {
				"north": {"uv": [0, 0, 8, 1], "texture": "#0"},
				"east": {"uv": [0, 0, 8, 1], "texture": "#0"},
				"south": {"uv": [0, 0, 8, 1], "texture": "#0"},
				"west": {"uv": [0, 0, 8, 1], "texture": "#0"},
				"up": {"uv": [0, 0, 8, 1], "texture": "#0"},
				"down": {"uv": [0, 0, 8, 1], "texture": "#0"}
			}
		},
		{
			"from": [4, 13, -1],
			"to": [12, 14, 0],
			"rotation": {"angle": 45, "axis": "y", "origin": [8, 10, 8]},
			"faces": {
				"north": {"uv": [0, 0, 8, 1], "texture": "#0"},
				"east": {"uv": [0, 0, 8, 1], "texture": "#0"},
				"south": {"uv": [0, 0, 8, 1], "texture": "#0"},
				"west": {"uv": [0, 0, 8, 1], "texture": "#0"},
				"up": {"uv": [0, 0, 8, 1], "texture": "#0"},
				"down": {"uv": [0, 0, 8, 1], "texture": "#0"}
			}
		},
		{
			"from": [4, 14, 17],
			"to": [12, 15, 18],
			"rotation": {"angle": 45, "axis": "y", "origin": [8, 11, 8]},
			"faces": {
				"north": {"uv": [0, 0, 8, 1], "texture": "#0"},
				"east": {"uv": [0, 0, 8, 1], "texture": "#0"},
				"south": {"uv": [0, 0, 8, 1], "texture": "#0"},
				"west": {"uv": [0, 0, 8, 1], "texture": "#0"},
				"up": {"uv": [0, 0, 8, 1], "texture": "#0"},
				"down": {"uv": [0, 0, 8, 1], "texture": "#0"}
			}
		},
		{
			"from": [4, 14, 17],
			"to": [12, 15, 18],
			"rotation": {"angle": -45, "axis": "y", "origin": [8, 11, 8]},
			"faces": {
				"north": {"uv": [0, 0, 8, 1], "texture": "#0"},
				"east": {"uv": [0, 0, 8, 1], "texture": "#0"},
				"south": {"uv": [0, 0, 8, 1], "texture": "#0"},
				"west": {"uv": [0, 0, 8, 1], "texture": "#0"},
				"up": {"uv": [0, 0, 8, 1], "texture": "#0"},
				"down": {"uv": [0, 0, 8, 1], "texture": "#0"}
			}
		},
		{
			"from": [4, 14, -2],
			"to": [12, 15, -1],
			"rotation": {"angle": -45, "axis": "y", "origin": [8, 11, 8]},
			"faces": {
				"north": {"uv": [0, 0, 8, 1], "texture": "#0"},
				"east": {"uv": [0, 0, 8, 1], "texture": "#0"},
				"south": {"uv": [0, 0, 8, 1], "texture": "#0"},
				"west": {"uv": [0, 0, 8, 1], "texture": "#0"},
				"up": {"uv": [0, 0, 8, 1], "texture": "#0"},
				"down": {"uv": [0, 0, 8, 1], "texture": "#0"}
			}
		},
		{
			"from": [17, 14, 4],
			"to": [18, 15, 12],
			"rotation": {"angle": 0, "axis": "y", "origin": [8, 11, 8]},
			"faces": {
				"north": {"uv": [0, 0, 8, 1], "rotation": 90, "texture": "#0"},
				"east": {"uv": [0, 0, 8, 1], "rotation": 90, "texture": "#0"},
				"south": {"uv": [0, 0, 8, 1], "rotation": 90, "texture": "#0"},
				"west": {"uv": [0, 0, 8, 1], "rotation": 90, "texture": "#0"},
				"up": {"uv": [0, 0, 8, 1], "rotation": 90, "texture": "#0"},
				"down": {"uv": [0, 0, 8, 1], "rotation": 90, "texture": "#0"}
			}
		},
		{
			"from": [-2, 14, 4],
			"to": [-1, 15, 12],
			"rotation": {"angle": 0, "axis": "y", "origin": [8, 11, 8]},
			"faces": {
				"north": {"uv": [0, 0, 8, 1], "rotation": 90, "texture": "#0"},
				"east": {"uv": [0, 0, 8, 1], "rotation": 90, "texture": "#0"},
				"south": {"uv": [0, 0, 8, 1], "rotation": 90, "texture": "#0"},
				"west": {"uv": [0, 0, 8, 1], "rotation": 90, "texture": "#0"},
				"up": {"uv": [0, 0, 8, 1], "rotation": 90, "texture": "#0"},
				"down": {"uv": [0, 0, 8, 1], "rotation": 90, "texture": "#0"}
			}
		},
		{
			"from": [4, 14, 17],
			"to": [12, 15, 18],
			"rotation": {"angle": 0, "axis": "y", "origin": [8, 11, 8]},
			"faces": {
				"north": {"uv": [0, 0, 8, 1], "texture": "#0"},
				"east": {"uv": [0, 0, 8, 1], "texture": "#0"},
				"south": {"uv": [0, 0, 8, 1], "texture": "#0"},
				"west": {"uv": [0, 0, 8, 1], "texture": "#0"},
				"up": {"uv": [0, 0, 8, 1], "texture": "#0"},
				"down": {"uv": [0, 0, 8, 1], "texture": "#0"}
			}
		},
		{
			"from": [4, 14, -2],
			"to": [12, 15, -1],
			"rotation": {"angle": 0, "axis": "y", "origin": [8, 11, 8]},
			"faces": {
				"north": {"uv": [0, 0, 8, 1], "texture": "#0"},
				"east": {"uv": [0, 0, 8, 1], "texture": "#0"},
				"south": {"uv": [0, 0, 8, 1], "texture": "#0"},
				"west": {"uv": [0, 0, 8, 1], "texture": "#0"},
				"up": {"uv": [0, 0, 8, 1], "texture": "#0"},
				"down": {"uv": [0, 0, 8, 1], "texture": "#0"}
			}
		},
		{
			"from": [4, 14, -2],
			"to": [12, 15, -1],
			"rotation": {"angle": 45, "axis": "y", "origin": [8, 11, 8]},
			"faces": {
				"north": {"uv": [0, 0, 8, 1], "texture": "#0"},
				"east": {"uv": [0, 0, 8, 1], "texture": "#0"},
				"south": {"uv": [0, 0, 8, 1], "texture": "#0"},
				"west": {"uv": [0, 0, 8, 1], "texture": "#0"},
				"up": {"uv": [0, 0, 8, 1], "texture": "#0"},
				"down": {"uv": [0, 0, 8, 1], "texture": "#0"}
			}
		},
		{
			"from": [3, 15, 18],
			"to": [13, 25, 19],
			"rotation": {"angle": 45, "axis": "y", "origin": [8, 12, 8]},
			"faces": {
				"north": {"uv": [0, 0, 10, 1], "texture": "#0"},
				"east": {"uv": [0, 0, 10, 1], "texture": "#0"},
				"south": {"uv": [0, 0, 10, 1], "texture": "#0"},
				"west": {"uv": [0, 0, 10, 1], "texture": "#0"},
				"up": {"uv": [0, 0, 10, 1], "texture": "#0"},
				"down": {"uv": [0, 0, 10, 1], "texture": "#0"}
			}
		},
		{
			"from": [3, 15, 18],
			"to": [13, 25, 19],
			"rotation": {"angle": -45, "axis": "y", "origin": [8, 12, 8]},
			"faces": {
				"north": {"uv": [0, 0, 10, 1], "texture": "#0"},
				"east": {"uv": [0, 0, 10, 1], "texture": "#0"},
				"south": {"uv": [0, 0, 10, 1], "texture": "#0"},
				"west": {"uv": [0, 0, 10, 1], "texture": "#0"},
				"up": {"uv": [0, 0, 10, 1], "texture": "#0"},
				"down": {"uv": [0, 0, 10, 1], "texture": "#0"}
			}
		},
		{
			"from": [3, 15, -3],
			"to": [13, 25, -2],
			"rotation": {"angle": -45, "axis": "y", "origin": [8, 12, 8]},
			"faces": {
				"north": {"uv": [0, 0, 10, 1], "texture": "#0"},
				"east": {"uv": [0, 0, 10, 1], "texture": "#0"},
				"south": {"uv": [0, 0, 10, 1], "texture": "#0"},
				"west": {"uv": [0, 0, 10, 1], "texture": "#0"},
				"up": {"uv": [0, 0, 10, 1], "texture": "#0"},
				"down": {"uv": [0, 0, 10, 1], "texture": "#0"}
			}
		},
		{
			"from": [18, 15, 3],
			"to": [19, 25, 13],
			"rotation": {"angle": 0, "axis": "y", "origin": [8, 12, 8]},
			"faces": {
				"north": {"uv": [0, 0, 10, 1], "rotation": 90, "texture": "#0"},
				"east": {"uv": [0, 0, 10, 1], "rotation": 90, "texture": "#0"},
				"south": {"uv": [0, 0, 10, 1], "rotation": 90, "texture": "#0"},
				"west": {"uv": [0, 0, 10, 1], "rotation": 90, "texture": "#0"},
				"up": {"uv": [0, 0, 10, 1], "rotation": 90, "texture": "#0"},
				"down": {"uv": [0, 0, 10, 1], "rotation": 90, "texture": "#0"}
			}
		},
		{
			"from": [-3, 15, 3],
			"to": [-2, 25, 13],
			"rotation": {"angle": 0, "axis": "y", "origin": [8, 12, 8]},
			"faces": {
				"north": {"uv": [0, 0, 10, 1], "rotation": 90, "texture": "#0"},
				"east": {"uv": [0, 0, 10, 1], "rotation": 90, "texture": "#0"},
				"south": {"uv": [0, 0, 10, 1], "rotation": 90, "texture": "#0"},
				"west": {"uv": [0, 0, 10, 1], "rotation": 90, "texture": "#0"},
				"up": {"uv": [0, 0, 10, 1], "rotation": 90, "texture": "#0"},
				"down": {"uv": [0, 0, 10, 1], "rotation": 90, "texture": "#0"}
			}
		},
		{
			"from": [3, 15, 18],
			"to": [13, 25, 19],
			"rotation": {"angle": 0, "axis": "y", "origin": [8, 12, 8]},
			"faces": {
				"north": {"uv": [0, 0, 10, 1], "texture": "#0"},
				"east": {"uv": [0, 0, 10, 1], "texture": "#0"},
				"south": {"uv": [0, 0, 10, 1], "texture": "#0"},
				"west": {"uv": [0, 0, 10, 1], "texture": "#0"},
				"up": {"uv": [0, 0, 10, 1], "texture": "#0"},
				"down": {"uv": [0, 0, 10, 1], "texture": "#0"}
			}
		},
		{
			"from": [3, 15, -3],
			"to": [13, 25, -2],
			"rotation": {"angle": 0, "axis": "y", "origin": [8, 12, 8]},
			"faces": {
				"north": {"uv": [0, 0, 10, 1], "texture": "#0"},
				"east": {"uv": [0, 0, 10, 1], "texture": "#0"},
				"south": {"uv": [0, 0, 10, 1], "texture": "#0"},
				"west": {"uv": [0, 0, 10, 1], "texture": "#0"},
				"up": {"uv": [0, 0, 10, 1], "texture": "#0"},
				"down": {"uv": [0, 0, 10, 1], "texture": "#0"}
			}
		},
		{
			"from": [3, 15, -3],
			"to": [13, 25, -2],
			"rotation": {"angle": 45, "axis": "y", "origin": [8, 12, 8]},
			"faces": {
				"north": {"uv": [0, 0, 10, 1], "texture": "#0"},
				"east": {"uv": [0, 0, 10, 1], "texture": "#0"},
				"south": {"uv": [0, 0, 10, 1], "texture": "#0"},
				"west": {"uv": [0, 0, 10, 1], "texture": "#0"},
				"up": {"uv": [0, 0, 10, 1], "texture": "#0"},
				"down": {"uv": [0, 0, 10, 1], "texture": "#0"}
			}
		},
		{
			"from": [-11, 18, 7],
			"to": [-8, 19, 9],
			"rotation": {"angle": -22.5, "axis": "z", "origin": [8, 8, 8]},
			"faces": {
				"north": {"uv": [0, 0, 3, 2], "texture": "#0"},
				"east": {"uv": [0, 0, 3, 2], "texture": "#0"},
				"south": {"uv": [0, 0, 3, 2], "texture": "#0"},
				"west": {"uv": [0, 0, 3, 2], "texture": "#0"},
				"up": {"uv": [0, 0, 3, 2], "texture": "#0"},
				"down": {"uv": [0, 0, 3, 2], "texture": "#0"}
			}
		},
		{
			"from": [-11, 11, 7],
			"to": [-5, 12, 9],
			"rotation": {"angle": -22.5, "axis": "z", "origin": [8, 8, 8]},
			"faces": {
				"north": {"uv": [0, 0, 6, 2], "texture": "#0"},
				"east": {"uv": [0, 0, 6, 2], "texture": "#0"},
				"south": {"uv": [0, 0, 6, 2], "texture": "#0"},
				"west": {"uv": [0, 0, 6, 2], "texture": "#0"},
				"up": {"uv": [0, 0, 6, 2], "texture": "#0"},
				"down": {"uv": [0, 0, 6, 2], "texture": "#0"}
			}
		},
		{
			"from": [24, 18, 7],
			"to": [27, 19, 9],
			"rotation": {"angle": 22.5, "axis": "z", "origin": [8, 8, 8]},
			"faces": {
				"north": {"uv": [0, 0, 3, 2], "texture": "#0"},
				"east": {"uv": [0, 0, 3, 2], "texture": "#0"},
				"south": {"uv": [0, 0, 3, 2], "texture": "#0"},
				"west": {"uv": [0, 0, 3, 2], "texture": "#0"},
				"up": {"uv": [0, 0, 3, 2], "texture": "#0"},
				"down": {"uv": [0, 0, 3, 2], "texture": "#0"}
			}
		},
		{
			"from": [21, 11, 7],
			"to": [27, 12, 9],
			"rotation": {"angle": 22.5, "axis": "z", "origin": [8, 8, 8]},
			"faces": {
				"north": {"uv": [0, 0, 6, 2], "texture": "#0"},
				"east": {"uv": [0, 0, 6, 2], "texture": "#0"},
				"south": {"uv": [0, 0, 6, 2], "texture": "#0"},
				"west": {"uv": [0, 0, 6, 2], "texture": "#0"},
				"up": {"uv": [0, 0, 6, 2], "texture": "#0"},
				"down": {"uv": [0, 0, 6, 2], "texture": "#0"}
			}
		},
		{
			"from": [13, 28, 7],
			"to": [14, 32, 9],
			"rotation": {"angle": -22.5, "axis": "z", "origin": [8, 8, 8]},
			"faces": {
				"north": {"uv": [0, 0, 1, 2], "texture": "#0"},
				"east": {"uv": [0, 0, 1, 2], "texture": "#0"},
				"south": {"uv": [0, 0, 1, 2], "texture": "#0"},
				"west": {"uv": [0, 0, 1, 2], "texture": "#0"},
				"up": {"uv": [0, 0, 1, 2], "texture": "#0"},
				"down": {"uv": [0, 0, 1, 2], "texture": "#0"}
			}
		},
		{
			"from": [18, 23, 7],
			"to": [19, 28, 9],
			"rotation": {"angle": -22.5, "axis": "z", "origin": [8, 8, 8]},
			"faces": {
				"north": {"uv": [0, 0, 1, 2], "texture": "#0"},
				"east": {"uv": [0, 0, 1, 2], "texture": "#0"},
				"south": {"uv": [0, 0, 1, 2], "texture": "#0"},
				"west": {"uv": [0, 0, 1, 2], "texture": "#0"},
				"up": {"uv": [0, 0, 1, 2], "texture": "#0"},
				"down": {"uv": [0, 0, 1, 2], "texture": "#0"}
			}
		},
		{
			"from": [2, 28, 7],
			"to": [3, 32, 9],
			"rotation": {"angle": 22.5, "axis": "z", "origin": [8, 8, 8]},
			"faces": {
				"north": {"uv": [0, 0, 1, 2], "texture": "#0"},
				"east": {"uv": [0, 0, 1, 2], "texture": "#0"},
				"south": {"uv": [0, 0, 1, 2], "texture": "#0"},
				"west": {"uv": [0, 0, 1, 2], "texture": "#0"},
				"up": {"uv": [0, 0, 1, 2], "texture": "#0"},
				"down": {"uv": [0, 0, 1, 2], "texture": "#0"}
			}
		},
		{
			"from": [-3, 23, 7],
			"to": [-2, 28, 9],
			"rotation": {"angle": 22.5, "axis": "z", "origin": [8, 8, 8]},
			"faces": {
				"north": {"uv": [0, 0, 1, 2], "texture": "#0"},
				"east": {"uv": [0, 0, 1, 2], "texture": "#0"},
				"south": {"uv": [0, 0, 1, 2], "texture": "#0"},
				"west": {"uv": [0, 0, 1, 2], "texture": "#0"},
				"up": {"uv": [0, 0, 1, 2], "texture": "#0"},
				"down": {"uv": [0, 0, 1, 2], "texture": "#0"}
			}
		},
		{
			"from": [-10, 27, 7],
			"to": [-6, 28, 9],
			"faces": {
				"north": {"uv": [0, 0, 4, 2], "texture": "#0"},
				"east": {"uv": [0, 0, 4, 2], "texture": "#0"},
				"south": {"uv": [0, 0, 4, 2], "texture": "#0"},
				"west": {"uv": [0, 0, 4, 2], "texture": "#0"},
				"up": {"uv": [0, 0, 4, 2], "texture": "#0"},
				"down": {"uv": [0, 0, 4, 2], "texture": "#0"}
			}
		},
		{
			"from": [-10, 22, 7],
			"to": [-9, 27, 9],
			"faces": {
				"north": {"uv": [0, 0, 1, 2], "texture": "#0"},
				"east": {"uv": [0, 0, 1, 2], "texture": "#0"},
				"south": {"uv": [0, 0, 1, 2], "texture": "#0"},
				"west": {"uv": [0, 0, 1, 2], "texture": "#0"},
				"up": {"uv": [0, 0, 1, 2], "texture": "#0"},
				"down": {"uv": [0, 0, 1, 2], "texture": "#0"}
			}
		},
		{
			"from": [25, 22, 7],
			"to": [26, 27, 9],
			"faces": {
				"north": {"uv": [0, 0, 1, 2], "texture": "#0"},
				"east": {"uv": [0, 0, 1, 2], "texture": "#0"},
				"south": {"uv": [0, 0, 1, 2], "texture": "#0"},
				"west": {"uv": [0, 0, 1, 2], "texture": "#0"},
				"up": {"uv": [0, 0, 1, 2], "texture": "#0"},
				"down": {"uv": [0, 0, 1, 2], "texture": "#0"}
			}
		},
		{
			"from": [22, 27, 7],
			"to": [26, 28, 9],
			"faces": {
				"north": {"uv": [0, 0, 4, 2], "texture": "#0"},
				"east": {"uv": [0, 0, 4, 2], "texture": "#0"},
				"south": {"uv": [0, 0, 4, 2], "texture": "#0"},
				"west": {"uv": [0, 0, 4, 2], "texture": "#0"},
				"up": {"uv": [0, 0, 4, 2], "texture": "#0"},
				"down": {"uv": [0, 0, 4, 2], "texture": "#0"}
			}
		},
		{
			"from": [6, 10, 13],
			"to": [10, 11, 14],
			"rotation": {"angle": 45, "axis": "y", "origin": [8, 7, 8]},
			"faces": {
				"north": {"uv": [0, 0, 16, 7.5], "texture": "#0"},
				"east": {"uv": [0, 0, 16, 7.5], "texture": "#0"},
				"south": {"uv": [0, 0, 16, 7.5], "texture": "#0"},
				"west": {"uv": [0, 0, 16, 7.5], "texture": "#0"},
				"up": {"uv": [0, 0, 16, 7.5], "texture": "#0"},
				"down": {"uv": [0, 0, 16, 7.5], "texture": "#0"}
			}
		},
		{
			"from": [6, 10, 13],
			"to": [10, 11, 14],
			"rotation": {"angle": -45, "axis": "y", "origin": [8, 7, 8]},
			"faces": {
				"north": {"uv": [0, 0, 16, 7.5], "texture": "#0"},
				"east": {"uv": [0, 0, 16, 7.5], "texture": "#0"},
				"south": {"uv": [0, 0, 16, 7.5], "texture": "#0"},
				"west": {"uv": [0, 0, 16, 7.5], "texture": "#0"},
				"up": {"uv": [0, 0, 16, 7.5], "texture": "#0"},
				"down": {"uv": [0, 0, 16, 7.5], "texture": "#0"}
			}
		},
		{
			"from": [6, 10, 2],
			"to": [10, 11, 3],
			"rotation": {"angle": -45, "axis": "y", "origin": [8, 7, 8]},
			"faces": {
				"north": {"uv": [0, 0, 16, 7.5], "texture": "#0"},
				"east": {"uv": [0, 0, 16, 7.5], "texture": "#0"},
				"south": {"uv": [0, 0, 16, 7.5], "texture": "#0"},
				"west": {"uv": [0, 0, 16, 7.5], "texture": "#0"},
				"up": {"uv": [0, 0, 16, 7.5], "texture": "#0"},
				"down": {"uv": [0, 0, 16, 7.5], "texture": "#0"}
			}
		},
		{
			"from": [13, 10, 6],
			"to": [14, 11, 10],
			"rotation": {"angle": 0, "axis": "y", "origin": [8, 7, 8]},
			"faces": {
				"north": {"uv": [0, 0, 16, 7.5], "rotation": 90, "texture": "#0"},
				"east": {"uv": [0, 0, 16, 7.5], "rotation": 90, "texture": "#0"},
				"south": {"uv": [0, 0, 16, 7.5], "rotation": 90, "texture": "#0"},
				"west": {"uv": [0, 0, 16, 7.5], "rotation": 90, "texture": "#0"},
				"up": {"uv": [0, 0, 16, 7.5], "rotation": 90, "texture": "#0"},
				"down": {"uv": [0, 0, 16, 7.5], "rotation": 90, "texture": "#0"}
			}
		},
		{
			"from": [2, 10, 6],
			"to": [3, 11, 10],
			"rotation": {"angle": 0, "axis": "y", "origin": [8, 7, 8]},
			"faces": {
				"north": {"uv": [0, 0, 16, 7.5], "rotation": 90, "texture": "#0"},
				"east": {"uv": [0, 0, 16, 7.5], "rotation": 90, "texture": "#0"},
				"south": {"uv": [0, 0, 16, 7.5], "rotation": 90, "texture": "#0"},
				"west": {"uv": [0, 0, 16, 7.5], "rotation": 90, "texture": "#0"},
				"up": {"uv": [0, 0, 16, 7.5], "rotation": 90, "texture": "#0"},
				"down": {"uv": [0, 0, 16, 7.5], "rotation": 90, "texture": "#0"}
			}
		},
		{
			"from": [6, 10, 13],
			"to": [10, 11, 14],
			"rotation": {"angle": 0, "axis": "y", "origin": [8, 7, 8]},
			"faces": {
				"north": {"uv": [0, 0, 16, 7.5], "texture": "#0"},
				"east": {"uv": [0, 0, 16, 7.5], "texture": "#0"},
				"south": {"uv": [0, 0, 16, 7.5], "texture": "#0"},
				"west": {"uv": [0, 0, 16, 7.5], "texture": "#0"},
				"up": {"uv": [0, 0, 16, 7.5], "texture": "#0"},
				"down": {"uv": [0, 0, 16, 7.5], "texture": "#0"}
			}
		},
		{
			"from": [5, 10, 5],
			"to": [11, 11, 11],
			"rotation": {"angle": 0, "axis": "y", "origin": [8, 7, 8]},
			"faces": {
				"north": {"uv": [0, 0, 16, 7.5], "texture": "#0"},
				"east": {"uv": [0, 0, 16, 7.5], "texture": "#0"},
				"south": {"uv": [0, 0, 16, 7.5], "texture": "#0"},
				"west": {"uv": [0, 0, 16, 7.5], "texture": "#0"},
				"up": {"uv": [0, 0, 16, 7.5], "texture": "#0"},
				"down": {"uv": [0, 0, 16, 7.5], "texture": "#0"}
			}
		},
		{
			"from": [6, 10, 2],
			"to": [10, 11, 3],
			"rotation": {"angle": 0, "axis": "y", "origin": [8, 7, 8]},
			"faces": {
				"north": {"uv": [0, 0, 16, 7.5], "texture": "#0"},
				"east": {"uv": [0, 0, 16, 7.5], "texture": "#0"},
				"south": {"uv": [0, 0, 16, 7.5], "texture": "#0"},
				"west": {"uv": [0, 0, 16, 7.5], "texture": "#0"},
				"up": {"uv": [0, 0, 16, 7.5], "texture": "#0"},
				"down": {"uv": [0, 0, 16, 7.5], "texture": "#0"}
			}
		},
		{
			"from": [6, 10, 2],
			"to": [10, 11, 3],
			"rotation": {"angle": 45, "axis": "y", "origin": [8, 7, 8]},
			"faces": {
				"north": {"uv": [0, 0, 16, 7.5], "texture": "#0"},
				"east": {"uv": [0, 0, 16, 7.5], "texture": "#0"},
				"south": {"uv": [0, 0, 16, 7.5], "texture": "#0"},
				"west": {"uv": [0, 0, 16, 7.5], "texture": "#0"},
				"up": {"uv": [0, 0, 16, 7.5], "texture": "#0"},
				"down": {"uv": [0, 0, 16, 7.5], "texture": "#0"}
			}
		},
		{
			"from": [6, 3, 13],
			"to": [10, 4, 14],
			"rotation": {"angle": 45, "axis": "y", "origin": [8, 0, 8]},
			"faces": {
				"north": {"uv": [0, 0, 16, 7.5], "texture": "#0"},
				"east": {"uv": [0, 0, 16, 7.5], "texture": "#0"},
				"south": {"uv": [0, 0, 16, 7.5], "texture": "#0"},
				"west": {"uv": [0, 0, 16, 7.5], "texture": "#0"},
				"up": {"uv": [0, 0, 16, 7.5], "texture": "#0"},
				"down": {"uv": [0, 0, 16, 7.5], "texture": "#0"}
			}
		},
		{
			"from": [6, 3, 13],
			"to": [10, 4, 14],
			"rotation": {"angle": -45, "axis": "y", "origin": [8, 0, 8]},
			"faces": {
				"north": {"uv": [0, 0, 16, 7.5], "texture": "#0"},
				"east": {"uv": [0, 0, 16, 7.5], "texture": "#0"},
				"south": {"uv": [0, 0, 16, 7.5], "texture": "#0"},
				"west": {"uv": [0, 0, 16, 7.5], "texture": "#0"},
				"up": {"uv": [0, 0, 16, 7.5], "texture": "#0"},
				"down": {"uv": [0, 0, 16, 7.5], "texture": "#0"}
			}
		},
		{
			"from": [6, 3, 2],
			"to": [10, 4, 3],
			"rotation": {"angle": -45, "axis": "y", "origin": [8, 0, 8]},
			"faces": {
				"north": {"uv": [0, 0, 16, 7.5], "texture": "#0"},
				"east": {"uv": [0, 0, 16, 7.5], "texture": "#0"},
				"south": {"uv": [0, 0, 16, 7.5], "texture": "#0"},
				"west": {"uv": [0, 0, 16, 7.5], "texture": "#0"},
				"up": {"uv": [0, 0, 16, 7.5], "texture": "#0"},
				"down": {"uv": [0, 0, 16, 7.5], "texture": "#0"}
			}
		},
		{
			"from": [13, 3, 6],
			"to": [14, 4, 10],
			"rotation": {"angle": 0, "axis": "y", "origin": [8, 0, 8]},
			"faces": {
				"north": {"uv": [0, 0, 16, 7.5], "rotation": 90, "texture": "#0"},
				"east": {"uv": [0, 0, 16, 7.5], "rotation": 90, "texture": "#0"},
				"south": {"uv": [0, 0, 16, 7.5], "rotation": 90, "texture": "#0"},
				"west": {"uv": [0, 0, 16, 7.5], "rotation": 90, "texture": "#0"},
				"up": {"uv": [0, 0, 16, 7.5], "rotation": 90, "texture": "#0"},
				"down": {"uv": [0, 0, 16, 7.5], "rotation": 90, "texture": "#0"}
			}
		},
		{
			"from": [2, 3, 6],
			"to": [3, 4, 10],
			"rotation": {"angle": 0, "axis": "y", "origin": [8, 0, 8]},
			"faces": {
				"north": {"uv": [0, 0, 16, 7.5], "rotation": 90, "texture": "#0"},
				"east": {"uv": [0, 0, 16, 7.5], "rotation": 90, "texture": "#0"},
				"south": {"uv": [0, 0, 16, 7.5], "rotation": 90, "texture": "#0"},
				"west": {"uv": [0, 0, 16, 7.5], "rotation": 90, "texture": "#0"},
				"up": {"uv": [0, 0, 16, 7.5], "rotation": 90, "texture": "#0"},
				"down": {"uv": [0, 0, 16, 7.5], "rotation": 90, "texture": "#0"}
			}
		},
		{
			"from": [6, 3, 13],
			"to": [10, 4, 14],
			"rotation": {"angle": 0, "axis": "y", "origin": [8, 0, 8]},
			"faces": {
				"north": {"uv": [0, 0, 16, 7.5], "texture": "#0"},
				"east": {"uv": [0, 0, 16, 7.5], "texture": "#0"},
				"south": {"uv": [0, 0, 16, 7.5], "texture": "#0"},
				"west": {"uv": [0, 0, 16, 7.5], "texture": "#0"},
				"up": {"uv": [0, 0, 16, 7.5], "texture": "#0"},
				"down": {"uv": [0, 0, 16, 7.5], "texture": "#0"}
			}
		},
		{
			"from": [5, 3, 5],
			"to": [11, 4, 11],
			"rotation": {"angle": 0, "axis": "y", "origin": [8, 0, 8]},
			"faces": {
				"north": {"uv": [0, 0, 16, 7.5], "texture": "#0"},
				"east": {"uv": [0, 0, 16, 7.5], "texture": "#0"},
				"south": {"uv": [0, 0, 16, 7.5], "texture": "#0"},
				"west": {"uv": [0, 0, 16, 7.5], "texture": "#0"},
				"up": {"uv": [0, 0, 16, 7.5], "texture": "#0"},
				"down": {"uv": [0, 0, 16, 7.5], "texture": "#0"}
			}
		},
		{
			"from": [6, 3, 2],
			"to": [10, 4, 3],
			"rotation": {"angle": 0, "axis": "y", "origin": [8, 0, 8]},
			"faces": {
				"north": {"uv": [0, 0, 16, 7.5], "texture": "#0"},
				"east": {"uv": [0, 0, 16, 7.5], "texture": "#0"},
				"south": {"uv": [0, 0, 16, 7.5], "texture": "#0"},
				"west": {"uv": [0, 0, 16, 7.5], "texture": "#0"},
				"up": {"uv": [0, 0, 16, 7.5], "texture": "#0"},
				"down": {"uv": [0, 0, 16, 7.5], "texture": "#0"}
			}
		},
		{
			"from": [6, 3, 2],
			"to": [10, 4, 3],
			"rotation": {"angle": 45, "axis": "y", "origin": [8, 0, 8]},
			"faces": {
				"north": {"uv": [0, 0, 16, 7.5], "texture": "#0"},
				"east": {"uv": [0, 0, 16, 7.5], "texture": "#0"},
				"south": {"uv": [0, 0, 16, 7.5], "texture": "#0"},
				"west": {"uv": [0, 0, 16, 7.5], "texture": "#0"},
				"up": {"uv": [0, 0, 16, 7.5], "texture": "#0"},
				"down": {"uv": [0, 0, 16, 7.5], "texture": "#0"}
			}
		}
	],
	"display": {
		"thirdperson_righthand": {
			"scale": [0.2, 0.2, 0.2]
		},
		"thirdperson_lefthand": {
			"scale": [0.2, 0.2, 0.2]
		},
		"firstperson_righthand": {
			"translation": [3.25, 3.5, 0],
			"scale": [0.2, 0.2, 0.2]
		},
		"firstperson_lefthand": {
			"translation": [3.25, 3.5, 0],
			"scale": [0.2, 0.2, 0.2]
		},
		"ground": {
			"translation": [0, 1.25, 0],
			"scale": [0.2, 0.2, 0.2]
		},
		"gui": {
			"scale": [0.3, 0.3, 1]
		},
		"head": {
			"translation": [0, 11.25, 0],
			"scale": [0.2, 0.2, 0.2]
		},
		"fixed": {
			"rotation": [-90, 0, 0],
			"translation": [0, 0, -12],
			"scale": [0.5, 0.5, 0.5]
		}
	},
	"groups": [
		{
			"name": "group",
			"origin": [8, 8, 8],
			"children": [0, 1]
		},
		{
			"name": "group",
			"origin": [8, 8, 8],
			"children": [2, 3, 4, 5, 6, 7, 8, 9, 10]
		},
		{
			"name": "group",
			"origin": [8, 8, 8],
			"children": [11, 12, 13, 14, 15, 16, 17, 18, 19]
		},
		{
			"name": "group",
			"origin": [8, 8, 8],
			"children": [20, 21, 22, 23, 24, 25, 26, 27]
		},
		{
			"name": "group",
			"origin": [8, 8, 8],
			"children": [28, 29, 30, 31, 32, 33, 34, 35]
		},
		{
			"name": "group",
			"origin": [8, 8, 8],
			"children": [36, 37, 38, 39, 40, 41, 42, 43]
		},
		{
			"name": "group",
			"origin": [8, 8, 8],
			"children": [44, 45, 46, 47, 48, 49, 50, 51]
		},
		{
			"name": "group",
			"origin": [8, 8, 8],
			"children": [52, 53, 54, 55, 56, 57, 58, 59]
		},
		{
			"name": "group",
			"origin": [8, 8, 8],
			"children": [60, 61, 62, 63, 64, 65, 66, 67]
		},
		{
			"name": "group",
			"origin": [8, 8, 8],
			"children": [68, 69, 70, 71, 72, 73, 74, 75, 76, 77, 78, 79]
		},
		{
			"name": "group",
			"origin": [8, 8, 8],
			"children": [80, 81, 82, 83, 84, 85, 86, 87, 88]
		},
		{
			"name": "group",
			"origin": [8, 8, 8],
			"children": [89, 90, 91, 92, 93, 94, 95, 96, 97]
		}
	]
}