{
	"credit": "Made with Blockbench",
	"ambientocclusion": false,
	"textures": {
		"0": "items/eyama/helmeta",
		"particle": "items/eyama/helmeta"
	},
	"elements": [
		{
			"from": [3, 0, 0],
			"to": [12, 1, 16],
			"rotation": {"angle": 0, "axis": "y", "origin": [16, 8, 16]},
			"faces": {
				"north": {"uv": [16, 16, 25, 17], "texture": "#0"},
				"east": {"uv": [0, 16, 16, 17], "texture": "#0"},
				"south": {"uv": [41, 16, 50, 17], "texture": "#0"},
				"west": {"uv": [25, 16, 41, 17], "texture": "#0"},
				"up": {"uv": [25, 16, 16, 0], "texture": "#0"},
				"down": {"uv": [34, 0, 25, 16], "texture": "#0"}
			}
		},
		{
			"from": [3, 1, 7],
			"to": [12, 2, 9],
			"rotation": {"angle": 0, "axis": "y", "origin": [15, 9, 15]},
			"faces": {
				"north": {"uv": [2, 2, 11, 3], "texture": "#0"},
				"east": {"uv": [0, 2, 2, 3], "texture": "#0"},
				"south": {"uv": [13, 2, 22, 3], "texture": "#0"},
				"west": {"uv": [11, 2, 13, 3], "texture": "#0"},
				"up": {"uv": [11, 2, 2, 0], "texture": "#0"},
				"down": {"uv": [20, 0, 11, 2], "texture": "#0"}
			}
		}
	],
	"display": {
		"thirdperson_righthand": {
			"rotation": [90, 0, 0],
			"translation": [0, -2.25, 7]
		}
	},
	"groups": [0, 1,
		{
			"name": "group",
			"origin": [16, 8, 16],
			"children": []
		}
	]
}