{
	"credit": "Made with Blockbench",
	"textures": {
		"0": "items/eyama/hh",
		"particle": "items/eyama/hh"
	},
	"elements": [
		{
			"from": [7, -1, -2],
			"to": [9, 0, 5],
			"rotation": {"angle": 0, "axis": "y", "origin": [15, 8, -4]},
			"faces": {
				"north": {"uv": [0, 0, 7, 1], "texture": "#0"},
				"east": {"uv": [0, 0, 7, 1], "texture": "#0"},
				"south": {"uv": [0, 0, 7, 1], "texture": "#0"},
				"west": {"uv": [0, 0, 7, 1], "texture": "#0"},
				"up": {"uv": [0, 0, 7, 1], "texture": "#0"},
				"down": {"uv": [0, 0, 7, 1], "texture": "#0"}
			}
		},
		{
			"from": [7, -1, 23],
			"to": [9, 0, 24],
			"rotation": {"angle": 0, "axis": "y", "origin": [15, 8, 21]},
			"faces": {
				"north": {"uv": [0, 0, 1, 1], "texture": "#0"},
				"east": {"uv": [0, 0, 1, 1], "texture": "#0"},
				"south": {"uv": [0, 0, 1, 1], "texture": "#0"},
				"west": {"uv": [0, 0, 1, 1], "texture": "#0"},
				"up": {"uv": [0, 0, 1, 1], "texture": "#0"},
				"down": {"uv": [0, 0, 1, 1], "texture": "#0"}
			}
		},
		{
			"from": [7, -1, 15],
			"to": [9, 0, 20],
			"rotation": {"angle": 0, "axis": "y", "origin": [15, 8, 9]},
			"faces": {
				"north": {"uv": [0, 0, 5, 1], "texture": "#0"},
				"east": {"uv": [0, 0, 5, 1], "texture": "#0"},
				"south": {"uv": [0, 0, 5, 1], "texture": "#0"},
				"west": {"uv": [0, 0, 5, 1], "texture": "#0"},
				"up": {"uv": [0, 0, 5, 1], "texture": "#0"},
				"down": {"uv": [0, 0, 5, 1], "texture": "#0"}
			}
		},
		{
			"from": [7, -2, 5],
			"to": [9, 1, 15],
			"rotation": {"angle": 0, "axis": "y", "origin": [15, 8, -4]},
			"faces": {
				"north": {"uv": [0, 0, 10, 3], "texture": "#0"},
				"east": {"uv": [0, 0, 10, 3], "texture": "#0"},
				"south": {"uv": [0, 0, 10, 3], "texture": "#0"},
				"west": {"uv": [0, 0, 10, 3], "texture": "#0"},
				"up": {"uv": [0, 0, 10, 3], "texture": "#0"},
				"down": {"uv": [0, 0, 10, 3], "texture": "#0"}
			}
		},
		{
			"from": [7, -2, 20],
			"to": [9, 1, 23],
			"rotation": {"angle": 0, "axis": "y", "origin": [15, 8, 9]},
			"faces": {
				"north": {"uv": [0, 0, 3, 3], "texture": "#0"},
				"east": {"uv": [0, 0, 3, 3], "texture": "#0"},
				"south": {"uv": [0, 0, 3, 3], "texture": "#0"},
				"west": {"uv": [0, 0, 3, 3], "texture": "#0"},
				"up": {"uv": [0, 0, 3, 3], "texture": "#0"},
				"down": {"uv": [0, 0, 3, 3], "texture": "#0"}
			}
		},
		{
			"from": [6, -1, -4],
			"to": [8, 0, 0],
			"rotation": {"angle": 45, "axis": "y", "origin": [6.5, 0.5, -1.5]},
			"faces": {
				"north": {"uv": [0, 0, 4, 1], "texture": "#0"},
				"east": {"uv": [0, 0, 4, 1], "texture": "#0"},
				"south": {"uv": [0, 0, 4, 1], "texture": "#0"},
				"west": {"uv": [0, 0, 4, 1], "texture": "#0"},
				"up": {"uv": [0, 0, 4, 1], "texture": "#0"},
				"down": {"uv": [0, 0, 4, 1], "texture": "#0"}
			}
		},
		{
			"from": [4, -1, -10],
			"to": [6, 0, -3],
			"rotation": {"angle": 0, "axis": "y", "origin": [12, 8, 3]},
			"faces": {
				"north": {"uv": [0, 0, 7, 1], "texture": "#0"},
				"east": {"uv": [0, 0, 7, 1], "texture": "#0"},
				"south": {"uv": [0, 0, 7, 1], "texture": "#0"},
				"west": {"uv": [0, 0, 7, 1], "texture": "#0"},
				"up": {"uv": [0, 0, 7, 1], "texture": "#0"},
				"down": {"uv": [0, 0, 7, 1], "texture": "#0"}
			}
		},
		{
			"from": [9, -1, -10],
			"to": [10, 0, -2],
			"rotation": {"angle": 0, "axis": "y", "origin": [17, 8, 3]},
			"faces": {
				"north": {"uv": [9, 9.5, 16, 11], "texture": "#0"},
				"east": {"uv": [8.5, 9.5, 16, 11], "texture": "#0"},
				"south": {"uv": [9, 9.5, 16, 11], "texture": "#0"},
				"west": {"uv": [8.5, 9.5, 16, 11], "texture": "#0"},
				"up": {"uv": [8.5, 9.5, 16, 11], "rotation": 90, "texture": "#0"},
				"down": {"uv": [8.5, 9.5, 16, 11], "rotation": 90, "texture": "#0"}
			}
		},
		{
			"from": [6, -1, -16],
			"to": [10, 0, -15],
			"rotation": {"angle": 0, "axis": "y", "origin": [8, -0.5, -14.5]},
			"faces": {
				"north": {"uv": [8.5, 9.5, 16, 11], "texture": "#0"},
				"east": {"uv": [9, 8, 16, 9.5], "texture": "#0"},
				"south": {"uv": [9, 9.5, 16, 11], "texture": "#0"},
				"west": {"uv": [9, 8, 16, 9.5], "texture": "#0"},
				"up": {"uv": [9, 9.5, 16, 11], "texture": "#0"},
				"down": {"uv": [8.5, 9.5, 16, 11], "texture": "#0"}
			}
		},
		{
			"from": [9, -1, -2],
			"to": [10, 0, 0],
			"rotation": {"angle": 0, "axis": "y", "origin": [16, 8, 10]},
			"faces": {
				"north": {"uv": [0, 0, 1, 2], "texture": "#0"},
				"east": {"uv": [0, 0, 1, 2], "texture": "#0"},
				"south": {"uv": [0, 0, 1, 2], "texture": "#0"},
				"west": {"uv": [0, 0, 1, 2], "texture": "#0"},
				"up": {"uv": [0, 0, 1, 2], "texture": "#0"},
				"down": {"uv": [0, 0, 1, 2], "texture": "#0"}
			}
		},
		{
			"from": [5, -1, -16],
			"to": [6, 0, -10],
			"rotation": {"angle": -22.5, "axis": "y", "origin": [4.5, -0.5, -12.5]},
			"faces": {
				"north": {"uv": [11.5, 9.5, 15.5, 11], "rotation": 90, "texture": "#0"},
				"east": {"uv": [9, 9.5, 16, 11], "texture": "#0"},
				"south": {"uv": [11.5, 9.5, 15.5, 11], "rotation": 90, "texture": "#0"},
				"west": {"uv": [8.5, 9.5, 15.5, 11], "texture": "#0"},
				"up": {"uv": [8.5, 9.5, 16, 11], "rotation": 90, "texture": "#0"},
				"down": {"uv": [9, 9.5, 16, 11], "rotation": 90, "texture": "#0"}
			}
		},
		{
			"from": [10, -1, -13],
			"to": [11, 0, -10],
			"rotation": {"angle": -22.5, "axis": "y", "origin": [9.5, -0.5, -12.5]},
			"faces": {
				"north": {"uv": [9, 9.5, 16, 11], "texture": "#0"},
				"east": {"uv": [11, 9.5, 16, 11], "texture": "#0"},
				"south": {"uv": [9, 9.5, 16, 11], "texture": "#0"},
				"west": {"uv": [10.5, 9.5, 16, 11], "texture": "#0"},
				"up": {"uv": [10, 9.5, 16, 11], "rotation": 90, "texture": "#0"},
				"down": {"uv": [10.5, 9.5, 16, 11], "rotation": 90, "texture": "#0"}
			}
		},
		{
			"from": [10, -1, -15],
			"to": [11, 0, -12],
			"rotation": {"angle": 22.5, "axis": "y", "origin": [9.5, -0.5, -12.5]},
			"faces": {
				"north": {"uv": [9, 9.5, 16, 11], "texture": "#0"},
				"east": {"uv": [10.5, 9.5, 16, 11], "texture": "#0"},
				"south": {"uv": [9, 9.5, 16, 11], "texture": "#0"},
				"west": {"uv": [11, 9.5, 16, 11], "texture": "#0"},
				"up": {"uv": [11, 9.5, 16, 11], "rotation": 90, "texture": "#0"},
				"down": {"uv": [10.5, 9.5, 16, 11], "rotation": 90, "texture": "#0"}
			}
		},
		{
			"from": [6, -1, -9],
			"to": [8, 0, -5],
			"rotation": {"angle": 0, "axis": "y", "origin": [13, 8, 1]},
			"faces": {
				"north": {"uv": [0, 0, 4, 1], "texture": "#0"},
				"east": {"uv": [0, 0, 4, 1], "texture": "#0"},
				"south": {"uv": [0, 0, 4, 1], "texture": "#0"},
				"west": {"uv": [0, 0, 4, 1], "texture": "#0"},
				"up": {"uv": [0, 0, 4, 1], "texture": "#0"},
				"down": {"uv": [0, 0, 4, 1], "texture": "#0"}
			}
		},
		{
			"from": [1, -1, -10],
			"to": [4, 0, -3],
			"rotation": {"angle": 0, "axis": "y", "origin": [8, 8, 1]},
			"faces": {
				"north": {"uv": [0, 0, 7, 1], "texture": "#0"},
				"east": {"uv": [0, 0, 7, 1], "texture": "#0"},
				"south": {"uv": [0, 0, 7, 1], "texture": "#0"},
				"west": {"uv": [0, 0, 7, 1], "texture": "#0"},
				"up": {"uv": [10, 4, 16, 6.5], "rotation": 90, "texture": "#0"},
				"down": {"uv": [10, 4, 16, 6.5], "rotation": 90, "texture": "#0"}
			}
		},
		{
			"from": [-3, -1, -11],
			"to": [1, 0, -2],
			"rotation": {"angle": 0, "axis": "y", "origin": [8, 8, 1]},
			"faces": {
				"north": {"uv": [0, 12, 4, 13], "texture": "#0"},
				"east": {"uv": [0, 0, 9, 1], "texture": "#0"},
				"south": {"uv": [0, 0, 4, 1], "texture": "#missing"},
				"west": {"uv": [0, 11.5, 4, 12.5], "texture": "#0"},
				"up": {"uv": [0, 9, 5, 12], "rotation": 90, "texture": "#0"},
				"down": {"uv": [0, 8.5, 4, 12.5], "rotation": 90, "texture": "#0"}
			}
		},
		{
			"from": [-3, -1, -13],
			"to": [1, 0, -9],
			"rotation": {"angle": -22.5, "axis": "y", "origin": [0.5, 0.5, -10]},
			"faces": {
				"north": {"uv": [0, 12, 4, 13], "texture": "#0"},
				"east": {"uv": [0, 0, 4, 1], "texture": "#0"},
				"south": {"uv": [0, 0, 4, 1], "texture": "#missing"},
				"west": {"uv": [0, 11.5, 4, 12.5], "texture": "#0"},
				"up": {"uv": [0, 9, 5, 12], "rotation": 90, "texture": "#0"},
				"down": {"uv": [0, 8.5, 4, 12.5], "rotation": 90, "texture": "#0"}
			}
		},
		{
			"from": [-3, -1, -16],
			"to": [2, 0, -13],
			"rotation": {"angle": -22.5, "axis": "y", "origin": [0.5, 0.5, -10]},
			"faces": {
				"north": {"uv": [0, 10, 5, 11.5], "rotation": 270, "texture": "#0"},
				"east": {"uv": [0, 0, 3, 1], "texture": "#0"},
				"south": {"uv": [2.5, 10, 7.5, 12.5], "rotation": 90, "texture": "#0"},
				"west": {"uv": [1, 14, 4, 15], "texture": "#0"},
				"up": {"uv": [0, 9, 5, 12], "rotation": 90, "texture": "#0"},
				"down": {"uv": [0, 9, 5, 12], "rotation": 90, "texture": "#0"}
			}
		},
		{
			"from": [-3, -1, -4],
			"to": [1, 0, 4],
			"rotation": {"angle": 22.5, "axis": "y", "origin": [0.5, 0.5, -2.5]},
			"faces": {
				"north": {"uv": [0, 12, 4, 13], "texture": "#0"},
				"east": {"uv": [0, 0, 8, 1], "texture": "#0"},
				"south": {"uv": [0, 0, 4, 1], "texture": "#missing"},
				"west": {"uv": [0, 11.5, 4, 12.5], "texture": "#0"},
				"up": {"uv": [0, 9, 5, 12], "rotation": 90, "texture": "#0"},
				"down": {"uv": [0, 8.5, 4, 12.5], "rotation": 90, "texture": "#0"}
			}
		},
		{
			"from": [-5, -1, 2],
			"to": [-1, 0, 4],
			"rotation": {"angle": 45, "axis": "y", "origin": [0.5, 0.5, -2.5]},
			"faces": {
				"north": {"uv": [0, 12, 4, 13], "texture": "#0"},
				"east": {"uv": [0, 0, 2, 1], "texture": "#0"},
				"south": {"uv": [0, 8, 4, 12.5], "rotation": 90, "texture": "#0"},
				"west": {"uv": [0, 11.5, 4, 12.5], "texture": "#0"},
				"up": {"uv": [0, 9, 5, 12], "rotation": 90, "texture": "#0"},
				"down": {"uv": [0, 8.5, 4, 12.5], "rotation": 90, "texture": "#0"}
			}
		}
	],
	"display": {
		"thirdperson_righthand": {
			"rotation": [90, 0, 90],
			"translation": [-3.75, -0.75, 1.25],
			"scale": [0.5918, 0.41211, 0.52734]
		},
		"thirdperson_lefthand": {
			"rotation": [90, 0, 90],
			"translation": [-3.75, -0.75, 1.25],
			"scale": [-0.5918, 0.41211, 0.52734]
		},
		"firstperson_righthand": {
			"rotation": [70.25, -46, 57],
			"translation": [-6.75, 3.5, 0],
			"scale": [0.72, 1.57, 1]
		},
		"firstperson_lefthand": {
			"rotation": [70.25, -46, 57],
			"translation": [-6.75, 3.5, 0],
			"scale": [-0.72, 1.57, 1]
		},
		"ground": {
			"translation": [0, 2.75, 0],
			"scale": [0.5, 0.5, 0.5]
		},
		"gui": {
			"rotation": [89.25, -45, 0],
			"translation": [0, -2.25, 3],
			"scale": [0.5, 0.5, 0.5]
		},
		"head": {
			"rotation": [90, 90, 0],
			"translation": [0.75, -20.75, 6.5],
			"scale": [0.50391, 0.34766, 0.46289]
		},
		"fixed": {
			"rotation": [89.25, -45, 0],
			"translation": [0, -2.25, 3],
			"scale": [0.5, 0.5, 0.5]
		}
	},
	"groups": [
		{
			"name": "group",
			"origin": [8, 8, 8],
			"children": [
				{
					"name": "group",
					"origin": [8, 8, -1],
					"children": [0, 1, 2, 3, 4, 5, 6, 7, 8, 9, 10, 11, 12, 13]
				},
				{
					"name": "group",
					"origin": [10, 8, -2],
					"children": [14, 15, 16, 17, 18, 19]
				}
			]
		}
	]
}