{
	"credit": "Made with Blockbench",
	"ambientocclusion": false,
	"texture_size": [32, 32],
	"textures": {
		"0": "items/eyama/hs",
		"particle": "items/eyama/hs"
	},
	"elements": [
		{
			"from": [5.2, -1, 3],
			"to": [7.6, 0, 23.3],
			"rotation": {"angle": 0, "axis": "y", "origin": [3.5, -0.5, 43.6]},
			"faces": {
				"north": {"uv": [3.5, 0, 15.7, 8.65], "texture": "#0"},
				"east": {"uv": [3.5, 0, 15.7, 8.65], "texture": "#0"},
				"south": {"uv": [3.5, 0, 15.7, 8.15], "texture": "#0"},
				"west": {"uv": [3.5, 0, 15.7, 8.15], "texture": "#0"},
				"up": {"uv": [1, 0, 3.7, 8.2], "rotation": 180, "texture": "#0"},
				"down": {"uv": [0, 0, 1.2, 8.2], "texture": "#0"}
			}
		},
		{
			"from": [4.7, -1, 22.8],
			"to": [6.8, 0, 27.8],
			"rotation": {"angle": 22.5, "axis": "y", "origin": [6.15, 0, 21.75]},
			"faces": {
				"north": {"uv": [3.5, 0, 15.7, 7.65], "texture": "#0"},
				"east": {"uv": [3.5, 0, 15.7, 7.65], "texture": "#0"},
				"south": {"uv": [3.5, 0, 15.7, 7.65], "texture": "#0"},
				"west": {"uv": [3.5, 0, 15.7, 7.65], "texture": "#0"},
				"up": {"uv": [3.5, 0, 15.7, 7.65], "texture": "#0"},
				"down": {"uv": [3.5, 0, 15.7, 7.65], "texture": "#0"}
			}
		},
		{
			"from": [8.21873, -1, 26.19965],
			"to": [8.61873, 0, 30.4948],
			"rotation": {"angle": 45, "axis": "y", "origin": [9.71873, -0.5, 28.34723]},
			"faces": {
				"north": {"uv": [3.5, 0, 15.7, 7.65], "texture": "#0"},
				"east": {"uv": [3.5, 0, 15.7, 7.65], "texture": "#0"},
				"south": {"uv": [3.5, 0, 15.7, 7.65], "texture": "#0"},
				"west": {"uv": [3.5, 0, 15.7, 7.65], "texture": "#0"},
				"up": {"uv": [3.5, 0, 15.7, 7.65], "texture": "#0"},
				"down": {"uv": [3.5, 0, 15.7, 7.65], "texture": "#0"}
			}
		},
		{
			"from": [7.05054, -1, 29.90485],
			"to": [7.85054, 0, 31.3],
			"rotation": {"angle": 45, "axis": "y", "origin": [7.20054, -1, 27.64828]},
			"faces": {
				"north": {"uv": [3.5, 0, 15.7, 7.65], "texture": "#0"},
				"east": {"uv": [3.5, 0, 15.7, 7.65], "texture": "#0"},
				"south": {"uv": [3.5, 0, 15.7, 7.65], "texture": "#0"},
				"west": {"uv": [3.5, 0, 15.7, 7.65], "texture": "#0"},
				"up": {"uv": [3.5, 0, 15.7, 7.65], "texture": "#0"},
				"down": {"uv": [3.5, 0, 15.7, 7.65], "texture": "#0"}
			}
		},
		{
			"from": [7.05054, -1, 27.70485],
			"to": [8.55054, 0, 29.5],
			"rotation": {"angle": 45, "axis": "y", "origin": [7.20054, -1, 27.64828]},
			"faces": {
				"north": {"uv": [3.5, 0, 15.7, 7.65], "texture": "#0"},
				"east": {"uv": [3.5, 0, 15.7, 7.65], "texture": "#0"},
				"south": {"uv": [3.5, 0, 15.7, 7.65], "texture": "#0"},
				"west": {"uv": [3.5, 0, 15.7, 7.65], "texture": "#0"},
				"up": {"uv": [3.5, 0, 15.7, 7.65], "texture": "#0"},
				"down": {"uv": [3.5, 0, 15.7, 7.65], "texture": "#0"}
			}
		},
		{
			"from": [7.05054, -1, 29.40485],
			"to": [8.15054, 0, 30.3],
			"rotation": {"angle": 45, "axis": "y", "origin": [7.20054, -1, 27.64828]},
			"faces": {
				"north": {"uv": [3.5, 0, 15.7, 7.65], "texture": "#0"},
				"east": {"uv": [3.5, 0, 15.7, 7.65], "texture": "#0"},
				"south": {"uv": [3.5, 0, 15.7, 7.65], "texture": "#0"},
				"west": {"uv": [3.5, 0, 15.7, 7.65], "texture": "#0"},
				"up": {"uv": [3.5, 0, 15.7, 7.65], "texture": "#0"},
				"down": {"uv": [3.5, 0, 15.7, 7.65], "texture": "#0"}
			}
		},
		{
			"from": [7.6, -1, 3.1],
			"to": [9.8, 0, 20.75],
			"rotation": {"angle": 0, "axis": "y", "origin": [9.3, 0, 11]},
			"faces": {
				"north": {"uv": [3.5, 0, 15.7, 8.65], "texture": "#0"},
				"east": {"uv": [3.5, 0, 15.7, 8.15], "texture": "#0"},
				"south": {"uv": [3.5, 0, 15.7, 8.15], "texture": "#0"},
				"west": {"uv": [3.5, 0, 15.7, 8.65], "texture": "#0"},
				"up": {"uv": [0, 0.5, 1.2, 8.7], "rotation": 180, "texture": "#0"},
				"down": {"uv": [1, 1, 3.7, 8.2], "texture": "#0"}
			}
		},
		{
			"from": [7.5, -1, 20.6],
			"to": [9.3, 0, 27.9],
			"rotation": {"angle": 0, "axis": "y", "origin": [8.6, 0, 23.7]},
			"faces": {
				"north": {"uv": [3.5, 0, 15.7, 7.65], "texture": "#0"},
				"east": {"uv": [3.5, 0, 15.7, 7.65], "texture": "#0"},
				"south": {"uv": [3.5, 0, 15.7, 7.65], "texture": "#0"},
				"west": {"uv": [3.5, 0, 15.7, 7.65], "texture": "#0"},
				"up": {"uv": [3.5, 0, 15.7, 7.65], "texture": "#0"},
				"down": {"uv": [3.5, 0, 15.7, 7.65], "texture": "#0"}
			}
		},
		{
			"from": [6.85, -1, 20.75],
			"to": [9.7, 0, 22.95],
			"rotation": {"angle": -22.5, "axis": "y", "origin": [9.65, -0.5, 21.05]},
			"faces": {
				"north": {"uv": [3.5, 0, 15.7, 7.65], "texture": "#0"},
				"east": {"uv": [3.5, 0, 15.7, 7.65], "texture": "#0"},
				"south": {"uv": [3.5, 0, 15.7, 7.65], "texture": "#0"},
				"west": {"uv": [3.5, 0, 15.7, 7.65], "texture": "#0"},
				"up": {"uv": [3.5, 0, 15.7, 7.65], "texture": "#0"},
				"down": {"uv": [3.5, 0, 15.7, 7.65], "texture": "#0"}
			}
		},
		{
			"from": [7.2, -1, 26.8],
			"to": [7.6, 0, 30.5],
			"rotation": {"angle": 22.5, "axis": "y", "origin": [9.65, -0.5, 22.95]},
			"faces": {
				"north": {"uv": [3.5, 0, 15.7, 7.65], "texture": "#0"},
				"east": {"uv": [3.5, 0, 15.7, 7.65], "texture": "#0"},
				"south": {"uv": [3.5, 0, 15.7, 7.65], "texture": "#0"},
				"west": {"uv": [3.5, 0, 15.7, 7.65], "texture": "#0"},
				"up": {"uv": [3.5, 0, 15.7, 7.65], "texture": "#0"},
				"down": {"uv": [3.5, 0, 15.7, 7.65], "texture": "#0"}
			}
		},
		{
			"from": [6.5, -1, -4],
			"to": [8.5, 0, 2.6],
			"rotation": {"angle": 0, "axis": "y", "origin": [15, 7.7, 19.5]},
			"faces": {
				"north": {"uv": [0, 9, 2, 15.3], "rotation": 90, "texture": "#0"},
				"east": {"uv": [0, 9, 2, 15.3], "rotation": 90, "texture": "#0"},
				"south": {"uv": [0, 9, 2, 15.3], "rotation": 90, "texture": "#0"},
				"west": {"uv": [0, 9, 2, 15.3], "rotation": 90, "texture": "#0"},
				"up": {"uv": [0, 9, 2, 15.3], "texture": "#0"},
				"down": {"uv": [0, 9, 2, 15.3], "texture": "#0"}
			}
		},
		{
			"from": [6, -1, -5],
			"to": [9, 0, -4],
			"rotation": {"angle": 0, "axis": "y", "origin": [15, 7.7, 19.5]},
			"faces": {
				"north": {"uv": [12, 8.5, 14, 15.8], "texture": "#0"},
				"east": {"uv": [12, 8.5, 14, 15.8], "texture": "#0"},
				"south": {"uv": [12, 8.5, 14, 15.8], "texture": "#0"},
				"west": {"uv": [12, 8.5, 14, 15.8], "texture": "#0"},
				"up": {"uv": [12, 8.5, 14, 15.8], "texture": "#0"},
				"down": {"uv": [12, 8.5, 14, 15.8], "texture": "#0"}
			}
		},
		{
			"from": [6, -1, -7],
			"to": [9, 0, -6],
			"rotation": {"angle": 0, "axis": "y", "origin": [15, 7.7, 17.5]},
			"faces": {
				"north": {"uv": [12, 8.5, 14, 15.8], "texture": "#0"},
				"east": {"uv": [12, 8.5, 14, 15.8], "texture": "#0"},
				"south": {"uv": [12, 8.5, 14, 15.8], "texture": "#0"},
				"west": {"uv": [12, 8.5, 14, 15.8], "texture": "#0"},
				"up": {"uv": [12, 8.5, 14, 15.8], "texture": "#0"},
				"down": {"uv": [12, 8.5, 14, 15.8], "texture": "#0"}
			}
		},
		{
			"from": [8, -1, -6],
			"to": [9, 0, -5],
			"rotation": {"angle": 0, "axis": "y", "origin": [15, 7.7, 18.5]},
			"faces": {
				"north": {"uv": [12, 8.5, 14, 15.8], "texture": "#0"},
				"east": {"uv": [12, 8.5, 14, 15.8], "texture": "#0"},
				"south": {"uv": [12, 8.5, 14, 15.8], "texture": "#0"},
				"west": {"uv": [12, 8.5, 14, 15.8], "texture": "#0"},
				"up": {"uv": [12, 8.5, 14, 15.8], "texture": "#0"},
				"down": {"uv": [12, 8.5, 14, 15.8], "texture": "#0"}
			}
		},
		{
			"from": [6, -1, -6],
			"to": [7, 0, -5],
			"rotation": {"angle": 0, "axis": "y", "origin": [15, 7.7, 18.5]},
			"faces": {
				"north": {"uv": [12, 8.5, 14, 15.8], "texture": "#0"},
				"east": {"uv": [12, 8.5, 14, 15.8], "texture": "#0"},
				"south": {"uv": [12, 8.5, 14, 15.8], "texture": "#0"},
				"west": {"uv": [12, 8.5, 14, 15.8], "texture": "#0"},
				"up": {"uv": [12, 8.5, 14, 15.8], "texture": "#0"},
				"down": {"uv": [12, 8.5, 14, 15.8], "texture": "#0"}
			}
		},
		{
			"from": [4.3, -1.5, 2.9],
			"to": [10.6, 0.4, 4.4],
			"rotation": {"angle": 0, "axis": "y", "origin": [15, 7.2, 22.4]},
			"faces": {
				"north": {"uv": [12.5, 8.5, 14.5, 15.8], "texture": "#0"},
				"east": {"uv": [12.5, 8.5, 14.5, 15.8], "texture": "#0"},
				"south": {"uv": [12.5, 8.5, 14.5, 15.8], "texture": "#0"},
				"west": {"uv": [12.5, 8.5, 14.5, 15.8], "texture": "#0"},
				"up": {"uv": [12.5, 8.5, 14.5, 15.8], "texture": "#0"},
				"down": {"uv": [12.5, 8.5, 14.5, 15.8], "texture": "#0"}
			}
		},
		{
			"from": [5.7, -1.9, 2.9],
			"to": [8.7, 1, 4.4],
			"rotation": {"angle": 0, "axis": "y", "origin": [15, 7.2, 22.4]},
			"faces": {
				"north": {"uv": [12.5, 8.5, 14.5, 15.8], "texture": "#0"},
				"east": {"uv": [12.5, 8.5, 14.5, 15.8], "texture": "#0"},
				"south": {"uv": [12.5, 8.5, 14.5, 15.8], "texture": "#0"},
				"west": {"uv": [12.5, 8.5, 14.5, 15.8], "texture": "#0"},
				"up": {"uv": [12.5, 8.5, 14.5, 15.8], "texture": "#0"},
				"down": {"uv": [12.5, 8.5, 14.5, 15.8], "texture": "#0"}
			}
		},
		{
			"from": [4, -1.5, 2.6],
			"to": [9, -0.5, 4.6],
			"rotation": {"angle": -22.5, "axis": "z", "origin": [5, 2, 4.8]},
			"faces": {
				"north": {"uv": [13.5, 12, 16, 13], "texture": "#0"},
				"east": {"uv": [13.5, 12, 16, 13], "texture": "#0"},
				"south": {"uv": [13.5, 12, 16, 13], "texture": "#0"},
				"west": {"uv": [13.5, 12, 16, 13], "texture": "#0"},
				"up": {"uv": [13.5, 12, 16, 13], "texture": "#0"},
				"down": {"uv": [13.5, 12, 16, 13], "texture": "#0"}
			}
		},
		{
			"from": [6, -0.5, 2.6],
			"to": [11, 0.5, 4.6],
			"rotation": {"angle": -22.5, "axis": "z", "origin": [10, -3, 4.8]},
			"faces": {
				"north": {"uv": [13.5, 12, 16, 13], "texture": "#0"},
				"east": {"uv": [13.5, 12, 16, 13], "texture": "#0"},
				"south": {"uv": [13.5, 12, 16, 13], "texture": "#0"},
				"west": {"uv": [13.5, 12, 16, 13], "texture": "#0"},
				"up": {"uv": [13.5, 12, 16, 13], "texture": "#0"},
				"down": {"uv": [13.5, 12, 16, 13], "texture": "#0"}
			}
		},
		{
			"from": [6, -1.5, 2.6],
			"to": [11, -0.5, 4.6],
			"rotation": {"angle": 22.5, "axis": "z", "origin": [10, 2, 4.8]},
			"faces": {
				"north": {"uv": [13.5, 12, 16, 13], "texture": "#0"},
				"east": {"uv": [13.5, 12, 16, 13], "texture": "#0"},
				"south": {"uv": [13.5, 12, 16, 13], "texture": "#0"},
				"west": {"uv": [13.5, 12, 16, 13], "texture": "#0"},
				"up": {"uv": [13.5, 12, 16, 13], "texture": "#0"},
				"down": {"uv": [13.5, 12, 16, 13], "texture": "#0"}
			}
		},
		{
			"from": [4, -0.5, 2.6],
			"to": [9, 0.5, 4.6],
			"rotation": {"angle": 22.5, "axis": "z", "origin": [5, -3, 4.8]},
			"faces": {
				"north": {"uv": [13.5, 12, 16, 13], "texture": "#0"},
				"east": {"uv": [13.5, 12, 16, 13], "texture": "#0"},
				"south": {"uv": [13.5, 12, 16, 13], "texture": "#0"},
				"west": {"uv": [13.5, 12, 16, 13], "texture": "#0"},
				"up": {"uv": [13.5, 12, 16, 13], "texture": "#0"},
				"down": {"uv": [13.5, 12, 16, 13], "texture": "#0"}
			}
		}
	],
	"display": {
		"thirdperson_righthand": {
			"rotation": [90, -180, 90],
			"translation": [5.5, 3.75, 1],
			"scale": [0.65, 0.65, 0.65]
		},
		"thirdperson_lefthand": {
			"rotation": [90, -180, -90],
			"translation": [-5.5, 3.75, 1],
			"scale": [0.65, 0.65, 0.65]
		},
		"firstperson_righthand": {
			"rotation": [100, -180, 90],
			"translation": [19, 0.5, -10.25]
		},
		"firstperson_lefthand": {
			"rotation": [100, -180, -90],
			"translation": [2.25, 0.5, -10.25]
		},
		"ground": {
			"translation": [0, 5, 0],
			"scale": [0.65, 0.65, 0.65]
		},
		"gui": {
			"rotation": [-90, -45, 0],
			"translation": [1, -2.25, -7.5],
			"scale": [0.65, 0.65, 0.65]
		},
		"head": {
			"rotation": [0, 0, 90],
			"translation": [-8.5, -22.75, -2.75]
		},
		"fixed": {
			"rotation": [-90, -45, 0],
			"translation": [1.75, -2.25, -7.5],
			"scale": [0.65, 0.65, 0.65]
		}
	},
	"groups": [
		{
			"name": "group",
			"origin": [7.5, -0.16061, 17.5],
			"children": [0, 1, 2, 3, 4, 5, 6, 7, 8, 9]
		},
		{
			"name": "group",
			"origin": [14, 8, 6],
			"children": [10, 11, 12, 13, 14, 15, 16]
		},
		{
			"name": "group",
			"origin": [5, 2.5, -3.6],
			"children": [17, 18, 19, 20]
		}
	]
}