{
	"credit": "Made with Blockbench",
	"parent": "gasmask",
	"texture_size": [32, 32],
	"textures": {
		"0": "items/eyama/mask",
		"particle": "items/eyama/mask"
	},
	"elements": [
		{
			"from": [4, 0, 0],
			"to": [12, 5, 1],
			"faces": {
				"north": {"uv": [1.5, 0, 14.5, 16], "texture": "#0"},
				"east": {"uv": [3.5, 0, 12.5, 16], "texture": "#0"},
				"south": {"uv": [1.5, 0, 14.5, 16], "texture": "#0"},
				"west": {"uv": [3.5, 0, 12.5, 16], "texture": "#0"},
				"up": {"uv": [1.5, 0, 14.5, 16], "texture": "#0"},
				"down": {"uv": [1.5, 0, 14.5, 16], "texture": "#0"}
			}
		},
		{
			"from": [12, 0, 1],
			"to": [15, 1, 2],
			"faces": {
				"north": {"uv": [0, 0, 2.5, 16], "texture": "#0"},
				"east": {"uv": [0, 0, 2.5, 16], "texture": "#0"},
				"south": {"uv": [0, 0, 2.5, 16], "texture": "#0"},
				"west": {"uv": [0, 0, 2.5, 16], "texture": "#0"},
				"up": {"uv": [0, 0, 2.5, 16], "texture": "#0"},
				"down": {"uv": [0, 0, 2.5, 16], "texture": "#0"}
			}
		},
		{
			"from": [4, 0, 1],
			"to": [12, 1, 2],
			"faces": {
				"north": {"uv": [1.5, 0, 14.5, 16], "texture": "#0"},
				"east": {"uv": [1.5, 0, 14.5, 16], "texture": "#0"},
				"south": {"uv": [1.5, 0, 14.5, 16], "texture": "#0"},
				"west": {"uv": [1.5, 0, 14.5, 16], "texture": "#0"},
				"up": {"uv": [1.5, 0, 14.5, 16], "texture": "#0"},
				"down": {"uv": [1.5, 0, 14.5, 16], "texture": "#0"}
			}
		},
		{
			"from": [12, 4, 0],
			"to": [15, 5, 1],
			"faces": {
				"north": {"uv": [0, 0, 2.5, 16], "texture": "#0"},
				"east": {"uv": [0, 0, 2.5, 16], "texture": "#0"},
				"south": {"uv": [0, 0, 2.5, 16], "texture": "#0"},
				"west": {"uv": [0, 0, 2.5, 16], "texture": "#0"},
				"up": {"uv": [0, 0, 2.5, 16], "texture": "#0"},
				"down": {"uv": [0, 0, 2.5, 16], "texture": "#0"}
			}
		},
		{
			"from": [1, 0, 1],
			"to": [4, 1, 2],
			"faces": {
				"north": {"uv": [0, 0, 2.5, 16], "texture": "#0"},
				"east": {"uv": [0, 0, 2.5, 16], "texture": "#0"},
				"south": {"uv": [0, 0, 2.5, 16], "texture": "#0"},
				"west": {"uv": [0, 0, 2.5, 16], "texture": "#0"},
				"up": {"uv": [0, 0, 2.5, 16], "texture": "#0"},
				"down": {"uv": [0, 0, 2.5, 16], "texture": "#0"}
			}
		},
		{
			"from": [1, 4, 0],
			"to": [4, 5, 1],
			"faces": {
				"north": {"uv": [0, 0, 2.5, 16], "texture": "#0"},
				"east": {"uv": [0, 0, 2.5, 16], "texture": "#0"},
				"south": {"uv": [0, 0, 2.5, 16], "texture": "#0"},
				"west": {"uv": [0, 0, 2.5, 16], "texture": "#0"},
				"up": {"uv": [0, 0, 2.5, 16], "texture": "#0"},
				"down": {"uv": [0, 0, 2.5, 16], "texture": "#0"}
			}
		},
		{
			"from": [1, 7, 0],
			"to": [2, 8, 7],
			"rotation": {"angle": -22.5, "axis": "x", "origin": [8, 8, 8]},
			"faces": {
				"north": {"uv": [0, 0, 2.5, 16], "rotation": 270, "texture": "#0"},
				"east": {"uv": [0, 0, 2.5, 16], "rotation": 270, "texture": "#0"},
				"south": {"uv": [0, 0, 2.5, 16], "rotation": 270, "texture": "#0"},
				"west": {"uv": [0, 0, 2.5, 16], "rotation": 270, "texture": "#0"},
				"up": {"uv": [0, 0, 2.5, 16], "rotation": 270, "texture": "#0"},
				"down": {"uv": [0, 0, 2.5, 16], "rotation": 270, "texture": "#0"}
			}
		},
		{
			"from": [14, 7, 0],
			"to": [15, 8, 7],
			"rotation": {"angle": -22.5, "axis": "x", "origin": [8, 8, 8]},
			"faces": {
				"north": {"uv": [0, 0, 2.5, 16], "rotation": 270, "texture": "#0"},
				"east": {"uv": [0, 0, 2.5, 16], "rotation": 270, "texture": "#0"},
				"south": {"uv": [0, 0, 2.5, 16], "rotation": 270, "texture": "#0"},
				"west": {"uv": [0, 0, 2.5, 16], "rotation": 270, "texture": "#0"},
				"up": {"uv": [0, 0, 2.5, 16], "rotation": 270, "texture": "#0"},
				"down": {"uv": [0, 0, 2.5, 16], "rotation": 270, "texture": "#0"}
			}
		},
		{
			"from": [1, 3, -1],
			"to": [2, 4, 7],
			"rotation": {"angle": -22.5, "axis": "x", "origin": [8, 8, 8]},
			"faces": {
				"north": {"uv": [0, 0, 2.5, 16], "rotation": 270, "texture": "#0"},
				"east": {"uv": [0, 0, 2.5, 16], "rotation": 270, "texture": "#0"},
				"south": {"uv": [0, 0, 2.5, 16], "rotation": 270, "texture": "#0"},
				"west": {"uv": [0, 0, 2.5, 16], "rotation": 270, "texture": "#0"},
				"up": {"uv": [0, 0, 2.5, 16], "rotation": 270, "texture": "#0"},
				"down": {"uv": [0, 0, 2.5, 16], "rotation": 270, "texture": "#0"}
			}
		},
		{
			"from": [14, 3, -1],
			"to": [15, 4, 7],
			"rotation": {"angle": -22.5, "axis": "x", "origin": [8, 8, 8]},
			"faces": {
				"north": {"uv": [0, 0, 2.5, 16], "rotation": 270, "texture": "#0"},
				"east": {"uv": [0, 0, 2.5, 16], "rotation": 270, "texture": "#0"},
				"south": {"uv": [0, 0, 2.5, 16], "rotation": 270, "texture": "#0"},
				"west": {"uv": [0, 0, 2.5, 16], "rotation": 270, "texture": "#0"},
				"up": {"uv": [0, 0, 2.5, 16], "rotation": 270, "texture": "#0"},
				"down": {"uv": [0, 0, 2.5, 16], "rotation": 270, "texture": "#0"}
			}
		}
	],
	"display": {
		"thirdperson_righthand": {
			"translation": [-2.25, 0, 0.5],
			"scale": [0.5, 0.5, 0.5]
		},
		"thirdperson_lefthand": {
			"translation": [-2.25, 0, 0.5],
			"scale": [0.5, 0.5, 0.5]
		},
		"firstperson_righthand": {
			"translation": [0, 3.75, 0]
		},
		"firstperson_lefthand": {
			"translation": [0, 3.75, 0]
		},
		"ground": {
			"translation": [0, 2.5, 0],
			"scale": [0.7, 0.7, 0.7]
		},
		"gui": {
			"rotation": [-22.5, -180, 0],
			"translation": [0, -1.25, 0]
		},
		"head": {
			"translation": [0, 0.75, 0.5]
		},
		"fixed": {
			"rotation": [-90, 0, 0],
			"translation": [0, 0, -8.5]
		}
	}
}