{
	"credit": "Made with Blockbench",
	"textures": {
		"0": "items/eyama/missile",
		"particle": "items/eyama/missile"
	},
	"elements": [
		{
			"from": [0, 0, -8],
			"to": [15, 15, 23],
			"faces": {
				"north": {"uv": [0, 0, 16, 15], "texture": "#0"},
				"east": {"uv": [0, 0, 16, 15], "texture": "#0"},
				"south": {"uv": [0, 0, 16, 15], "texture": "#0"},
				"west": {"uv": [0, 0, 16, 15], "texture": "#0"},
				"up": {"uv": [0, 0, 16, 15], "texture": "#0"},
				"down": {"uv": [0, 0, 16, 15], "texture": "#0"}
			}
		},
		{
			"from": [0, -15, -16],
			"to": [15, 0, -14],
			"rotation": {"angle": 0, "axis": "y", "origin": [8, -7, 0]},
			"faces": {
				"north": {"uv": [0, 0, 2, 15], "texture": "#0"},
				"east": {"uv": [0, 0, 2, 15], "texture": "#0"},
				"south": {"uv": [0, 0, 2, 15], "texture": "#0"},
				"west": {"uv": [0, 0, 2, 15], "texture": "#0"},
				"up": {"uv": [0, 0, 2, 15], "texture": "#0"},
				"down": {"uv": [0, 0, 2, 15], "texture": "#0"}
			}
		},
		{
			"from": [0, 14, -16],
			"to": [15, 15, -8],
			"rotation": {"angle": 0, "axis": "y", "origin": [8, 22, -1]},
			"faces": {
				"north": {"uv": [0, 0, 8, 1], "texture": "#0"},
				"east": {"uv": [0, 0, 8, 1], "texture": "#0"},
				"south": {"uv": [0, 0, 8, 1], "texture": "#0"},
				"west": {"uv": [0, 0, 8, 1], "texture": "#0"},
				"up": {"uv": [0, 0, 8, 1], "texture": "#0"},
				"down": {"uv": [0, 0, 8, 1], "texture": "#0"}
			}
		},
		{
			"from": [1, 7, -16],
			"to": [14, 8, -8],
			"rotation": {"angle": 0, "axis": "y", "origin": [8, 15, -1]},
			"faces": {
				"north": {"uv": [0, 0, 8, 1], "texture": "#0"},
				"east": {"uv": [0, 0, 8, 1], "texture": "#0"},
				"south": {"uv": [0, 0, 8, 1], "texture": "#0"},
				"west": {"uv": [0, 0, 8, 1], "texture": "#0"},
				"up": {"uv": [0, 0, 8, 1], "texture": "#0"},
				"down": {"uv": [0, 0, 8, 1], "texture": "#0"}
			}
		},
		{
			"from": [0, 0, -16],
			"to": [15, 1, -8],
			"rotation": {"angle": 0, "axis": "y", "origin": [8, 8, -1]},
			"faces": {
				"north": {"uv": [0, 0, 8, 1], "texture": "#0"},
				"east": {"uv": [0, 0, 8, 1], "texture": "#0"},
				"south": {"uv": [0, 0, 8, 1], "texture": "#0"},
				"west": {"uv": [0, 0, 8, 1], "texture": "#0"},
				"up": {"uv": [0, 0, 8, 1], "texture": "#0"},
				"down": {"uv": [0, 0, 8, 1], "texture": "#0"}
			}
		},
		{
			"from": [14, 1, -16],
			"to": [15, 14, -8],
			"rotation": {"angle": 0, "axis": "y", "origin": [8, 15, -1]},
			"faces": {
				"north": {"uv": [0, 0, 8, 13], "texture": "#0"},
				"east": {"uv": [0, 0, 8, 13], "texture": "#0"},
				"south": {"uv": [0, 0, 8, 13], "texture": "#0"},
				"west": {"uv": [0, 0, 8, 13], "texture": "#0"},
				"up": {"uv": [0, 0, 8, 13], "texture": "#0"},
				"down": {"uv": [0, 0, 8, 13], "texture": "#0"}
			}
		},
		{
			"from": [0, 1, -16],
			"to": [1, 14, -8],
			"rotation": {"angle": 0, "axis": "y", "origin": [-6, 15, -1]},
			"faces": {
				"north": {"uv": [0, 0, 8, 13], "texture": "#0"},
				"east": {"uv": [0, 0, 8, 13], "texture": "#0"},
				"south": {"uv": [0, 0, 8, 13], "texture": "#0"},
				"west": {"uv": [0, 0, 8, 13], "texture": "#0"},
				"up": {"uv": [0, 0, 8, 13], "texture": "#0"},
				"down": {"uv": [0, 0, 8, 13], "texture": "#0"}
			}
		},
		{
			"from": [7, 8, -16],
			"to": [8, 14, -8],
			"rotation": {"angle": 0, "axis": "y", "origin": [1, 15, -1]},
			"faces": {
				"north": {"uv": [0, 0, 8, 6], "texture": "#0"},
				"east": {"uv": [0, 0, 8, 6], "texture": "#0"},
				"south": {"uv": [0, 0, 8, 6], "texture": "#0"},
				"west": {"uv": [0, 0, 8, 6], "texture": "#0"},
				"up": {"uv": [0, 0, 8, 6], "texture": "#0"},
				"down": {"uv": [0, 0, 8, 6], "texture": "#0"}
			}
		},
		{
			"from": [7, 1, -16],
			"to": [8, 7, -8],
			"rotation": {"angle": 0, "axis": "y", "origin": [1, 8, -1]},
			"faces": {
				"north": {"uv": [0, 0, 8, 6], "texture": "#0"},
				"east": {"uv": [0, 0, 8, 6], "texture": "#0"},
				"south": {"uv": [0, 0, 8, 6], "texture": "#0"},
				"west": {"uv": [0, 0, 8, 6], "texture": "#0"},
				"up": {"uv": [0, 0, 8, 6], "texture": "#0"},
				"down": {"uv": [0, 0, 8, 6], "texture": "#0"}
			}
		},
		{
			"from": [1, 1, -16],
			"to": [2, 2, -8],
			"rotation": {"angle": 0, "axis": "y", "origin": [9, 9, -8]},
			"faces": {
				"north": {"uv": [0, 0, 8, 1], "texture": "#0"},
				"east": {"uv": [0, 0, 8, 1], "texture": "#0"},
				"south": {"uv": [0, 0, 8, 1], "texture": "#0"},
				"west": {"uv": [0, 0, 8, 1], "texture": "#0"},
				"up": {"uv": [0, 0, 8, 1], "texture": "#0"},
				"down": {"uv": [0, 0, 8, 1], "texture": "#0"}
			}
		},
		{
			"from": [6, 1, -16],
			"to": [7, 2, -8],
			"rotation": {"angle": 0, "axis": "y", "origin": [14, 9, -8]},
			"faces": {
				"north": {"uv": [0, 0, 8, 1], "texture": "#0"},
				"east": {"uv": [0, 0, 8, 1], "texture": "#0"},
				"south": {"uv": [0, 0, 8, 1], "texture": "#0"},
				"west": {"uv": [0, 0, 8, 1], "texture": "#0"},
				"up": {"uv": [0, 0, 8, 1], "texture": "#0"},
				"down": {"uv": [0, 0, 8, 1], "texture": "#0"}
			}
		},
		{
			"from": [6, 6, -16],
			"to": [7, 7, -8],
			"rotation": {"angle": 0, "axis": "y", "origin": [14, 14, -8]},
			"faces": {
				"north": {"uv": [0, 0, 8, 1], "texture": "#0"},
				"east": {"uv": [0, 0, 8, 1], "texture": "#0"},
				"south": {"uv": [0, 0, 8, 1], "texture": "#0"},
				"west": {"uv": [0, 0, 8, 1], "texture": "#0"},
				"up": {"uv": [0, 0, 8, 1], "texture": "#0"},
				"down": {"uv": [0, 0, 8, 1], "texture": "#0"}
			}
		},
		{
			"from": [1, 6, -16],
			"to": [2, 7, -8],
			"rotation": {"angle": 0, "axis": "y", "origin": [9, 14, -8]},
			"faces": {
				"north": {"uv": [0, 0, 8, 1], "texture": "#0"},
				"east": {"uv": [0, 0, 8, 1], "texture": "#0"},
				"south": {"uv": [0, 0, 8, 1], "texture": "#0"},
				"west": {"uv": [0, 0, 8, 1], "texture": "#0"},
				"up": {"uv": [0, 0, 8, 1], "texture": "#0"},
				"down": {"uv": [0, 0, 8, 1], "texture": "#0"}
			}
		},
		{
			"from": [8, 8, -16],
			"to": [9, 9, -8],
			"rotation": {"angle": 0, "axis": "y", "origin": [16, 16, -8]},
			"faces": {
				"north": {"uv": [0, 0, 8, 1], "texture": "#0"},
				"east": {"uv": [0, 0, 8, 1], "texture": "#0"},
				"south": {"uv": [0, 0, 8, 1], "texture": "#0"},
				"west": {"uv": [0, 0, 8, 1], "texture": "#0"},
				"up": {"uv": [0, 0, 8, 1], "texture": "#0"},
				"down": {"uv": [0, 0, 8, 1], "texture": "#0"}
			}
		},
		{
			"from": [13, 8, -16],
			"to": [14, 9, -8],
			"rotation": {"angle": 0, "axis": "y", "origin": [21, 16, -8]},
			"faces": {
				"north": {"uv": [0, 0, 8, 1], "texture": "#0"},
				"east": {"uv": [0, 0, 8, 1], "texture": "#0"},
				"south": {"uv": [0, 0, 8, 1], "texture": "#0"},
				"west": {"uv": [0, 0, 8, 1], "texture": "#0"},
				"up": {"uv": [0, 0, 8, 1], "texture": "#0"},
				"down": {"uv": [0, 0, 8, 1], "texture": "#0"}
			}
		},
		{
			"from": [13, 13, -16],
			"to": [14, 14, -8],
			"rotation": {"angle": 0, "axis": "y", "origin": [21, 21, -8]},
			"faces": {
				"north": {"uv": [0, 0, 8, 1], "texture": "#0"},
				"east": {"uv": [0, 0, 8, 1], "texture": "#0"},
				"south": {"uv": [0, 0, 8, 1], "texture": "#0"},
				"west": {"uv": [0, 0, 8, 1], "texture": "#0"},
				"up": {"uv": [0, 0, 8, 1], "texture": "#0"},
				"down": {"uv": [0, 0, 8, 1], "texture": "#0"}
			}
		},
		{
			"from": [8, 13, -16],
			"to": [9, 14, -8],
			"rotation": {"angle": 0, "axis": "y", "origin": [16, 21, -8]},
			"faces": {
				"north": {"uv": [0, 0, 8, 1], "texture": "#0"},
				"east": {"uv": [0, 0, 8, 1], "texture": "#0"},
				"south": {"uv": [0, 0, 8, 1], "texture": "#0"},
				"west": {"uv": [0, 0, 8, 1], "texture": "#0"},
				"up": {"uv": [0, 0, 8, 1], "texture": "#0"},
				"down": {"uv": [0, 0, 8, 1], "texture": "#0"}
			}
		},
		{
			"from": [1, 8, -16],
			"to": [2, 9, -8],
			"rotation": {"angle": 0, "axis": "y", "origin": [9, 16, -8]},
			"faces": {
				"north": {"uv": [0, 0, 8, 1], "texture": "#0"},
				"east": {"uv": [0, 0, 8, 1], "texture": "#0"},
				"south": {"uv": [0, 0, 8, 1], "texture": "#0"},
				"west": {"uv": [0, 0, 8, 1], "texture": "#0"},
				"up": {"uv": [0, 0, 8, 1], "texture": "#0"},
				"down": {"uv": [0, 0, 8, 1], "texture": "#0"}
			}
		},
		{
			"from": [6, 8, -16],
			"to": [7, 9, -8],
			"rotation": {"angle": 0, "axis": "y", "origin": [14, 16, -8]},
			"faces": {
				"north": {"uv": [0, 0, 8, 1], "texture": "#0"},
				"east": {"uv": [0, 0, 8, 1], "texture": "#0"},
				"south": {"uv": [0, 0, 8, 1], "texture": "#0"},
				"west": {"uv": [0, 0, 8, 1], "texture": "#0"},
				"up": {"uv": [0, 0, 8, 1], "texture": "#0"},
				"down": {"uv": [0, 0, 8, 1], "texture": "#0"}
			}
		},
		{
			"from": [6, 13, -16],
			"to": [7, 14, -8],
			"rotation": {"angle": 0, "axis": "y", "origin": [14, 21, -8]},
			"faces": {
				"north": {"uv": [0, 0, 8, 1], "texture": "#0"},
				"east": {"uv": [0, 0, 8, 1], "texture": "#0"},
				"south": {"uv": [0, 0, 8, 1], "texture": "#0"},
				"west": {"uv": [0, 0, 8, 1], "texture": "#0"},
				"up": {"uv": [0, 0, 8, 1], "texture": "#0"},
				"down": {"uv": [0, 0, 8, 1], "texture": "#0"}
			}
		},
		{
			"from": [1, 13, -16],
			"to": [2, 14, -8],
			"rotation": {"angle": 0, "axis": "y", "origin": [9, 21, -8]},
			"faces": {
				"north": {"uv": [0, 0, 8, 1], "texture": "#0"},
				"east": {"uv": [0, 0, 8, 1], "texture": "#0"},
				"south": {"uv": [0, 0, 8, 1], "texture": "#0"},
				"west": {"uv": [0, 0, 8, 1], "texture": "#0"},
				"up": {"uv": [0, 0, 8, 1], "texture": "#0"},
				"down": {"uv": [0, 0, 8, 1], "texture": "#0"}
			}
		},
		{
			"from": [8, 1, -16],
			"to": [9, 2, -8],
			"rotation": {"angle": 0, "axis": "y", "origin": [16, 9, -8]},
			"faces": {
				"north": {"uv": [0, 0, 8, 1], "texture": "#0"},
				"east": {"uv": [0, 0, 8, 1], "texture": "#0"},
				"south": {"uv": [0, 0, 8, 1], "texture": "#0"},
				"west": {"uv": [0, 0, 8, 1], "texture": "#0"},
				"up": {"uv": [0, 0, 8, 1], "texture": "#0"},
				"down": {"uv": [0, 0, 8, 1], "texture": "#0"}
			}
		},
		{
			"from": [13, 1, -16],
			"to": [14, 2, -8],
			"rotation": {"angle": 0, "axis": "y", "origin": [21, 9, -8]},
			"faces": {
				"north": {"uv": [0, 0, 8, 1], "texture": "#0"},
				"east": {"uv": [0, 0, 8, 1], "texture": "#0"},
				"south": {"uv": [0, 0, 8, 1], "texture": "#0"},
				"west": {"uv": [0, 0, 8, 1], "texture": "#0"},
				"up": {"uv": [0, 0, 8, 1], "texture": "#0"},
				"down": {"uv": [0, 0, 8, 1], "texture": "#0"}
			}
		},
		{
			"from": [13, 6, -16],
			"to": [14, 7, -8],
			"rotation": {"angle": 0, "axis": "y", "origin": [21, 14, -8]},
			"faces": {
				"north": {"uv": [0, 0, 8, 1], "texture": "#0"},
				"east": {"uv": [0, 0, 8, 1], "texture": "#0"},
				"south": {"uv": [0, 0, 8, 1], "texture": "#0"},
				"west": {"uv": [0, 0, 8, 1], "texture": "#0"},
				"up": {"uv": [0, 0, 8, 1], "texture": "#0"},
				"down": {"uv": [0, 0, 8, 1], "texture": "#0"}
			}
		},
		{
			"from": [8, 6, -16],
			"to": [9, 7, -8],
			"rotation": {"angle": 0, "axis": "y", "origin": [16, 14, -8]},
			"faces": {
				"north": {"uv": [0, 0, 8, 1], "texture": "#0"},
				"east": {"uv": [0, 0, 8, 1], "texture": "#0"},
				"south": {"uv": [0, 0, 8, 1], "texture": "#0"},
				"west": {"uv": [0, 0, 8, 1], "texture": "#0"},
				"up": {"uv": [0, 0, 8, 1], "texture": "#0"},
				"down": {"uv": [0, 0, 8, 1], "texture": "#0"}
			}
		},
		{
			"from": [2, 1, 23],
			"to": [6, 7, 32],
			"rotation": {"angle": 0, "axis": "y", "origin": [10, 9, -8]},
			"faces": {
				"north": {"uv": [0, 0, 9, 6], "texture": "#0"},
				"east": {"uv": [0, 0, 9, 6], "texture": "#0"},
				"south": {"uv": [0, 0, 9, 6], "texture": "#0"},
				"west": {"uv": [0, 0, 9, 6], "texture": "#0"},
				"up": {"uv": [0, 0, 9, 6], "texture": "#0"},
				"down": {"uv": [0, 0, 9, 6], "texture": "#0"}
			}
		},
		{
			"from": [1, 2, 23],
			"to": [2, 6, 32],
			"rotation": {"angle": 0, "axis": "y", "origin": [6, 9, -8]},
			"faces": {
				"north": {"uv": [0, 0, 9, 4], "texture": "#0"},
				"east": {"uv": [0, 0, 9, 4], "texture": "#0"},
				"south": {"uv": [0, 0, 9, 4], "texture": "#0"},
				"west": {"uv": [0, 0, 9, 4], "texture": "#0"},
				"up": {"uv": [0, 0, 9, 4], "texture": "#0"},
				"down": {"uv": [0, 0, 9, 4], "texture": "#0"}
			}
		},
		{
			"from": [6, 2, 23],
			"to": [7, 6, 32],
			"rotation": {"angle": 0, "axis": "y", "origin": [11, 9, -8]},
			"faces": {
				"north": {"uv": [0, 0, 9, 4], "texture": "#0"},
				"east": {"uv": [0, 0, 9, 4], "texture": "#0"},
				"south": {"uv": [0, 0, 9, 4], "texture": "#0"},
				"west": {"uv": [0, 0, 9, 4], "texture": "#0"},
				"up": {"uv": [0, 0, 9, 4], "texture": "#0"},
				"down": {"uv": [0, 0, 9, 4], "texture": "#0"}
			}
		},
		{
			"from": [9, 1, 23],
			"to": [13, 7, 32],
			"rotation": {"angle": 0, "axis": "y", "origin": [17, 9, -8]},
			"faces": {
				"north": {"uv": [0, 0, 9, 6], "texture": "#0"},
				"east": {"uv": [0, 0, 9, 6], "texture": "#0"},
				"south": {"uv": [0, 0, 9, 6], "texture": "#0"},
				"west": {"uv": [0, 0, 9, 6], "texture": "#0"},
				"up": {"uv": [0, 0, 9, 6], "texture": "#0"},
				"down": {"uv": [0, 0, 9, 6], "texture": "#0"}
			}
		},
		{
			"from": [8, 2, 23],
			"to": [9, 6, 32],
			"rotation": {"angle": 0, "axis": "y", "origin": [13, 9, -8]},
			"faces": {
				"north": {"uv": [0, 0, 9, 4], "texture": "#0"},
				"east": {"uv": [0, 0, 9, 4], "texture": "#0"},
				"south": {"uv": [0, 0, 9, 4], "texture": "#0"},
				"west": {"uv": [0, 0, 9, 4], "texture": "#0"},
				"up": {"uv": [0, 0, 9, 4], "texture": "#0"},
				"down": {"uv": [0, 0, 9, 4], "texture": "#0"}
			}
		},
		{
			"from": [13, 2, 23],
			"to": [14, 6, 32],
			"rotation": {"angle": 0, "axis": "y", "origin": [18, 9, -8]},
			"faces": {
				"north": {"uv": [0, 0, 9, 4], "texture": "#0"},
				"east": {"uv": [0, 0, 9, 4], "texture": "#0"},
				"south": {"uv": [0, 0, 9, 4], "texture": "#0"},
				"west": {"uv": [0, 0, 9, 4], "texture": "#0"},
				"up": {"uv": [0, 0, 9, 4], "texture": "#0"},
				"down": {"uv": [0, 0, 9, 4], "texture": "#0"}
			}
		},
		{
			"from": [9, 8, 23],
			"to": [13, 14, 32],
			"rotation": {"angle": 0, "axis": "y", "origin": [17, 16, -8]},
			"faces": {
				"north": {"uv": [0, 0, 9, 6], "texture": "#0"},
				"east": {"uv": [0, 0, 9, 6], "texture": "#0"},
				"south": {"uv": [0, 0, 9, 6], "texture": "#0"},
				"west": {"uv": [0, 0, 9, 6], "texture": "#0"},
				"up": {"uv": [0, 0, 9, 6], "texture": "#0"},
				"down": {"uv": [0, 0, 9, 6], "texture": "#0"}
			}
		},
		{
			"from": [8, 9, 23],
			"to": [9, 13, 32],
			"rotation": {"angle": 0, "axis": "y", "origin": [13, 16, -8]},
			"faces": {
				"north": {"uv": [0, 0, 9, 4], "texture": "#0"},
				"east": {"uv": [0, 0, 9, 4], "texture": "#0"},
				"south": {"uv": [0, 0, 9, 4], "texture": "#0"},
				"west": {"uv": [0, 0, 9, 4], "texture": "#0"},
				"up": {"uv": [0, 0, 9, 4], "texture": "#0"},
				"down": {"uv": [0, 0, 9, 4], "texture": "#0"}
			}
		},
		{
			"from": [13, 9, 23],
			"to": [14, 13, 32],
			"rotation": {"angle": 0, "axis": "y", "origin": [18, 16, -8]},
			"faces": {
				"north": {"uv": [0, 0, 9, 4], "texture": "#0"},
				"east": {"uv": [0, 0, 9, 4], "texture": "#0"},
				"south": {"uv": [0, 0, 9, 4], "texture": "#0"},
				"west": {"uv": [0, 0, 9, 4], "texture": "#0"},
				"up": {"uv": [0, 0, 9, 4], "texture": "#0"},
				"down": {"uv": [0, 0, 9, 4], "texture": "#0"}
			}
		},
		{
			"from": [2, 8, 23],
			"to": [6, 14, 32],
			"rotation": {"angle": 0, "axis": "y", "origin": [10, 16, -8]},
			"faces": {
				"north": {"uv": [0, 0, 9, 6], "texture": "#0"},
				"east": {"uv": [0, 0, 9, 6], "texture": "#0"},
				"south": {"uv": [0, 0, 9, 6], "texture": "#0"},
				"west": {"uv": [0, 0, 9, 6], "texture": "#0"},
				"up": {"uv": [0, 0, 9, 6], "texture": "#0"},
				"down": {"uv": [0, 0, 9, 6], "texture": "#0"}
			}
		},
		{
			"from": [1, 9, 23],
			"to": [2, 13, 32],
			"rotation": {"angle": 0, "axis": "y", "origin": [6, 16, -8]},
			"faces": {
				"north": {"uv": [0, 0, 9, 4], "texture": "#0"},
				"east": {"uv": [0, 0, 9, 4], "texture": "#0"},
				"south": {"uv": [0, 0, 9, 4], "texture": "#0"},
				"west": {"uv": [0, 0, 9, 4], "texture": "#0"},
				"up": {"uv": [0, 0, 9, 4], "texture": "#0"},
				"down": {"uv": [0, 0, 9, 4], "texture": "#0"}
			}
		},
		{
			"from": [6, 9, 23],
			"to": [7, 13, 32],
			"rotation": {"angle": 0, "axis": "y", "origin": [11, 16, -8]},
			"faces": {
				"north": {"uv": [0, 0, 9, 4], "texture": "#0"},
				"east": {"uv": [0, 0, 9, 4], "texture": "#0"},
				"south": {"uv": [0, 0, 9, 4], "texture": "#0"},
				"west": {"uv": [0, 0, 9, 4], "texture": "#0"},
				"up": {"uv": [0, 0, 9, 4], "texture": "#0"},
				"down": {"uv": [0, 0, 9, 4], "texture": "#0"}
			}
		},
		{
			"from": [6, -8, -6],
			"to": [9, 3, -3],
			"rotation": {"angle": -22.5, "axis": "x", "origin": [14, 10, 2]},
			"faces": {
				"north": {"uv": [0, 0, 3, 11], "texture": "#0"},
				"east": {"uv": [0, 0, 3, 11], "texture": "#0"},
				"south": {"uv": [0, 0, 3, 11], "texture": "#0"},
				"west": {"uv": [0, 0, 3, 11], "texture": "#0"},
				"up": {"uv": [0, 0, 3, 11], "texture": "#0"},
				"down": {"uv": [0, 0, 3, 11], "texture": "#0"}
			}
		},
		{
			"from": [7, -1, -7],
			"to": [8, 3, -6],
			"rotation": {"angle": -22.5, "axis": "x", "origin": [15, 10, 1]},
			"faces": {
				"north": {"uv": [0, 0, 1, 4], "texture": "#0"},
				"east": {"uv": [0, 0, 1, 4], "texture": "#0"},
				"south": {"uv": [0, 0, 1, 4], "texture": "#0"},
				"west": {"uv": [0, 0, 1, 4], "texture": "#0"},
				"up": {"uv": [0, 0, 1, 4], "texture": "#0"},
				"down": {"uv": [0, 0, 1, 4], "texture": "#0"}
			}
		}
	],
	"display": {
		"thirdperson_righthand": {
			"translation": [0.5, 3, 3.75],
			"scale": [0.3, 0.3, 0.4]
		},
		"thirdperson_lefthand": {
			"translation": [0, 3, 3.75],
			"scale": [0.3, 0.3, 0.4]
		},
		"firstperson_righthand": {
			"translation": [0, 6.5, 2],
			"scale": [0.5, 0.5, 0.5]
		},
		"firstperson_lefthand": {
			"translation": [0, 6.5, 2],
			"scale": [0.5, 0.5, 0.5]
		},
		"ground": {
			"translation": [0, 4, 0],
			"scale": [0.4, 0.4, 0.4]
		},
		"gui": {
			"rotation": [0, 90, 0],
			"scale": [0.3, 0.3, 0.3]
		},
		"fixed": {
			"rotation": [0, -90, 0],
			"translation": [0, 1.25, -4.25],
			"scale": [0.4, 0.4, 0.4]
		}
	},
	"groups": [0, 1,
		{
			"name": "group",
			"origin": [8, 8, -1],
			"children": [2, 3, 4, 5, 6, 7, 8,
				{
					"name": "group",
					"origin": [9, 9, -8],
					"children": [9, 10, 11, 12]
				},
				{
					"name": "group",
					"origin": [9, 9, -8],
					"children": [13, 14, 15, 16]
				},
				{
					"name": "group",
					"origin": [9, 9, -8],
					"children": [17, 18, 19, 20]
				},
				{
					"name": "group",
					"origin": [9, 9, -8],
					"children": [21, 22, 23, 24]
				}
			]
		},
		{
			"name": "group",
			"origin": [11, 9, -8],
			"children": [
				{
					"name": "group",
					"origin": [11, 9, -8],
					"children": [25, 26, 27]
				},
				{
					"name": "group",
					"origin": [11, 9, -8],
					"children": [28, 29, 30]
				},
				{
					"name": "group",
					"origin": [11, 9, -8],
					"children": [31, 32, 33]
				},
				{
					"name": "group",
					"origin": [11, 9, -8],
					"children": [34, 35, 36]
				}
			]
		},
		{
			"name": "group",
			"origin": [8, 8, 8],
			"children": [37, 38]
		}
	]
}