{
	"credit": "Made with Blockbench",
	"textures": {
		"0": "items/eyama/sk",
		"particle": "items/eyama/sk"
	},
	"elements": [
		{
			"from": [9, 0.3, -3.6],
			"to": [10, 0.7, 29.1],
			"rotation": {"angle": 0, "axis": "y", "origin": [16, 8, 8]},
			"faces": {
				"north": {"uv": [2.75, 2.5, 3.75, 16], "texture": "#0"},
				"east": {"uv": [2.75, 2.5, 3.75, 16], "texture": "#0"},
				"south": {"uv": [2.75, 2.5, 3.75, 16], "texture": "#0"},
				"west": {"uv": [2.75, 2.5, 3.75, 16], "texture": "#0"},
				"up": {"uv": [2.75, 2.5, 3.75, 16], "texture": "#0"},
				"down": {"uv": [2.75, 2.5, 3.75, 16], "texture": "#0"}
			}
		},
		{
			"from": [7, 0.3, -2.6],
			"to": [9, 0.7, 28.2],
			"rotation": {"angle": 0, "axis": "y", "origin": [15, 8, 8]},
			"faces": {
				"north": {"uv": [1.75, 4.5, 2.75, 16], "texture": "#0"},
				"east": {"uv": [1.75, 4.5, 2.75, 16], "texture": "#0"},
				"south": {"uv": [1.75, 4.5, 2.75, 16], "texture": "#0"},
				"west": {"uv": [0.5, 4.5, 1.5, 16], "texture": "#0"},
				"up": {"uv": [1.75, 4.5, 2.75, 16], "texture": "#0"},
				"down": {"uv": [1.75, 4.5, 2.75, 16], "texture": "#0"}
			}
		},
		{
			"from": [7, 0.3, 28],
			"to": [9, 0.7, 29],
			"rotation": {"angle": 0, "axis": "y", "origin": [8.5, 0.5, 28.5]},
			"faces": {
				"north": {"uv": [1.75, 2.5, 2.75, 3.5], "texture": "#missing"},
				"east": {"uv": [1.75, 2.5, 2.75, 3.5], "texture": "#missing"},
				"south": {"uv": [1.75, 2.5, 2.75, 3.5], "texture": "#missing"},
				"west": {"uv": [0, 7, 1, 8], "texture": "#0"},
				"up": {"uv": [1.75, 3, 2.75, 3.5], "texture": "#0"},
				"down": {"uv": [1.75, 2.5, 2.75, 3.5], "texture": "#0"}
			}
		},
		{
			"from": [7.07716, 0.3, 28.38791],
			"to": [9.07716, 0.7, 29.38791],
			"rotation": {"angle": 22.5, "axis": "y", "origin": [8.57716, 0.5, 28.88791]},
			"faces": {
				"north": {"uv": [1.75, 2.75, 2.75, 3.75], "texture": "#missing"},
				"east": {"uv": [1.75, 2.75, 2.75, 3.75], "texture": "#missing"},
				"south": {"uv": [1.75, 2.75, 2.75, 3.75], "texture": "#missing"},
				"west": {"uv": [0.75, 4.75, 1.75, 5.75], "texture": "#0"},
				"up": {"uv": [1.75, 2.75, 2.75, 3.75], "texture": "#0"},
				"down": {"uv": [1.75, 2.75, 2.75, 3.75], "texture": "#0"}
			}
		},
		{
			"from": [7.2969, 0.3, 28.71677],
			"to": [9.2969, 0.7, 29.71677],
			"rotation": {"angle": 45, "axis": "y", "origin": [8.7969, 0.5, 29.21677]},
			"faces": {
				"north": {"uv": [1.75, 3, 2.75, 3.75], "texture": "#missing"},
				"east": {"uv": [1.75, 3, 2.75, 3.75], "texture": "#missing"},
				"south": {"uv": [1.75, 3, 2.75, 3.75], "texture": "#missing"},
				"west": {"uv": [0.5, 5.5, 1.5, 6.25], "texture": "#0"},
				"up": {"uv": [1.75, 3, 2.75, 3.75], "texture": "#0"},
				"down": {"uv": [1.75, 3, 2.75, 3.75], "texture": "#0"}
			}
		},
		{
			"from": [8.62576, 0.3, 28.93651],
			"to": [9.62576, 0.7, 30.93651],
			"rotation": {"angle": -22.5, "axis": "y", "origin": [9.12576, 0.5, 29.43651]},
			"faces": {
				"north": {"uv": [1.75, 2.5, 2.75, 3.25], "rotation": 270, "texture": "#missing"},
				"east": {"uv": [1.75, 2.5, 2.75, 3.25], "rotation": 270, "texture": "#missing"},
				"south": {"uv": [0.75, 5, 1.75, 5.75], "rotation": 90, "texture": "#0"},
				"west": {"uv": [1.75, 2.5, 2.75, 3.25], "rotation": 270, "texture": "#missing"},
				"up": {"uv": [1.75, 2.5, 2.75, 3.25], "rotation": 270, "texture": "#0"},
				"down": {"uv": [1.75, 2.5, 2.75, 3.25], "rotation": 90, "texture": "#0"}
			}
		},
		{
			"from": [9.01367, 0.3, 29.01367],
			"to": [10.01367, 0.7, 31.01367],
			"rotation": {"angle": 0, "axis": "y", "origin": [9.51367, 0.5, 29.51367]},
			"faces": {
				"north": {"uv": [1.75, 2.75, 2.75, 3.75], "rotation": 270, "texture": "#missing"},
				"east": {"uv": [1.75, 2.75, 2.75, 3.75], "texture": "#0"},
				"south": {"uv": [1, 4.25, 2, 5.25], "rotation": 270, "texture": "#0"},
				"west": {"uv": [1.75, 2.75, 2.75, 3.75], "rotation": 270, "texture": "#missing"},
				"up": {"uv": [1.75, 2.75, 2.75, 3.75], "rotation": 270, "texture": "#0"},
				"down": {"uv": [1.75, 2.75, 2.75, 3.75], "rotation": 90, "texture": "#0"}
			}
		},
		{
			"from": [7.9, 0, -13.6],
			"to": [9.9, 1, -4.6],
			"rotation": {"angle": 0, "axis": "y", "origin": [15.9, 8, -4.6]},
			"faces": {
				"north": {"uv": [14, 7, 16, 16], "texture": "#0"},
				"east": {"uv": [14, 7, 16, 16], "rotation": 90, "texture": "#0"},
				"south": {"uv": [14, 7, 16, 16], "texture": "#0"},
				"west": {"uv": [14, 7, 16, 16], "rotation": 90, "texture": "#0"},
				"up": {"uv": [14, 7, 16, 16], "texture": "#0"},
				"down": {"uv": [14, 7, 16, 16], "texture": "#0"}
			}
		},
		{
			"from": [7.7, -0.3, -14.6],
			"to": [10.1, 1.3, -13.6],
			"rotation": {"angle": 0, "axis": "y", "origin": [15.9, 8, -5.6]},
			"faces": {
				"north": {"uv": [12.5, 2, 15, 3.25], "texture": "#0"},
				"east": {"uv": [12.5, 2, 15, 3.25], "texture": "#0"},
				"south": {"uv": [12.5, 2, 15, 3.25], "texture": "#0"},
				"west": {"uv": [12.5, 2, 15, 3.25], "texture": "#0"},
				"up": {"uv": [12.5, 2, 15, 3.25], "texture": "#0"},
				"down": {"uv": [12.5, 2, 15, 3.25], "texture": "#0"}
			}
		},
		{
			"from": [7.9, -0.3, -4.6],
			"to": [9.9, 1.3, -3.6],
			"rotation": {"angle": 0, "axis": "y", "origin": [15.7, 8, 4.4]},
			"faces": {
				"north": {"uv": [11.5, 2, 16, 3.5], "texture": "#0"},
				"east": {"uv": [11.5, 2, 16, 3.5], "texture": "#0"},
				"south": {"uv": [11.5, 2, 16, 3.5], "texture": "#0"},
				"west": {"uv": [11.5, 2, 16, 3.5], "texture": "#0"},
				"up": {"uv": [11.5, 2, 16, 3.5], "texture": "#0"},
				"down": {"uv": [11.5, 2, 16, 3.5], "texture": "#0"}
			}
		},
		{
			"from": [7.72181, -0.3, -3.71606],
			"to": [11.22181, 1.3, -2.61606],
			"rotation": {"angle": 0, "axis": "y", "origin": [9.92181, 0.5, -4.11606]},
			"faces": {
				"north": {"uv": [12.5, 0.25, 16, 1.75], "texture": "#0"},
				"east": {"uv": [12.5, 0.25, 16, 1.75], "texture": "#0"},
				"south": {"uv": [12.5, 0.25, 16, 1.75], "texture": "#0"},
				"west": {"uv": [12.5, 0.25, 16, 1.75], "texture": "#0"},
				"up": {"uv": [12.5, 0.25, 16, 1.75], "texture": "#0"},
				"down": {"uv": [12.5, 0.25, 16, 1.75], "texture": "#0"}
			}
		},
		{
			"from": [6.56575, -0.3, -3.32507],
			"to": [8.66575, 1.3, -1.22507],
			"rotation": {"angle": -45, "axis": "y", "origin": [7.61575, 0.5, -2.12507]},
			"faces": {
				"north": {"uv": [12.5, 0, 16, 1.5], "texture": "#0"},
				"east": {"uv": [12.5, 0, 16, 1.5], "texture": "#0"},
				"south": {"uv": [12.5, 0, 16, 1.5], "texture": "#0"},
				"west": {"uv": [12.5, 0, 16, 1.5], "texture": "#0"},
				"up": {"uv": [12.5, 0, 16, 1.5], "texture": "#0"},
				"down": {"uv": [12.5, 0, 16, 1.5], "texture": "#0"}
			}
		}
	],
	"display": {
		"thirdperson_righthand": {
			"rotation": [-90, 0, -90],
			"translation": [-6.75, 6.5, 0.5],
			"scale": [0.4, 0.7, 0.5]
		},
		"thirdperson_lefthand": {
			"rotation": [-90, 0, 90],
			"translation": [-3.75, 6.5, 0.25],
			"scale": [0.5, 0.5, 0.5]
		},
		"firstperson_righthand": {
			"rotation": [74.5, -180, 90],
			"translation": [5, 6.25, 0],
			"scale": [0.3, 0.3, 0.3]
		},
		"firstperson_lefthand": {
			"rotation": [74.5, -180, -90],
			"translation": [0.75, 6.25, 0],
			"scale": [0.3, 0.3, 0.3]
		},
		"ground": {
			"translation": [0, 5.25, 0],
			"scale": [0.7, 0.7, 0.7]
		},
		"gui": {
			"rotation": [-90, 45, 0],
			"translation": [0.5, 0.75, -7],
			"scale": [0.5, 0.5, 0.5]
		},
		"head": {
			"rotation": [90, -45, 0],
			"translation": [0, -14, 9.25],
			"scale": [0.7, 0.7, 0.7]
		},
		"fixed": {
			"rotation": [-90, 45, 0],
			"translation": [0, 1, -7],
			"scale": [0.7, 0.7, 0.7]
		}
	}
}