{
	"credit": "Made with Blockbench",
	"textures": {
		"0": "items/eyama/csd",
		"particle": "items/eyama/csd"
	},
	"elements": [
		{
			"from": [7.6, 0, 21],
			"to": [8.4, 0.3, 30],
			"rotation": {"angle": 0, "axis": "y", "origin": [8, 0.2, 24]},
			"faces": {
				"north": {"uv": [5.5, 5, 6.5, 14], "texture": "#0"},
				"east": {"uv": [5.5, 5, 6.5, 14], "texture": "#0"},
				"south": {"uv": [5.5, 5, 6.5, 14], "texture": "#0"},
				"west": {"uv": [5.5, 5, 6.5, 14], "texture": "#0"},
				"up": {"uv": [5.5, 5, 6.5, 14], "texture": "#0"},
				"down": {"uv": [5.5, 5, 6.5, 14], "texture": "#0"}
			}
		},
		{
			"from": [7.4, 0.3, 21],
			"to": [8.6, 0.7, 30],
			"rotation": {"angle": 0, "axis": "y", "origin": [8, 0.5, 24]},
			"faces": {
				"north": {"uv": [5.5, 5, 6.5, 14], "texture": "#0"},
				"east": {"uv": [5.5, 5, 6.5, 14], "texture": "#0"},
				"south": {"uv": [5.5, 5, 6.5, 14], "texture": "#0"},
				"west": {"uv": [5.5, 5, 6.5, 14], "texture": "#0"},
				"up": {"uv": [5.5, 5, 6.5, 14], "texture": "#0"},
				"down": {"uv": [5.5, 5, 6.5, 14], "texture": "#0"}
			}
		},
		{
			"from": [7.6, 0.7, 21],
			"to": [8.4, 1, 30],
			"rotation": {"angle": 0, "axis": "y", "origin": [8, 0.9, 24]},
			"faces": {
				"north": {"uv": [5.5, 5, 6.5, 14], "texture": "#0"},
				"east": {"uv": [5.5, 5, 6.5, 14], "texture": "#0"},
				"south": {"uv": [5.5, 5, 6.5, 14], "texture": "#0"},
				"west": {"uv": [5.5, 5, 6.5, 14], "texture": "#0"},
				"up": {"uv": [5.5, 5, 6.5, 14], "texture": "#0"},
				"down": {"uv": [5.5, 5, 6.5, 14], "texture": "#0"}
			}
		},
		{
			"from": [8.4, 0, 30],
			"to": [8.7, 1, 31],
			"rotation": {"angle": 0, "axis": "y", "origin": [16.7, 8, 38]},
			"faces": {
				"north": {"uv": [8.5, 4, 10, 5], "texture": "#0"},
				"east": {"uv": [8.5, 4, 10, 5], "texture": "#0"},
				"south": {"uv": [8.5, 4, 10, 5], "texture": "#0"},
				"west": {"uv": [8.5, 4, 10, 5], "texture": "#0"},
				"up": {"uv": [8.5, 4, 10, 5], "texture": "#0"},
				"down": {"uv": [8.5, 4, 10, 5], "texture": "#0"}
			}
		},
		{
			"from": [7.3, 0, 30],
			"to": [7.6, 1, 31],
			"rotation": {"angle": 0, "axis": "y", "origin": [15.6, 8, 38]},
			"faces": {
				"north": {"uv": [8.5, 4, 10, 5], "texture": "#0"},
				"east": {"uv": [8.5, 4, 10, 5], "texture": "#0"},
				"south": {"uv": [8.5, 4, 10, 5], "texture": "#0"},
				"west": {"uv": [8.5, 4, 10, 5], "texture": "#0"},
				"up": {"uv": [8.5, 4, 10, 5], "texture": "#0"},
				"down": {"uv": [8.5, 4, 10, 5], "texture": "#0"}
			}
		},
		{
			"from": [7.6, 0, 30],
			"to": [8.4, 1, 30.4],
			"rotation": {"angle": 0, "axis": "y", "origin": [16.1, 8, 38]},
			"faces": {
				"north": {"uv": [8.5, 4, 10, 5], "texture": "#0"},
				"east": {"uv": [8.5, 4, 10, 5], "texture": "#0"},
				"south": {"uv": [8.5, 4, 10, 5], "texture": "#0"},
				"west": {"uv": [8.5, 4, 10, 5], "texture": "#0"},
				"up": {"uv": [8.5, 4, 10, 5], "texture": "#0"},
				"down": {"uv": [8.5, 4, 10, 5], "texture": "#0"}
			}
		},
		{
			"from": [7.6, 0.2, 30.4],
			"to": [8.4, 0.8, 31.3],
			"rotation": {"angle": 0, "axis": "y", "origin": [16.1, 8, 38.4]},
			"faces": {
				"north": {"uv": [5.5, 2.5, 6.5, 3], "texture": "#0"},
				"east": {"uv": [5.5, 2.5, 6.5, 3], "texture": "#0"},
				"south": {"uv": [5.5, 2.5, 6.5, 3], "texture": "#0"},
				"west": {"uv": [5.5, 2.5, 6.5, 3], "texture": "#0"},
				"up": {"uv": [5.5, 2.5, 6.5, 3], "texture": "#0"},
				"down": {"uv": [5.5, 2.5, 6.5, 3], "texture": "#0"}
			}
		},
		{
			"from": [2, 0, 20],
			"to": [9, 1, 21],
			"rotation": {"angle": 0, "axis": "y", "origin": [17, 8, 28]},
			"color": 2,
			"faces": {
				"north": {"uv": [0, 0, 7, 1], "texture": "#missing"},
				"east": {"uv": [0, 0, 1, 1], "texture": "#missing"},
				"south": {"uv": [0, 0, 7, 1], "texture": "#missing"},
				"west": {"uv": [0, 0, 1, 1], "texture": "#missing"},
				"up": {"uv": [0, 0, 7, 1], "texture": "#missing"},
				"down": {"uv": [0, 0, 7, 1], "texture": "#missing"}
			}
		},
		{
			"from": [2, 0, -14],
			"to": [9, 1, -13],
			"rotation": {"angle": 0, "axis": "y", "origin": [17, 8, -6]},
			"color": 2,
			"faces": {
				"north": {"uv": [0, 0, 7, 1], "texture": "#missing"},
				"east": {"uv": [0, 0, 1, 1], "texture": "#missing"},
				"south": {"uv": [0, 0, 7, 1], "texture": "#missing"},
				"west": {"uv": [0, 0, 1, 1], "texture": "#missing"},
				"up": {"uv": [0, 0, 7, 1], "texture": "#missing"},
				"down": {"uv": [0, 0, 7, 1], "texture": "#missing"}
			}
		},
		{
			"name": "hexadecagon",
			"from": [7.80109, -0.4, -14],
			"to": [8.19891, 1.6, 20],
			"rotation": {"angle": -45, "axis": "z", "origin": [8, 0.6, 19.5]},
			"color": 3,
			"faces": {
				"north": {"uv": [0, 0, 1, 1], "texture": "#missing"},
				"east": {"uv": [0, 0, 1, 1], "texture": "#missing"},
				"south": {"uv": [0, 0, 1, 1], "texture": "#missing"},
				"west": {"uv": [0, 0, 1, 1], "texture": "#missing"},
				"up": {"uv": [0, 0, 1, 1], "texture": "#missing"},
				"down": {"uv": [0, 0, 1, 1], "texture": "#missing"}
			}
		},
		{
			"name": "hexadecagon",
			"from": [7.80109, -0.4, -14],
			"to": [8.19891, 1.6, 20],
			"rotation": {"angle": -22.5, "axis": "z", "origin": [8, 0.6, 19.5]},
			"color": 2,
			"faces": {
				"north": {"uv": [0, 0, 1, 1], "texture": "#missing"},
				"east": {"uv": [0, 0, 1, 1], "texture": "#missing"},
				"south": {"uv": [0, 0, 1, 1], "texture": "#missing"},
				"west": {"uv": [0, 0, 1, 1], "texture": "#missing"},
				"up": {"uv": [0, 0, 1, 1], "texture": "#missing"},
				"down": {"uv": [0, 0, 1, 1], "texture": "#missing"}
			}
		},
		{
			"name": "hexadecagon",
			"from": [7.80109, -0.4, -14],
			"to": [8.19891, 1.6, 20],
			"rotation": {"angle": 0, "axis": "z", "origin": [8, 0.6, 19.5]},
			"color": 1,
			"faces": {
				"north": {"uv": [0, 0, 1, 1], "texture": "#missing"},
				"east": {"uv": [0, 0, 1, 1], "texture": "#missing"},
				"south": {"uv": [0, 0, 1, 1], "texture": "#missing"},
				"west": {"uv": [0, 0, 1, 1], "texture": "#missing"},
				"up": {"uv": [0, 0, 1, 1], "texture": "#missing"},
				"down": {"uv": [0, 0, 1, 1], "texture": "#missing"}
			}
		},
		{
			"name": "hexadecagon",
			"from": [7.80109, -0.4, -14],
			"to": [8.19891, 1.6, 20],
			"rotation": {"angle": 22.5, "axis": "z", "origin": [8, 0.6, 19.5]},
			"color": 3,
			"faces": {
				"north": {"uv": [0, 0, 1, 1], "texture": "#missing"},
				"east": {"uv": [0, 0, 1, 1], "texture": "#missing"},
				"south": {"uv": [0, 0, 1, 1], "texture": "#missing"},
				"west": {"uv": [0, 0, 1, 1], "texture": "#missing"},
				"up": {"uv": [0, 0, 1, 1], "texture": "#missing"},
				"down": {"uv": [0, 0, 1, 1], "texture": "#missing"}
			}
		},
		{
			"name": "hexadecagon",
			"from": [7.80109, -0.4, -14],
			"to": [8.19891, 1.6, 20],
			"rotation": {"angle": 45, "axis": "z", "origin": [8, 0.6, 19.5]},
			"color": 6,
			"faces": {
				"north": {"uv": [0, 0, 1, 1], "texture": "#missing"},
				"east": {"uv": [0, 0, 1, 1], "texture": "#missing"},
				"south": {"uv": [0, 0, 1, 1], "texture": "#missing"},
				"west": {"uv": [0, 0, 1, 1], "texture": "#missing"},
				"up": {"uv": [0, 0, 1, 1], "texture": "#missing"},
				"down": {"uv": [0, 0, 1, 1], "texture": "#missing"}
			}
		},
		{
			"name": "hexadecagon",
			"from": [7, 0.40109, -14],
			"to": [9, 0.79891, 20],
			"rotation": {"angle": -22.5, "axis": "z", "origin": [8, 0.6, 19.5]},
			"color": 1,
			"faces": {
				"north": {"uv": [0, 0, 1, 1], "texture": "#missing"},
				"east": {"uv": [0, 0, 1, 1], "texture": "#missing"},
				"south": {"uv": [0, 0, 1, 1], "texture": "#missing"},
				"west": {"uv": [0, 0, 1, 1], "texture": "#missing"},
				"up": {"uv": [0, 0, 1, 1], "texture": "#missing"},
				"down": {"uv": [0, 0, 1, 1], "texture": "#missing"}
			}
		},
		{
			"name": "hexadecagon",
			"from": [7, 0.40109, -14],
			"to": [9, 0.79891, 20],
			"rotation": {"angle": 0, "axis": "z", "origin": [8, 0.6, 19.5]},
			"color": 7,
			"faces": {
				"north": {"uv": [0, 0, 1, 1], "texture": "#missing"},
				"east": {"uv": [0, 0, 1, 1], "texture": "#missing"},
				"south": {"uv": [0, 0, 1, 1], "texture": "#missing"},
				"west": {"uv": [0, 0, 1, 1], "texture": "#missing"},
				"up": {"uv": [0, 0, 1, 1], "texture": "#missing"},
				"down": {"uv": [0, 0, 1, 1], "texture": "#missing"}
			}
		},
		{
			"name": "hexadecagon",
			"from": [7, 0.40109, -14],
			"to": [9, 0.79891, 20],
			"rotation": {"angle": 22.5, "axis": "z", "origin": [8, 0.6, 19.5]},
			"color": 1,
			"faces": {
				"north": {"uv": [0, 0, 1, 1], "texture": "#missing"},
				"east": {"uv": [0, 0, 1, 1], "texture": "#missing"},
				"south": {"uv": [0, 0, 1, 1], "texture": "#missing"},
				"west": {"uv": [0, 0, 1, 1], "texture": "#missing"},
				"up": {"uv": [0, 0, 1, 1], "texture": "#missing"},
				"down": {"uv": [0, 0, 1, 1], "texture": "#missing"}
			}
		},
		{
			"name": "hexadecagon",
			"from": [7.84087, -0.2, -15],
			"to": [8.15913, 1.4, -14],
			"rotation": {"angle": -45, "axis": "z", "origin": [8, 0.6, -14.5]},
			"color": 2,
			"faces": {
				"north": {"uv": [0, 0, 1, 1], "texture": "#missing"},
				"east": {"uv": [0, 0, 1, 1], "texture": "#missing"},
				"south": {"uv": [0, 0, 1, 1], "texture": "#missing"},
				"west": {"uv": [0, 0, 1, 1], "texture": "#missing"},
				"up": {"uv": [0, 0, 1, 1], "texture": "#missing"},
				"down": {"uv": [0, 0, 1, 1], "texture": "#missing"}
			}
		},
		{
			"name": "hexadecagon",
			"from": [7.84087, -0.2, -15],
			"to": [8.15913, 1.4, -14],
			"rotation": {"angle": -22.5, "axis": "z", "origin": [8, 0.6, -14.5]},
			"color": 2,
			"faces": {
				"north": {"uv": [0, 0, 1, 1], "texture": "#missing"},
				"east": {"uv": [0, 0, 1, 1], "texture": "#missing"},
				"south": {"uv": [0, 0, 1, 1], "texture": "#missing"},
				"west": {"uv": [0, 0, 1, 1], "texture": "#missing"},
				"up": {"uv": [0, 0, 1, 1], "texture": "#missing"},
				"down": {"uv": [0, 0, 1, 1], "texture": "#missing"}
			}
		},
		{
			"name": "hexadecagon",
			"from": [7.84087, -0.2, -15],
			"to": [8.15913, 1.4, -14],
			"rotation": {"angle": 0, "axis": "z", "origin": [8, 0.6, -14.5]},
			"color": 7,
			"faces": {
				"north": {"uv": [0, 0, 1, 1], "texture": "#missing"},
				"east": {"uv": [0, 0, 1, 1], "texture": "#missing"},
				"south": {"uv": [0, 0, 1, 1], "texture": "#missing"},
				"west": {"uv": [0, 0, 1, 1], "texture": "#missing"},
				"up": {"uv": [0, 0, 1, 1], "texture": "#missing"},
				"down": {"uv": [0, 0, 1, 1], "texture": "#missing"}
			}
		},
		{
			"name": "hexadecagon",
			"from": [7.84087, -0.2, -15],
			"to": [8.15913, 1.4, -14],
			"rotation": {"angle": 22.5, "axis": "z", "origin": [8, 0.6, -14.5]},
			"color": 6,
			"faces": {
				"north": {"uv": [0, 0, 1, 1], "texture": "#missing"},
				"east": {"uv": [0, 0, 1, 1], "texture": "#missing"},
				"south": {"uv": [0, 0, 1, 1], "texture": "#missing"},
				"west": {"uv": [0, 0, 1, 1], "texture": "#missing"},
				"up": {"uv": [0, 0, 1, 1], "texture": "#missing"},
				"down": {"uv": [0, 0, 1, 1], "texture": "#missing"}
			}
		},
		{
			"name": "hexadecagon",
			"from": [7.84087, -0.2, -15],
			"to": [8.15913, 1.4, -14],
			"rotation": {"angle": 45, "axis": "z", "origin": [8, 0.6, -14.5]},
			"color": 3,
			"faces": {
				"north": {"uv": [0, 0, 1, 1], "texture": "#missing"},
				"east": {"uv": [0, 0, 1, 1], "texture": "#missing"},
				"south": {"uv": [0, 0, 1, 1], "texture": "#missing"},
				"west": {"uv": [0, 0, 1, 1], "texture": "#missing"},
				"up": {"uv": [0, 0, 1, 1], "texture": "#missing"},
				"down": {"uv": [0, 0, 1, 1], "texture": "#missing"}
			}
		},
		{
			"name": "hexadecagon",
			"from": [7.2, 0.44087, -15],
			"to": [8.8, 0.75913, -14],
			"rotation": {"angle": -22.5, "axis": "z", "origin": [8, 0.6, -14.5]},
			"color": 3,
			"faces": {
				"north": {"uv": [0, 0, 1, 1], "texture": "#missing"},
				"east": {"uv": [0, 0, 1, 1], "texture": "#missing"},
				"south": {"uv": [0, 0, 1, 1], "texture": "#missing"},
				"west": {"uv": [0, 0, 1, 1], "texture": "#missing"},
				"up": {"uv": [0, 0, 1, 1], "texture": "#missing"},
				"down": {"uv": [0, 0, 1, 1], "texture": "#missing"}
			}
		},
		{
			"name": "hexadecagon",
			"from": [7.2, 0.44087, -15],
			"to": [8.8, 0.75913, -14],
			"rotation": {"angle": 0, "axis": "z", "origin": [8, 0.6, -14.5]},
			"color": 4,
			"faces": {
				"north": {"uv": [0, 0, 1, 1], "texture": "#missing"},
				"east": {"uv": [0, 0, 1, 1], "texture": "#missing"},
				"south": {"uv": [0, 0, 1, 1], "texture": "#missing"},
				"west": {"uv": [0, 0, 1, 1], "texture": "#missing"},
				"up": {"uv": [0, 0, 1, 1], "texture": "#missing"},
				"down": {"uv": [0, 0, 1, 1], "texture": "#missing"}
			}
		},
		{
			"name": "hexadecagon",
			"from": [7.2, 0.44087, -15],
			"to": [8.8, 0.75913, -14],
			"rotation": {"angle": 22.5, "axis": "z", "origin": [8, 0.6, -14.5]},
			"color": 0,
			"faces": {
				"north": {"uv": [0, 0, 1, 1], "texture": "#missing"},
				"east": {"uv": [0, 0, 1, 1], "texture": "#missing"},
				"south": {"uv": [0, 0, 1, 1], "texture": "#missing"},
				"west": {"uv": [0, 0, 1, 1], "texture": "#missing"},
				"up": {"uv": [0, 0, 1, 1], "texture": "#missing"},
				"down": {"uv": [0, 0, 1, 1], "texture": "#missing"}
			}
		},
		{
			"name": "hexadecagon",
			"from": [2.88065, -0.1, -13],
			"to": [3.11935, 1.1, 20],
			"rotation": {"angle": -45, "axis": "z", "origin": [3, 0.5, -12.5]},
			"color": 6,
			"faces": {
				"north": {"uv": [0, 0, 1, 1], "texture": "#missing"},
				"east": {"uv": [0, 0, 1, 1], "texture": "#missing"},
				"south": {"uv": [0, 0, 1, 1], "texture": "#missing"},
				"west": {"uv": [0, 0, 1, 1], "texture": "#missing"},
				"up": {"uv": [0, 0, 1, 1], "texture": "#missing"},
				"down": {"uv": [0, 0, 1, 1], "texture": "#missing"}
			}
		},
		{
			"name": "hexadecagon",
			"from": [2.88065, -0.1, -13],
			"to": [3.11935, 1.1, 20],
			"rotation": {"angle": -22.5, "axis": "z", "origin": [3, 0.5, -12.5]},
			"color": 6,
			"faces": {
				"north": {"uv": [0, 0, 1, 1], "texture": "#missing"},
				"east": {"uv": [0, 0, 1, 1], "texture": "#missing"},
				"south": {"uv": [0, 0, 1, 1], "texture": "#missing"},
				"west": {"uv": [0, 0, 1, 1], "texture": "#missing"},
				"up": {"uv": [0, 0, 1, 1], "texture": "#missing"},
				"down": {"uv": [0, 0, 1, 1], "texture": "#missing"}
			}
		},
		{
			"name": "hexadecagon",
			"from": [2.88065, -0.1, -13],
			"to": [3.11935, 1.1, 20],
			"rotation": {"angle": 0, "axis": "z", "origin": [3, 0.5, -12.5]},
			"color": 4,
			"faces": {
				"north": {"uv": [0, 0, 1, 1], "texture": "#missing"},
				"east": {"uv": [0, 0, 1, 1], "texture": "#missing"},
				"south": {"uv": [0, 0, 1, 1], "texture": "#missing"},
				"west": {"uv": [0, 0, 1, 1], "texture": "#missing"},
				"up": {"uv": [0, 0, 1, 1], "texture": "#missing"},
				"down": {"uv": [0, 0, 1, 1], "texture": "#missing"}
			}
		},
		{
			"name": "hexadecagon",
			"from": [2.88065, -0.1, -13],
			"to": [3.11935, 1.1, 20],
			"rotation": {"angle": 22.5, "axis": "z", "origin": [3, 0.5, -12.5]},
			"color": 3,
			"faces": {
				"north": {"uv": [0, 0, 1, 1], "texture": "#missing"},
				"east": {"uv": [0, 0, 1, 1], "texture": "#missing"},
				"south": {"uv": [0, 0, 1, 1], "texture": "#missing"},
				"west": {"uv": [0, 0, 1, 1], "texture": "#missing"},
				"up": {"uv": [0, 0, 1, 1], "texture": "#missing"},
				"down": {"uv": [0, 0, 1, 1], "texture": "#missing"}
			}
		},
		{
			"name": "hexadecagon",
			"from": [2.88065, -0.1, -13],
			"to": [3.11935, 1.1, 20],
			"rotation": {"angle": 45, "axis": "z", "origin": [3, 0.5, -12.5]},
			"color": 3,
			"faces": {
				"north": {"uv": [0, 0, 1, 1], "texture": "#missing"},
				"east": {"uv": [0, 0, 1, 1], "texture": "#missing"},
				"south": {"uv": [0, 0, 1, 1], "texture": "#missing"},
				"west": {"uv": [0, 0, 1, 1], "texture": "#missing"},
				"up": {"uv": [0, 0, 1, 1], "texture": "#missing"},
				"down": {"uv": [0, 0, 1, 1], "texture": "#missing"}
			}
		},
		{
			"name": "hexadecagon",
			"from": [2.4, 0.38065, -13],
			"to": [3.6, 0.61935, 20],
			"rotation": {"angle": -22.5, "axis": "z", "origin": [3, 0.5, -12.5]},
			"color": 5,
			"faces": {
				"north": {"uv": [0, 0, 1, 1], "texture": "#missing"},
				"east": {"uv": [0, 0, 1, 1], "texture": "#missing"},
				"south": {"uv": [0, 0, 1, 1], "texture": "#missing"},
				"west": {"uv": [0, 0, 1, 1], "texture": "#missing"},
				"up": {"uv": [0, 0, 1, 1], "texture": "#missing"},
				"down": {"uv": [0, 0, 1, 1], "texture": "#missing"}
			}
		},
		{
			"name": "hexadecagon",
			"from": [2.4, 0.38065, -13],
			"to": [3.6, 0.61935, 20],
			"rotation": {"angle": 0, "axis": "z", "origin": [3, 0.5, -12.5]},
			"color": 3,
			"faces": {
				"north": {"uv": [0, 0, 1, 1], "texture": "#missing"},
				"east": {"uv": [0, 0, 1, 1], "texture": "#missing"},
				"south": {"uv": [0, 0, 1, 1], "texture": "#missing"},
				"west": {"uv": [0, 0, 1, 1], "texture": "#missing"},
				"up": {"uv": [0, 0, 1, 1], "texture": "#missing"},
				"down": {"uv": [0, 0, 1, 1], "texture": "#missing"}
			}
		},
		{
			"name": "hexadecagon",
			"from": [2.4, 0.38065, -13],
			"to": [3.6, 0.61935, 20],
			"rotation": {"angle": 22.5, "axis": "z", "origin": [3, 0.5, -12.5]},
			"color": 0,
			"faces": {
				"north": {"uv": [0, 0, 1, 1], "texture": "#missing"},
				"east": {"uv": [0, 0, 1, 1], "texture": "#missing"},
				"south": {"uv": [0, 0, 1, 1], "texture": "#missing"},
				"west": {"uv": [0, 0, 1, 1], "texture": "#missing"},
				"up": {"uv": [0, 0, 1, 1], "texture": "#missing"},
				"down": {"uv": [0, 0, 1, 1], "texture": "#missing"}
			}
		}
	],
	"display": {
		"thirdperson_righthand": {
			"rotation": [90, 0, 90],
			"translation": [-5.25, 10.5, 1],
			"scale": [0.7, 0.7, 0.7]
		},
		"thirdperson_lefthand": {
			"rotation": [90, 0, -90],
			"translation": [5.25, 10.5, 1],
			"scale": [0.7, 0.7, 0.7]
		},
		"firstperson_righthand": {
			"rotation": [75.25, -0.25, 74.25],
			"translation": [2.75, 8.25, -3],
			"scale": [0.7, 0.7, 0.7]
		},
		"firstperson_lefthand": {
			"rotation": [75.25, -0.25, -100],
			"translation": [12.25, 7.25, -4.75],
			"scale": [0.7, 0.7, 0.7]
		},
		"ground": {
			"translation": [0, 4.25, -3.75],
			"scale": [0.7, 0.7, 0.7]
		},
		"gui": {
			"rotation": [90, 135, 0],
			"translation": [1, 1.25, 4.25],
			"scale": [0.7, 0.7, 0.7]
		},
		"head": {
			"rotation": [90, 135, -180],
			"translation": [-4, -20.25, 0]
		},
		"fixed": {
			"rotation": [90, 135, 0],
			"translation": [0.5, 2, 3],
			"scale": [0.7, 0.7, 0.7]
		}
	},
	"groups": [
		{
			"name": "group",
			"origin": [8, 0.5, 1],
			"children": [
				{
					"name": "group",
					"origin": [16.1, 8, 35.4],
					"children": [0, 1, 2, 3, 4, 5, 6]
				}
			]
		}, 7, 8,
		{
			"name": "hexadecagon",
			"origin": [8, 8, 8],
			"children": [9, 10, 11, 12, 13, 14, 15, 16]
		},
		{
			"name": "hexadecagon",
			"origin": [8, 8, 8],
			"children": [17, 18, 19, 20, 21, 22, 23, 24]
		},
		{
			"name": "hexadecagon",
			"origin": [8, 8, 8],
			"children": [25, 26, 27, 28, 29, 30, 31, 32]
		}
	]
}