{
	"credit": "Made with Blockbench",
	"textures": {
		"0": "items/eyama/zld",
		"particle": "items/eyama/zld"
	},
	"elements": [
		{
			"from": [7, 0, -2],
			"to": [9, 1, 4],
			"rotation": {"angle": 0, "axis": "y", "origin": [16, 8, 8]},
			"faces": {
				"north": {"uv": [13, 0, 15.999, 11.999], "texture": "#0"},
				"east": {"uv": [13, 0, 15.999, 11.999], "texture": "#0"},
				"south": {"uv": [13, 0, 15.999, 11.999], "texture": "#0"},
				"west": {"uv": [13, 0, 15.999, 11.999], "texture": "#0"},
				"up": {"uv": [13, 0, 15.999, 11.999], "texture": "#0"},
				"down": {"uv": [13, 0, 15.999, 11.999], "texture": "#0"}
			}
		},
		{
			"from": [6.9, 0, 27.8],
			"to": [9.1, 1, 28.9],
			"rotation": {"angle": 0, "axis": "y", "origin": [16, 8, 16]},
			"faces": {
				"north": {"uv": [13, 0, 15.999, 11.999], "texture": "#0"},
				"east": {"uv": [13, 0, 15.999, 11.999], "texture": "#0"},
				"south": {"uv": [13, 0, 15.999, 11.999], "texture": "#0"},
				"west": {"uv": [13, 0, 15.999, 11.999], "texture": "#0"},
				"up": {"uv": [13, 0, 15.999, 11.999], "texture": "#0"},
				"down": {"uv": [13, 0, 15.999, 11.999], "texture": "#0"}
			}
		},
		{
			"from": [7.2, 0, 28.8],
			"to": [8.8, 1, 29.7],
			"rotation": {"angle": 0, "axis": "y", "origin": [16, 8, 16.8]},
			"faces": {
				"north": {"uv": [13, 0, 15.999, 11.999], "texture": "#0"},
				"east": {"uv": [13, 0, 15.999, 11.999], "texture": "#0"},
				"south": {"uv": [13, 0, 15.999, 11.999], "texture": "#0"},
				"west": {"uv": [13, 0, 15.999, 11.999], "texture": "#0"},
				"up": {"uv": [13, 0, 15.999, 11.999], "texture": "#0"},
				"down": {"uv": [13, 0, 15.999, 11.999], "texture": "#0"}
			}
		},
		{
			"from": [7.6, 0, 29.6],
			"to": [8.4, 1, 30.4],
			"rotation": {"angle": 0, "axis": "y", "origin": [16, 8, 17.6]},
			"faces": {
				"north": {"uv": [13, 0, 15.999, 11.999], "texture": "#0"},
				"east": {"uv": [13, 0, 15.999, 11.999], "texture": "#0"},
				"south": {"uv": [13, 0, 15.999, 11.999], "texture": "#0"},
				"west": {"uv": [13, 0, 15.999, 11.999], "texture": "#0"},
				"up": {"uv": [13, 0, 15.999, 11.999], "texture": "#0"},
				"down": {"uv": [13, 0, 15.999, 11.999], "texture": "#0"}
			}
		},
		{
			"from": [6.5, 0, 6],
			"to": [9.5, 1, 27.9],
			"rotation": {"angle": 0, "axis": "y", "origin": [16, 8, 16]},
			"faces": {
				"north": {"uv": [13, 0, 15.999, 11.999], "texture": "#0"},
				"east": {"uv": [13, 0, 15.999, 11.999], "texture": "#0"},
				"south": {"uv": [13, 0, 15.999, 11.999], "texture": "#0"},
				"west": {"uv": [13, 0, 15.999, 11.999], "texture": "#0"},
				"up": {"uv": [13, 0, 15.999, 11.999], "texture": "#0"},
				"down": {"uv": [13, 0, 15.999, 11.999], "texture": "#0"}
			}
		},
		{
			"from": [8.5, 0, 27.9],
			"to": [8.9, 1, 31.6],
			"rotation": {"angle": -22.5, "axis": "y", "origin": [9.5, 0.5, 29.5]},
			"faces": {
				"north": {"uv": [13, 0, 15.999, 11.999], "texture": "#0"},
				"east": {"uv": [13, 0, 15.999, 11.999], "texture": "#0"},
				"south": {"uv": [13, 0, 15.999, 11.999], "texture": "#0"},
				"west": {"uv": [13, 0, 15.999, 11.999], "texture": "#0"},
				"up": {"uv": [13, 0, 15.999, 11.999], "texture": "#0"},
				"down": {"uv": [13, 0, 15.999, 11.999], "texture": "#0"}
			}
		},
		{
			"from": [7.1, 0, 27.9],
			"to": [7.5, 1, 31.6],
			"rotation": {"angle": 22.5, "axis": "y", "origin": [6.5, 0.5, 29.5]},
			"faces": {
				"north": {"uv": [13, 0, 15.999, 11.999], "texture": "#0"},
				"east": {"uv": [13, 0, 15.999, 11.999], "texture": "#0"},
				"south": {"uv": [13, 0, 15.999, 11.999], "texture": "#0"},
				"west": {"uv": [13, 0, 15.999, 11.999], "texture": "#0"},
				"up": {"uv": [13, 0, 15.999, 11.999], "texture": "#0"},
				"down": {"uv": [13, 0, 15.999, 11.999], "texture": "#0"}
			}
		},
		{
			"from": [6.2, 0, 4],
			"to": [9.8, 1, 6],
			"rotation": {"angle": 0, "axis": "y", "origin": [15.8, 8, 14]},
			"faces": {
				"north": {"uv": [13, 0, 15.999, 11.999], "texture": "#0"},
				"east": {"uv": [13, 0, 15.999, 11.999], "texture": "#0"},
				"south": {"uv": [13, 0, 15.999, 11.999], "texture": "#0"},
				"west": {"uv": [13, 0, 15.999, 11.999], "texture": "#0"},
				"up": {"uv": [13, 0, 15.999, 11.999], "texture": "#0"},
				"down": {"uv": [13, 0, 15.999, 11.999], "texture": "#0"}
			}
		},
		{
			"from": [9, 0, 4],
			"to": [10, 1, 5],
			"rotation": {"angle": 22.5, "axis": "y", "origin": [8, 0.5, 5]},
			"faces": {
				"north": {"uv": [13, 0, 15.999, 11.999], "texture": "#0"},
				"east": {"uv": [13, 0, 15.999, 11.999], "texture": "#0"},
				"south": {"uv": [13, 0, 15.999, 11.999], "texture": "#0"},
				"west": {"uv": [13, 0, 15.999, 11.999], "texture": "#0"},
				"up": {"uv": [13, 0, 15.999, 11.999], "texture": "#0"},
				"down": {"uv": [13, 0, 15.999, 11.999], "texture": "#0"}
			}
		},
		{
			"from": [6, 0, 4],
			"to": [7, 1, 5],
			"rotation": {"angle": -22.5, "axis": "y", "origin": [8, 0.5, 5]},
			"faces": {
				"north": {"uv": [13, 0, 15.999, 11.999], "texture": "#0"},
				"east": {"uv": [13, 0, 15.999, 11.999], "texture": "#0"},
				"south": {"uv": [13, 0, 15.999, 11.999], "texture": "#0"},
				"west": {"uv": [13, 0, 15.999, 11.999], "texture": "#0"},
				"up": {"uv": [13, 0, 15.999, 11.999], "texture": "#0"},
				"down": {"uv": [13, 0, 15.999, 11.999], "texture": "#0"}
			}
		},
		{
			"from": [9, 0, 5],
			"to": [10, 1, 6],
			"rotation": {"angle": -22.5, "axis": "y", "origin": [8, 0.5, 5]},
			"faces": {
				"north": {"uv": [13, 0, 15.999, 11.999], "texture": "#0"},
				"east": {"uv": [13, 0, 15.999, 11.999], "texture": "#0"},
				"south": {"uv": [13, 0, 15.999, 11.999], "texture": "#0"},
				"west": {"uv": [13, 0, 15.999, 11.999], "texture": "#0"},
				"up": {"uv": [13, 0, 15.999, 11.999], "texture": "#0"},
				"down": {"uv": [13, 0, 15.999, 11.999], "texture": "#0"}
			}
		},
		{
			"from": [6, 0, 5],
			"to": [7, 1, 6],
			"rotation": {"angle": 22.5, "axis": "y", "origin": [8, 0.5, 5]},
			"faces": {
				"north": {"uv": [13, 0, 15.999, 11.999], "texture": "#0"},
				"east": {"uv": [13, 0, 15.999, 11.999], "texture": "#0"},
				"south": {"uv": [13, 0, 15.999, 11.999], "texture": "#0"},
				"west": {"uv": [13, 0, 15.999, 11.999], "texture": "#0"},
				"up": {"uv": [13, 0, 15.999, 11.999], "texture": "#0"},
				"down": {"uv": [13, 0, 15.999, 11.999], "texture": "#0"}
			}
		},
		{
			"from": [7, -0.5, -12],
			"to": [9, 1.5, -4.65],
			"rotation": {"angle": 0, "axis": "y", "origin": [16, 8, 8]},
			"faces": {
				"north": {"uv": [0, 0.5, 5.499, 15.992], "rotation": 90, "texture": "#0"},
				"east": {"uv": [0, 0.5, 5.499, 15.992], "rotation": 90, "texture": "#0"},
				"south": {"uv": [0, 0.5, 5.499, 15.992], "rotation": 90, "texture": "#0"},
				"west": {"uv": [0, 0.5, 5.499, 15.992], "rotation": 90, "texture": "#0"},
				"up": {"uv": [0, 0.5, 5.499, 15.992], "texture": "#0"},
				"down": {"uv": [0, 0.5, 5.499, 15.992], "texture": "#0"}
			}
		},
		{
			"from": [6.5, -1, -12.9],
			"to": [9.5, 2, -12.05],
			"rotation": {"angle": 0, "axis": "y", "origin": [16, 8, 7.6]},
			"faces": {
				"north": {"uv": [5.5, 0.5, 10.998, 15.991], "rotation": 90, "texture": "#0"},
				"east": {"uv": [5.5, 0.5, 10.998, 15.991], "rotation": 90, "texture": "#0"},
				"south": {"uv": [5.5, 0.5, 10.998, 15.991], "rotation": 90, "texture": "#0"},
				"west": {"uv": [5.5, 0.5, 10.998, 15.991], "rotation": 90, "texture": "#0"},
				"up": {"uv": [5.5, 0.5, 10.998, 15.991], "rotation": 90, "texture": "#0"},
				"down": {"uv": [5.5, 0.5, 10.998, 15.991], "rotation": 90, "texture": "#0"}
			}
		},
		{
			"from": [7, -0.5, -13.4],
			"to": [9, 1.5, -12.95],
			"rotation": {"angle": 0, "axis": "y", "origin": [16, 8, 6.7]},
			"faces": {
				"north": {"uv": [5.5, 0.5, 10.998, 15.991], "rotation": 90, "texture": "#0"},
				"east": {"uv": [5.5, 0.5, 10.998, 15.991], "rotation": 90, "texture": "#0"},
				"south": {"uv": [5.5, 0.5, 10.998, 15.991], "rotation": 90, "texture": "#0"},
				"west": {"uv": [5.5, 0.5, 10.998, 15.991], "rotation": 90, "texture": "#0"},
				"up": {"uv": [5.5, 0.5, 10.998, 15.991], "rotation": 90, "texture": "#0"},
				"down": {"uv": [5.5, 0.5, 10.998, 15.991], "rotation": 90, "texture": "#0"}
			}
		},
		{
			"from": [7.5, 0, -14.75],
			"to": [8.5, 1, -13.45],
			"rotation": {"angle": 0, "axis": "y", "origin": [16, 8, 5.8]},
			"faces": {
				"north": {"uv": [5.5, 0.5, 10.998, 15.991], "rotation": 90, "texture": "#0"},
				"east": {"uv": [5.5, 0.5, 10.998, 15.991], "rotation": 90, "texture": "#0"},
				"south": {"uv": [5.5, 0.5, 10.998, 15.991], "rotation": 90, "texture": "#0"},
				"west": {"uv": [5.5, 0.5, 10.998, 15.991], "rotation": 90, "texture": "#0"},
				"up": {"uv": [5.5, 0.5, 10.998, 15.991], "rotation": 90, "texture": "#0"},
				"down": {"uv": [5.5, 0.5, 10.998, 15.991], "rotation": 90, "texture": "#0"}
			}
		},
		{
			"from": [3.53806, -0.5, -3.99134],
			"to": [8.03806, 1.5, -1.59134],
			"rotation": {"angle": -22.5, "axis": "y", "origin": [5.53806, 0.5, -4.19134]},
			"faces": {
				"north": {"uv": [5.999, 4, 10.499, 6.399], "texture": "#0"},
				"east": {"uv": [5.999, 4, 10.499, 6.399], "texture": "#0"},
				"south": {"uv": [5.999, 4, 10.499, 6.399], "texture": "#0"},
				"west": {"uv": [5.999, 4, 10.499, 6.399], "texture": "#0"},
				"up": {"uv": [5.999, 4, 10.499, 6.399], "texture": "#0"},
				"down": {"uv": [5.999, 4, 10.499, 6.399], "texture": "#0"}
			}
		},
		{
			"from": [6.13806, -0.5, -1.59134],
			"to": [7.33806, 1.5, 1.40866],
			"rotation": {"angle": 0, "axis": "y", "origin": [5.53806, 0.5, -4.19134]},
			"faces": {
				"north": {"uv": [5.999, 4, 10.499, 6.399], "texture": "#0"},
				"east": {"uv": [5.999, 4, 10.499, 6.399], "texture": "#0"},
				"south": {"uv": [5.999, 4, 10.499, 6.399], "texture": "#0"},
				"west": {"uv": [5.999, 4, 10.499, 6.399], "texture": "#0"},
				"up": {"uv": [5.999, 4, 10.499, 6.399], "texture": "#0"},
				"down": {"uv": [5.999, 4, 10.499, 6.399], "texture": "#0"}
			}
		},
		{
			"from": [6.13806, -0.5, 1.40866],
			"to": [7.33806, 1.5, 2.40866],
			"rotation": {"angle": 0, "axis": "y", "origin": [5.53806, 0.5, -2.19134]},
			"faces": {
				"north": {"uv": [11.5, 12.499, 15.999, 14.897], "texture": "#0"},
				"east": {"uv": [11.5, 12.499, 15.999, 14.897], "texture": "#0"},
				"south": {"uv": [11.5, 12.499, 15.999, 14.897], "texture": "#0"},
				"west": {"uv": [11.5, 12.499, 15.999, 14.897], "texture": "#0"},
				"up": {"uv": [11.5, 12.499, 15.999, 14.897], "texture": "#0"},
				"down": {"uv": [11.5, 12.499, 15.999, 14.897], "texture": "#0"}
			}
		},
		{
			"from": [-1.7, -0.5, 0.3],
			"to": [3, 1.5, 1.2],
			"rotation": {"angle": 22.5, "axis": "y", "origin": [1, 0.5, -1]},
			"faces": {
				"north": {"uv": [5.999, 4, 10.499, 6.399], "rotation": 270, "texture": "#0"},
				"east": {"uv": [5.999, 4, 10.499, 6.399], "rotation": 270, "texture": "#0"},
				"south": {"uv": [5.999, 4, 10.499, 6.399], "rotation": 270, "texture": "#0"},
				"west": {"uv": [5.999, 4, 10.499, 6.399], "rotation": 270, "texture": "#0"},
				"up": {"uv": [5.999, 4, 10.499, 6.399], "rotation": 270, "texture": "#0"},
				"down": {"uv": [5.999, 4, 10.499, 6.399], "rotation": 270, "texture": "#0"}
			}
		},
		{
			"from": [0.6, -0.5, -5],
			"to": [2, 1.5, 1.1],
			"rotation": {"angle": -22.5, "axis": "y", "origin": [1, 0.5, -1]},
			"faces": {
				"north": {"uv": [5.999, 4, 10.499, 6.399], "rotation": 270, "texture": "#0"},
				"east": {"uv": [5.999, 4, 10.499, 6.399], "rotation": 270, "texture": "#0"},
				"south": {"uv": [5.999, 4, 10.499, 6.399], "rotation": 270, "texture": "#0"},
				"west": {"uv": [5.999, 4, 10.499, 6.399], "rotation": 270, "texture": "#0"},
				"up": {"uv": [5.999, 4, 10.499, 6.399], "rotation": 270, "texture": "#0"},
				"down": {"uv": [5.999, 4, 10.499, 6.399], "rotation": 270, "texture": "#0"}
			}
		},
		{
			"from": [3.99582, -0.5, -5.99267],
			"to": [5.09582, 1.5, -2.99267],
			"rotation": {"angle": 45, "axis": "y", "origin": [4.49582, 0.5, -2.99267]},
			"faces": {
				"north": {"uv": [5.999, 4, 10.499, 6.399], "rotation": 90, "texture": "#0"},
				"east": {"uv": [5.999, 4, 10.499, 6.399], "rotation": 90, "texture": "#0"},
				"south": {"uv": [5.999, 4, 10.499, 6.399], "rotation": 90, "texture": "#0"},
				"west": {"uv": [5.999, 4, 10.499, 6.399], "rotation": 90, "texture": "#0"},
				"up": {"uv": [5.999, 4, 10.499, 6.399], "rotation": 90, "texture": "#0"},
				"down": {"uv": [5.999, 4, 10.499, 6.399], "rotation": 90, "texture": "#0"}
			}
		},
		{
			"from": [3, -0.5, -4],
			"to": [4.4, 1.5, 0],
			"rotation": {"angle": -22.5, "axis": "y", "origin": [3, 0.5, -2]},
			"faces": {
				"north": {"uv": [5.999, 4, 10.499, 6.399], "rotation": 270, "texture": "#0"},
				"east": {"uv": [5.999, 4, 10.499, 6.399], "rotation": 270, "texture": "#0"},
				"south": {"uv": [5.999, 4, 10.499, 6.399], "rotation": 270, "texture": "#0"},
				"west": {"uv": [5.999, 4, 10.499, 6.399], "rotation": 270, "texture": "#0"},
				"up": {"uv": [5.999, 4, 10.499, 6.399], "rotation": 270, "texture": "#0"},
				"down": {"uv": [5.999, 4, 10.499, 6.399], "rotation": 270, "texture": "#0"}
			}
		},
		{
			"from": [3, -0.5, -4],
			"to": [4, 1.5, 0],
			"rotation": {"angle": -22.5, "axis": "y", "origin": [3, 0.5, -2]},
			"faces": {
				"north": {"uv": [5.999, 4, 10.499, 6.399], "rotation": 270, "texture": "#0"},
				"east": {"uv": [5.999, 4, 10.499, 6.399], "rotation": 270, "texture": "#0"},
				"south": {"uv": [5.999, 4, 10.499, 6.399], "rotation": 270, "texture": "#0"},
				"west": {"uv": [5.999, 4, 10.499, 6.399], "rotation": 270, "texture": "#0"},
				"up": {"uv": [5.999, 4, 10.499, 6.399], "rotation": 270, "texture": "#0"},
				"down": {"uv": [5.999, 4, 10.499, 6.399], "rotation": 270, "texture": "#0"}
			}
		},
		{
			"from": [2, -0.5, -4],
			"to": [3, 1.5, 0],
			"rotation": {"angle": -22.5, "axis": "y", "origin": [2, 0.5, -2]},
			"faces": {
				"north": {"uv": [5.999, 4, 10.499, 6.399], "rotation": 270, "texture": "#0"},
				"east": {"uv": [5.999, 4, 10.499, 6.399], "rotation": 270, "texture": "#0"},
				"south": {"uv": [5.999, 4, 10.499, 6.399], "rotation": 270, "texture": "#0"},
				"west": {"uv": [5.999, 4, 10.499, 6.399], "rotation": 270, "texture": "#0"},
				"up": {"uv": [5.999, 4, 10.499, 6.399], "rotation": 270, "texture": "#0"},
				"down": {"uv": [5.999, 4, 10.499, 6.399], "rotation": 270, "texture": "#0"}
			}
		},
		{
			"from": [7.96194, -0.5, -3.99134],
			"to": [12.46194, 1.5, -1.59134],
			"rotation": {"angle": 22.5, "axis": "y", "origin": [10.46194, 0.5, -4.19134]},
			"faces": {
				"north": {"uv": [10.499, 2, 5.999, 4.399], "texture": "#0"},
				"east": {"uv": [10.499, 2, 5.999, 4.399], "texture": "#0"},
				"south": {"uv": [10.499, 2, 5.999, 4.399], "texture": "#0"},
				"west": {"uv": [10.499, 2, 5.999, 4.399], "texture": "#0"},
				"up": {"uv": [10.499, 2, 5.999, 4.399], "texture": "#0"},
				"down": {"uv": [10.499, 2, 5.999, 4.399], "texture": "#0"}
			}
		},
		{
			"from": [8.76194, -0.5, -1.59134],
			"to": [9.96194, 1.5, 1.40866],
			"rotation": {"angle": 0, "axis": "y", "origin": [9.46194, 0.5, -0.09134]},
			"faces": {
				"north": {"uv": [10.499, 2, 5.999, 4.399], "texture": "#0"},
				"east": {"uv": [10.499, 2, 5.999, 4.399], "texture": "#0"},
				"south": {"uv": [10.499, 2, 5.999, 4.399], "texture": "#0"},
				"west": {"uv": [10.499, 2, 5.999, 4.399], "texture": "#0"},
				"up": {"uv": [10.499, 2, 5.999, 4.399], "texture": "#0"},
				"down": {"uv": [10.499, 2, 5.999, 4.399], "texture": "#0"}
			}
		},
		{
			"from": [8.66194, -1, -1.29134],
			"to": [10.06194, 2, 0.20866],
			"rotation": {"angle": -45, "axis": "y", "origin": [9.26194, 0.5, -1.09134]},
			"faces": {
				"north": {"uv": [10.499, 2, 5.999, 4.399], "texture": "#0"},
				"east": {"uv": [10.499, 2, 5.999, 4.399], "texture": "#0"},
				"south": {"uv": [10.499, 2, 5.999, 4.399], "texture": "#0"},
				"west": {"uv": [10.499, 2, 5.999, 4.399], "texture": "#0"},
				"up": {"uv": [10.499, 2, 5.999, 4.399], "texture": "#0"},
				"down": {"uv": [10.499, 2, 5.999, 4.399], "texture": "#0"}
			}
		},
		{
			"from": [5.93806, -1, -1.19134],
			"to": [7.33806, 2, 0.20866],
			"rotation": {"angle": 45, "axis": "y", "origin": [6.73806, 0.5, -1.09134]},
			"faces": {
				"north": {"uv": [10.499, 2, 5.999, 4.399], "texture": "#0"},
				"east": {"uv": [10.499, 2, 5.999, 4.399], "texture": "#0"},
				"south": {"uv": [10.499, 2, 5.999, 4.399], "texture": "#0"},
				"west": {"uv": [10.499, 2, 5.999, 4.399], "texture": "#0"},
				"up": {"uv": [10.499, 2, 5.999, 4.399], "texture": "#0"},
				"down": {"uv": [10.499, 2, 5.999, 4.399], "texture": "#0"}
			}
		},
		{
			"from": [8.76194, -0.5, 1.40866],
			"to": [9.96194, 1.5, 2.40866],
			"rotation": {"angle": 0, "axis": "y", "origin": [10.46194, 0.5, -3.19134]},
			"faces": {
				"north": {"uv": [15.999, 13.5, 11.5, 15.898], "texture": "#0"},
				"east": {"uv": [15.999, 13.5, 11.5, 15.898], "texture": "#0"},
				"south": {"uv": [15.999, 13.5, 11.5, 15.898], "texture": "#0"},
				"west": {"uv": [15.999, 13.5, 11.5, 15.898], "texture": "#0"},
				"up": {"uv": [15.999, 13.5, 11.5, 15.898], "texture": "#0"},
				"down": {"uv": [15.999, 13.5, 11.5, 15.898], "texture": "#0"}
			}
		},
		{
			"from": [13, -0.5, 0.3],
			"to": [17.7, 1.5, 1.2],
			"rotation": {"angle": -22.5, "axis": "y", "origin": [15, 0.5, -1]},
			"faces": {
				"north": {"uv": [10.499, 2, 5.999, 4.399], "rotation": 270, "texture": "#0"},
				"east": {"uv": [10.499, 2, 5.999, 4.399], "rotation": 270, "texture": "#0"},
				"south": {"uv": [10.499, 2, 5.999, 4.399], "rotation": 270, "texture": "#0"},
				"west": {"uv": [10.499, 2, 5.999, 4.399], "rotation": 270, "texture": "#0"},
				"up": {"uv": [10.499, 2, 5.999, 4.399], "rotation": 270, "texture": "#0"},
				"down": {"uv": [10.499, 2, 5.999, 4.399], "rotation": 270, "texture": "#0"}
			}
		},
		{
			"from": [14, -0.5, -5],
			"to": [15.4, 1.5, 1.1],
			"rotation": {"angle": 22.5, "axis": "y", "origin": [15, 0.5, -1]},
			"faces": {
				"north": {"uv": [10.499, 2, 5.999, 4.399], "rotation": 270, "texture": "#0"},
				"east": {"uv": [10.499, 2, 5.999, 4.399], "rotation": 270, "texture": "#0"},
				"south": {"uv": [10.499, 2, 5.999, 4.399], "rotation": 270, "texture": "#0"},
				"west": {"uv": [10.499, 2, 5.999, 4.399], "rotation": 270, "texture": "#0"},
				"up": {"uv": [10.499, 2, 5.999, 4.399], "rotation": 270, "texture": "#0"},
				"down": {"uv": [10.499, 2, 5.999, 4.399], "rotation": 270, "texture": "#0"}
			}
		},
		{
			"from": [10.90418, -0.5, -5.99267],
			"to": [12.00418, 1.5, -2.99267],
			"rotation": {"angle": -45, "axis": "y", "origin": [11.50418, 0.5, -2.99267]},
			"faces": {
				"north": {"uv": [10.499, 2, 5.999, 4.399], "rotation": 90, "texture": "#0"},
				"east": {"uv": [10.499, 2, 5.999, 4.399], "rotation": 90, "texture": "#0"},
				"south": {"uv": [10.499, 2, 5.999, 4.399], "rotation": 90, "texture": "#0"},
				"west": {"uv": [10.499, 2, 5.999, 4.399], "rotation": 90, "texture": "#0"},
				"up": {"uv": [10.499, 2, 5.999, 4.399], "rotation": 90, "texture": "#0"},
				"down": {"uv": [10.499, 2, 5.999, 4.399], "rotation": 90, "texture": "#0"}
			}
		},
		{
			"from": [11.6, -0.5, -4],
			"to": [13, 1.5, 0],
			"rotation": {"angle": 22.5, "axis": "y", "origin": [13, 0.5, -2]},
			"faces": {
				"north": {"uv": [10.499, 2, 5.999, 4.399], "rotation": 270, "texture": "#0"},
				"east": {"uv": [10.499, 2, 5.999, 4.399], "rotation": 270, "texture": "#0"},
				"south": {"uv": [10.499, 2, 5.999, 4.399], "rotation": 270, "texture": "#0"},
				"west": {"uv": [10.499, 2, 5.999, 4.399], "rotation": 270, "texture": "#0"},
				"up": {"uv": [10.499, 2, 5.999, 4.399], "rotation": 270, "texture": "#0"},
				"down": {"uv": [10.499, 2, 5.999, 4.399], "rotation": 270, "texture": "#0"}
			}
		},
		{
			"from": [12, -0.5, -4],
			"to": [13, 1.5, 0],
			"rotation": {"angle": 22.5, "axis": "y", "origin": [13, 0.5, -2]},
			"faces": {
				"north": {"uv": [10.499, 2, 5.999, 4.399], "rotation": 270, "texture": "#0"},
				"east": {"uv": [10.499, 2, 5.999, 4.399], "rotation": 270, "texture": "#0"},
				"south": {"uv": [10.499, 2, 5.999, 4.399], "rotation": 270, "texture": "#0"},
				"west": {"uv": [10.499, 2, 5.999, 4.399], "rotation": 270, "texture": "#0"},
				"up": {"uv": [10.499, 2, 5.999, 4.399], "rotation": 270, "texture": "#0"},
				"down": {"uv": [10.499, 2, 5.999, 4.399], "rotation": 270, "texture": "#0"}
			}
		},
		{
			"from": [13, -0.5, -4],
			"to": [14, 1.5, 0],
			"rotation": {"angle": 22.5, "axis": "y", "origin": [14, 0.5, -2]},
			"faces": {
				"north": {"uv": [10.499, 2, 5.999, 4.399], "rotation": 270, "texture": "#0"},
				"east": {"uv": [10.499, 2, 5.999, 4.399], "rotation": 270, "texture": "#0"},
				"south": {"uv": [10.499, 2, 5.999, 4.399], "rotation": 270, "texture": "#0"},
				"west": {"uv": [10.499, 2, 5.999, 4.399], "rotation": 270, "texture": "#0"},
				"up": {"uv": [10.499, 2, 5.999, 4.399], "rotation": 270, "texture": "#0"},
				"down": {"uv": [10.499, 2, 5.999, 4.399], "rotation": 270, "texture": "#0"}
			}
		},
		{
			"from": [6.1, -1, -4],
			"to": [7.25, 2, -2],
			"rotation": {"angle": -22.5, "axis": "y", "origin": [8, 0.5, -3]},
			"faces": {
				"north": {"uv": [7.999, 6.5, 9.148, 8.5], "texture": "#0"},
				"east": {"uv": [7.999, 6.5, 9.148, 8.5], "texture": "#0"},
				"south": {"uv": [7.999, 6.5, 9.148, 8.5], "texture": "#0"},
				"west": {"uv": [7.999, 6.5, 9.148, 8.5], "texture": "#0"},
				"up": {"uv": [7.999, 6.5, 9.148, 8.5], "texture": "#0"},
				"down": {"uv": [7.999, 6.5, 9.148, 8.5], "texture": "#0"}
			}
		},
		{
			"from": [6.5, -1, -4.8],
			"to": [9.5, 2, -2.8],
			"rotation": {"angle": 0, "axis": "y", "origin": [8.5, 0.5, -3.8]},
			"faces": {
				"north": {"uv": [7.999, 6.5, 9.148, 8.5], "texture": "#0"},
				"east": {"uv": [7.999, 6.5, 9.148, 8.5], "texture": "#0"},
				"south": {"uv": [7.999, 6.5, 9.148, 8.5], "texture": "#0"},
				"west": {"uv": [7.999, 6.5, 9.148, 8.5], "texture": "#0"},
				"up": {"uv": [7.999, 6.5, 9.148, 8.5], "texture": "#0"},
				"down": {"uv": [7.999, 6.5, 9.148, 8.5], "texture": "#0"}
			}
		},
		{
			"from": [7.5, -1.5, -2.8],
			"to": [9.5, 2.5, -0.8],
			"rotation": {"angle": 45, "axis": "y", "origin": [8, 0.5, -1.3]},
			"faces": {
				"north": {"uv": [14, 13.5, 15.999, 15.5], "texture": "#0"},
				"east": {"uv": [14, 13.5, 15.999, 15.5], "texture": "#0"},
				"south": {"uv": [14, 13.5, 15.999, 15.5], "texture": "#0"},
				"west": {"uv": [14, 13.5, 15.999, 15.5], "texture": "#0"},
				"up": {"uv": [14, 13.5, 15.999, 15.5], "texture": "#0"},
				"down": {"uv": [14, 13.5, 15.999, 15.5], "texture": "#0"}
			}
		},
		{
			"from": [8.75, -1, -4],
			"to": [10, 2, -2],
			"rotation": {"angle": 22.5, "axis": "y", "origin": [8, 0.5, -3]},
			"faces": {
				"north": {"uv": [7.999, 6.5, 9.148, 8.5], "texture": "#0"},
				"east": {"uv": [7.999, 6.5, 9.148, 8.5], "texture": "#0"},
				"south": {"uv": [7.999, 6.5, 9.148, 8.5], "texture": "#0"},
				"west": {"uv": [7.999, 6.5, 9.148, 8.5], "texture": "#0"},
				"up": {"uv": [7.999, 6.5, 9.148, 8.5], "texture": "#0"},
				"down": {"uv": [7.999, 6.5, 9.148, 8.5], "texture": "#0"}
			}
		}
	],
	"display": {
		"thirdperson_righthand": {
			"rotation": [-90, 0, 90],
			"translation": [-4.25, 9.75, 1.25],
			"scale": [0.7, 0.6, 0.7]
		},
		"thirdperson_lefthand": {
			"rotation": [-90, 0, 90],
			"translation": [-4.25, 9.75, 1.25],
			"scale": [0.7, 0.6, 0.7]
		},
		"firstperson_righthand": {
			"rotation": [110, -180, 90],
			"translation": [4.5, 4.75, 0],
			"scale": [0.4, 0.4, 0.4]
		},
		"firstperson_lefthand": {
			"rotation": [110, -180, 90],
			"translation": [4.5, 4.75, 0],
			"scale": [0.4, 0.4, 0.4]
		},
		"ground": {
			"translation": [0, 3, 0],
			"scale": [0.5, 0.5, 0.5]
		},
		"gui": {
			"rotation": [90, 45, 0],
			"translation": [0, 0, 2.5],
			"scale": [0.5, 0.5, 0.5]
		},
		"head": {
			"rotation": [90, 45, 0],
			"translation": [0, -17.25, 14.5]
		},
		"fixed": {
			"rotation": [90, 45, 0],
			"translation": [0, 0, 2.5],
			"scale": [0.5, 0.5, 0.5]
		}
	},
	"groups": [
		{
			"name": "group",
			"origin": [8, 0.5, -14.5],
			"children": [0, 1, 2, 3, 4, 5, 6, 7, 8, 9, 10, 11, 12, 13, 14, 15]
		},
		{
			"name": "group",
			"origin": [2, 0.5, -2],
			"children": [16, 17, 18, 19, 20, 21, 22, 23, 24]
		},
		{
			"name": "group",
			"origin": [2, 0.5, -2],
			"children": [25, 26, 27, 28, 29, 30, 31, 32, 33, 34, 35]
		},
		{
			"name": "group",
			"origin": [8, 0.5, -3],
			"children": [36, 37, 38, 39]
		}
	]
}