{
	"credit": "Made with Blockbench",
	"textures": {
		"0": "items/eyama/zlds",
		"particle": "items/eyama/zlds"
	},
	"elements": [
		{
			"from": [2, 1, -1],
			"to": [3, 3.1, 6],
			"rotation": {"angle": 22.5, "axis": "y", "origin": [10, 11.4, 6]},
			"faces": {
				"north": {"uv": [0, 0, 0.24615, 5.90769], "texture": "#0"},
				"east": {"uv": [0, 0, 0.24615, 5.90769], "texture": "#0"},
				"south": {"uv": [0, 0, 0.24615, 5.90769], "texture": "#0"},
				"west": {"uv": [0, 0, 0.24615, 5.90769], "texture": "#0"},
				"up": {"uv": [0, 0, 0.24615, 5.90769], "texture": "#0"},
				"down": {"uv": [0, 0, 0.24615, 5.90769], "texture": "#0"}
			}
		},
		{
			"from": [5, 1, 1],
			"to": [6, 3.1, 8.9],
			"rotation": {"angle": 45, "axis": "y", "origin": [13, 10.4, 8]},
			"faces": {
				"north": {"uv": [0, 0, 0.24615, 5.90769], "texture": "#0"},
				"east": {"uv": [0, 0, 0.24615, 5.90769], "texture": "#0"},
				"south": {"uv": [0, 0, 0.24615, 5.90769], "texture": "#0"},
				"west": {"uv": [0, 0, 0.24615, 5.90769], "texture": "#0"},
				"up": {"uv": [0, 0, 0.24615, 5.90769], "texture": "#0"},
				"down": {"uv": [0, 0, 0.24615, 5.90769], "texture": "#0"}
			}
		},
		{
			"from": [0, 1, -3],
			"to": [1, 3.1, 3],
			"rotation": {"angle": 0, "axis": "y", "origin": [7, 9.9, 6]},
			"faces": {
				"north": {"uv": [0, 0, 0.24615, 5.90769], "texture": "#0"},
				"east": {"uv": [0, 0, 0.24615, 5.90769], "texture": "#0"},
				"south": {"uv": [0, 0, 0.24615, 5.90769], "texture": "#0"},
				"west": {"uv": [0, 0, 0.24615, 5.90769], "texture": "#0"},
				"up": {"uv": [0, 0, 0.24615, 5.90769], "texture": "#0"},
				"down": {"uv": [0, 0, 0.24615, 5.90769], "texture": "#0"}
			}
		},
		{
			"from": [0, 1, -4],
			"to": [8.7, 3.1, -3],
			"rotation": {"angle": 22.5, "axis": "y", "origin": [2.5, 3.5, -3.5]},
			"faces": {
				"north": {"uv": [0, 0, 0.24615, 5.90769], "rotation": 270, "texture": "#0"},
				"east": {"uv": [0, 0, 0.24615, 5.90769], "rotation": 270, "texture": "#0"},
				"south": {"uv": [0, 0, 0.24615, 5.90769], "rotation": 270, "texture": "#0"},
				"west": {"uv": [0, 0, 0.24615, 5.90769], "rotation": 270, "texture": "#0"},
				"up": {"uv": [0, 0, 0.24615, 5.90769], "rotation": 270, "texture": "#0"},
				"down": {"uv": [0, 0, 0.24615, 5.90769], "rotation": 270, "texture": "#0"}
			}
		},
		{
			"from": [10, 1, 1],
			"to": [11, 3.1, 8.9],
			"rotation": {"angle": -45, "axis": "y", "origin": [3, 10.4, 8]},
			"faces": {
				"north": {"uv": [0, 0, 0.24615, 5.90769], "texture": "#0"},
				"east": {"uv": [0, 0, 0.24615, 5.90769], "texture": "#0"},
				"south": {"uv": [0, 0, 0.24615, 5.90769], "texture": "#0"},
				"west": {"uv": [0, 0, 0.24615, 5.90769], "texture": "#0"},
				"up": {"uv": [0, 0, 0.24615, 5.90769], "texture": "#0"},
				"down": {"uv": [0, 0, 0.24615, 5.90769], "texture": "#0"}
			}
		},
		{
			"from": [13, 1, -1],
			"to": [14, 3.1, 6],
			"rotation": {"angle": -22.5, "axis": "y", "origin": [6, 10.4, 6]},
			"faces": {
				"north": {"uv": [0, 0, 0.24615, 5.90769], "texture": "#0"},
				"east": {"uv": [0, 0, 0.24615, 5.90769], "texture": "#0"},
				"south": {"uv": [0, 0, 0.24615, 5.90769], "texture": "#0"},
				"west": {"uv": [0, 0, 0.24615, 5.90769], "texture": "#0"},
				"up": {"uv": [0, 0, 0.24615, 5.90769], "texture": "#0"},
				"down": {"uv": [0, 0, 0.24615, 5.90769], "texture": "#0"}
			}
		},
		{
			"from": [7.3, 1, -4],
			"to": [16, 3.1, -3],
			"rotation": {"angle": -22.5, "axis": "y", "origin": [13.5, 3.5, -3.5]},
			"faces": {
				"north": {"uv": [0, 0, 0.24615, 5.90769], "rotation": 270, "texture": "#0"},
				"east": {"uv": [0, 0, 0.24615, 5.90769], "rotation": 270, "texture": "#0"},
				"south": {"uv": [0, 0, 0.24615, 5.90769], "rotation": 270, "texture": "#0"},
				"west": {"uv": [0, 0, 0.24615, 5.90769], "rotation": 270, "texture": "#0"},
				"up": {"uv": [0, 0, 0.24615, 5.90769], "rotation": 270, "texture": "#0"},
				"down": {"uv": [0, 0, 0.24615, 5.90769], "rotation": 270, "texture": "#0"}
			}
		},
		{
			"from": [15, 1, -3],
			"to": [16, 3.1, 3],
			"rotation": {"angle": 0, "axis": "y", "origin": [9, 9.9, 6]},
			"faces": {
				"north": {"uv": [0, 0, 0.24615, 5.90769], "texture": "#0"},
				"east": {"uv": [0, 0, 0.24615, 5.90769], "texture": "#0"},
				"south": {"uv": [0, 0, 0.24615, 5.90769], "texture": "#0"},
				"west": {"uv": [0, 0, 0.24615, 5.90769], "texture": "#0"},
				"up": {"uv": [0, 0, 0.24615, 5.90769], "texture": "#0"},
				"down": {"uv": [0, 0, 0.24615, 5.90769], "texture": "#0"}
			}
		},
		{
			"from": [13.5866, 1, -1.233],
			"to": [15.5866, 2, -0.233],
			"rotation": {"angle": 0, "axis": "y", "origin": [14.5866, 1.9, -0.633]},
			"faces": {
				"north": {"uv": [0, 0, 0.24615, 15.75385], "texture": "#0"},
				"east": {"uv": [0, 0, 0.24615, 15.75385], "texture": "#0"},
				"south": {"uv": [0, 0, 0.24615, 15.75385], "texture": "#0"},
				"west": {"uv": [0, 0, 0.24615, 15.75385], "texture": "#0"},
				"up": {"uv": [0, 0, 0.24615, 15.75385], "texture": "#0"},
				"down": {"uv": [0, 0, 0.24615, 15.75385], "texture": "#0"}
			}
		},
		{
			"from": [13.8866, 1, -2.833],
			"to": [14.8866, 2, -0.733],
			"rotation": {"angle": -45, "axis": "y", "origin": [14.3866, 1.9, -2.233]},
			"faces": {
				"north": {"uv": [0, 0, 0.24615, 15.75385], "rotation": 90, "texture": "#0"},
				"east": {"uv": [0, 0, 0.24615, 15.75385], "rotation": 90, "texture": "#0"},
				"south": {"uv": [0, 0, 0.24615, 15.75385], "rotation": 90, "texture": "#0"},
				"west": {"uv": [0, 0, 0.24615, 15.75385], "rotation": 90, "texture": "#0"},
				"up": {"uv": [0, 0, 0.24615, 15.75385], "rotation": 90, "texture": "#0"},
				"down": {"uv": [0, 0, 0.24615, 15.75385], "rotation": 90, "texture": "#0"}
			}
		},
		{
			"from": [13.1866, 1, -2.033],
			"to": [15.4866, 2, -0.633],
			"rotation": {"angle": 22.5, "axis": "y", "origin": [14.3866, 1.9, -1.233]},
			"faces": {
				"north": {"uv": [0, 0, 0.24615, 15.75385], "texture": "#0"},
				"east": {"uv": [0, 0, 0.24615, 15.75385], "texture": "#0"},
				"south": {"uv": [0, 0, 0.24615, 15.75385], "texture": "#0"},
				"west": {"uv": [0, 0, 0.24615, 15.75385], "texture": "#0"},
				"up": {"uv": [0, 0, 0.24615, 15.75385], "texture": "#0"},
				"down": {"uv": [0, 0, 0.24615, 15.75385], "texture": "#0"}
			}
		},
		{
			"from": [0.4134, 1, -1.233],
			"to": [2.4134, 2, -0.233],
			"rotation": {"angle": 0, "axis": "y", "origin": [1.4134, 1.9, -0.633]},
			"faces": {
				"north": {"uv": [0, 0, 0.24615, 15.75385], "texture": "#0"},
				"east": {"uv": [0, 0, 0.24615, 15.75385], "texture": "#0"},
				"south": {"uv": [0, 0, 0.24615, 15.75385], "texture": "#0"},
				"west": {"uv": [0, 0, 0.24615, 15.75385], "texture": "#0"},
				"up": {"uv": [0, 0, 0.24615, 15.75385], "texture": "#0"},
				"down": {"uv": [0, 0, 0.24615, 15.75385], "texture": "#0"}
			}
		},
		{
			"from": [1.1134, 1, -2.833],
			"to": [2.1134, 2, -0.733],
			"rotation": {"angle": 45, "axis": "y", "origin": [1.6134, 1.9, -2.233]},
			"faces": {
				"north": {"uv": [0, 0, 0.24615, 15.75385], "rotation": 90, "texture": "#0"},
				"east": {"uv": [0, 0, 0.24615, 15.75385], "rotation": 90, "texture": "#0"},
				"south": {"uv": [0, 0, 0.24615, 15.75385], "rotation": 90, "texture": "#0"},
				"west": {"uv": [0, 0, 0.24615, 15.75385], "rotation": 90, "texture": "#0"},
				"up": {"uv": [0, 0, 0.24615, 15.75385], "rotation": 90, "texture": "#0"},
				"down": {"uv": [0, 0, 0.24615, 15.75385], "rotation": 90, "texture": "#0"}
			}
		},
		{
			"from": [0.5134, 1, -2.033],
			"to": [2.8134, 2, -0.633],
			"rotation": {"angle": -22.5, "axis": "y", "origin": [1.6134, 1.9, -1.233]},
			"faces": {
				"north": {"uv": [0, 0, 0.24615, 15.75385], "texture": "#0"},
				"east": {"uv": [0, 0, 0.24615, 15.75385], "texture": "#0"},
				"south": {"uv": [0, 0, 0.24615, 15.75385], "texture": "#0"},
				"west": {"uv": [0, 0, 0.24615, 15.75385], "texture": "#0"},
				"up": {"uv": [0, 0, 0.24615, 15.75385], "texture": "#0"},
				"down": {"uv": [0, 0, 0.24615, 15.75385], "texture": "#0"}
			}
		},
		{
			"from": [3, 1, 7],
			"to": [5, 2, 8.1],
			"rotation": {"angle": 22.5, "axis": "y", "origin": [4, 1.9, 8.05]},
			"faces": {
				"north": {"uv": [0, 0, 0.24615, 15.75385], "texture": "#0"},
				"east": {"uv": [0, 0, 0.24615, 15.75385], "texture": "#0"},
				"south": {"uv": [0, 0, 0.24615, 15.75385], "texture": "#0"},
				"west": {"uv": [0, 0, 0.24615, 15.75385], "texture": "#0"},
				"up": {"uv": [0, 0, 0.24615, 15.75385], "texture": "#0"},
				"down": {"uv": [0, 0, 0.24615, 15.75385], "texture": "#0"}
			}
		},
		{
			"from": [3, 1, 7.6],
			"to": [5.3, 2, 8.6],
			"rotation": {"angle": 45, "axis": "y", "origin": [4, 1.9, 8.05]},
			"faces": {
				"north": {"uv": [0, 0, 0.24615, 15.75385], "texture": "#0"},
				"east": {"uv": [0, 0, 0.24615, 15.75385], "texture": "#0"},
				"south": {"uv": [0, 0, 0.24615, 15.75385], "texture": "#0"},
				"west": {"uv": [0, 0, 0.24615, 15.75385], "texture": "#0"},
				"up": {"uv": [0, 0, 0.24615, 15.75385], "texture": "#0"},
				"down": {"uv": [0, 0, 0.24615, 15.75385], "texture": "#0"}
			}
		},
		{
			"from": [3.95, 1, 7.05],
			"to": [5.05, 2, 9.05],
			"rotation": {"angle": -22.5, "axis": "y", "origin": [4, 1.9, 8.05]},
			"faces": {
				"north": {"uv": [0, 0, 0.24615, 15.75385], "rotation": 90, "texture": "#0"},
				"east": {"uv": [0, 0, 0.24615, 15.75385], "rotation": 90, "texture": "#0"},
				"south": {"uv": [0, 0, 0.24615, 15.75385], "rotation": 90, "texture": "#0"},
				"west": {"uv": [0, 0, 0.24615, 15.75385], "rotation": 90, "texture": "#0"},
				"up": {"uv": [0, 0, 0.24615, 15.75385], "rotation": 90, "texture": "#0"},
				"down": {"uv": [0, 0, 0.24615, 15.75385], "rotation": 90, "texture": "#0"}
			}
		},
		{
			"from": [11, 1, 7],
			"to": [13, 2, 8.1],
			"rotation": {"angle": -22.5, "axis": "y", "origin": [12, 1.9, 8.05]},
			"faces": {
				"north": {"uv": [0, 0, 0.24615, 15.75385], "texture": "#0"},
				"east": {"uv": [0, 0, 0.24615, 15.75385], "texture": "#0"},
				"south": {"uv": [0, 0, 0.24615, 15.75385], "texture": "#0"},
				"west": {"uv": [0, 0, 0.24615, 15.75385], "texture": "#0"},
				"up": {"uv": [0, 0, 0.24615, 15.75385], "texture": "#0"},
				"down": {"uv": [0, 0, 0.24615, 15.75385], "texture": "#0"}
			}
		},
		{
			"from": [10.7, 1, 7.6],
			"to": [13, 2, 8.6],
			"rotation": {"angle": -45, "axis": "y", "origin": [12, 1.9, 8.05]},
			"faces": {
				"north": {"uv": [0, 0, 0.24615, 15.75385], "texture": "#0"},
				"east": {"uv": [0, 0, 0.24615, 15.75385], "texture": "#0"},
				"south": {"uv": [0, 0, 0.24615, 15.75385], "texture": "#0"},
				"west": {"uv": [0, 0, 0.24615, 15.75385], "texture": "#0"},
				"up": {"uv": [0, 0, 0.24615, 15.75385], "texture": "#0"},
				"down": {"uv": [0, 0, 0.24615, 15.75385], "texture": "#0"}
			}
		},
		{
			"from": [10.95, 1, 7.05],
			"to": [12.05, 2, 9.05],
			"rotation": {"angle": 22.5, "axis": "y", "origin": [12, 1.9, 8.05]},
			"faces": {
				"north": {"uv": [0, 0, 0.24615, 15.75385], "rotation": 90, "texture": "#0"},
				"east": {"uv": [0, 0, 0.24615, 15.75385], "rotation": 90, "texture": "#0"},
				"south": {"uv": [0, 0, 0.24615, 15.75385], "rotation": 90, "texture": "#0"},
				"west": {"uv": [0, 0, 0.24615, 15.75385], "rotation": 90, "texture": "#0"},
				"up": {"uv": [0, 0, 0.24615, 15.75385], "rotation": 90, "texture": "#0"},
				"down": {"uv": [0, 0, 0.24615, 15.75385], "rotation": 90, "texture": "#0"}
			}
		},
		{
			"from": [7.5, 1, 11],
			"to": [8.5, 2, 13.1],
			"rotation": {"angle": 0, "axis": "y", "origin": [15, 11, 19]},
			"faces": {
				"north": {"uv": [0, 14.03077, 0.24615, 16], "texture": "#0"},
				"east": {"uv": [0, 14.03077, 0.24615, 16], "texture": "#0"},
				"south": {"uv": [0, 14.03077, 0.24615, 16], "texture": "#0"},
				"west": {"uv": [0, 14.03077, 0.24615, 16], "texture": "#0"},
				"up": {"uv": [0, 14.03077, 0.24615, 16], "texture": "#0"},
				"down": {"uv": [0, 14.03077, 0.24615, 16], "texture": "#0"}
			}
		},
		{
			"from": [8, 1, 11],
			"to": [9, 2, 13.1],
			"rotation": {"angle": 22.5, "axis": "y", "origin": [8.5, 1.9, 12.05]},
			"faces": {
				"north": {"uv": [0, 14.03077, 0.24615, 16], "texture": "#0"},
				"east": {"uv": [0, 14.03077, 0.24615, 16], "texture": "#0"},
				"south": {"uv": [0, 14.03077, 0.24615, 16], "texture": "#0"},
				"west": {"uv": [0, 14.03077, 0.24615, 16], "texture": "#0"},
				"up": {"uv": [0, 14.03077, 0.24615, 16], "texture": "#0"},
				"down": {"uv": [0, 14.03077, 0.24615, 16], "texture": "#0"}
			}
		},
		{
			"from": [7, 1, 11],
			"to": [8, 2, 13.1],
			"rotation": {"angle": -22.5, "axis": "y", "origin": [7.5, 1.9, 12.05]},
			"faces": {
				"north": {"uv": [0, 14.03077, 0.24615, 16], "texture": "#0"},
				"east": {"uv": [0, 14.03077, 0.24615, 16], "texture": "#0"},
				"south": {"uv": [0, 14.03077, 0.24615, 16], "texture": "#0"},
				"west": {"uv": [0, 14.03077, 0.24615, 16], "texture": "#0"},
				"up": {"uv": [0, 14.03077, 0.24615, 16], "texture": "#0"},
				"down": {"uv": [0, 14.03077, 0.24615, 16], "texture": "#0"}
			}
		},
		{
			"from": [6.8, 1, -5.3],
			"to": [9.3, 2, -4],
			"rotation": {"angle": 0, "axis": "y", "origin": [15, 11, 3]},
			"faces": {
				"north": {"uv": [0, 0, 0.24615, 1.23077], "texture": "#0"},
				"east": {"uv": [0, 0, 0.24615, 1.23077], "texture": "#0"},
				"south": {"uv": [0, 0, 0.24615, 1.23077], "texture": "#0"},
				"west": {"uv": [0, 0, 0.24615, 1.23077], "texture": "#0"},
				"up": {"uv": [0, 0, 0.24615, 1.23077], "texture": "#0"},
				"down": {"uv": [0, 0, 0.24615, 1.23077], "texture": "#0"}
			}
		},
		{
			"from": [6.4, 1, -4.7],
			"to": [7.4, 2, -2],
			"rotation": {"angle": 22.5, "axis": "y", "origin": [6.9, 1.9, -3]},
			"faces": {
				"north": {"uv": [0, 0, 0.24615, 1.23077], "texture": "#0"},
				"east": {"uv": [0, 0, 0.24615, 1.23077], "texture": "#0"},
				"south": {"uv": [0, 0, 0.24615, 1.23077], "texture": "#0"},
				"west": {"uv": [0, 0, 0.24615, 1.23077], "texture": "#0"},
				"up": {"uv": [0, 0, 0.24615, 1.23077], "texture": "#0"},
				"down": {"uv": [0, 0, 0.24615, 1.23077], "texture": "#0"}
			}
		},
		{
			"from": [7, 1, -4],
			"to": [9, 2, -1.9],
			"rotation": {"angle": 0, "axis": "y", "origin": [15, 11, 4]},
			"faces": {
				"north": {"uv": [0, 0, 0.24615, 1.23077], "texture": "#0"},
				"east": {"uv": [0, 0, 0.24615, 1.23077], "texture": "#0"},
				"south": {"uv": [0, 0, 0.24615, 1.23077], "texture": "#0"},
				"west": {"uv": [0, 0, 0.24615, 1.23077], "texture": "#0"},
				"up": {"uv": [0, 0, 0.24615, 1.23077], "texture": "#0"},
				"down": {"uv": [0, 0, 0.24615, 1.23077], "texture": "#0"}
			}
		},
		{
			"from": [8.6, 1, -4.7],
			"to": [9.6, 2, -2],
			"rotation": {"angle": -22.5, "axis": "y", "origin": [9.1, 1.9, -3]},
			"faces": {
				"north": {"uv": [0, 0, 0.24615, 1.23077], "texture": "#0"},
				"east": {"uv": [0, 0, 0.24615, 1.23077], "texture": "#0"},
				"south": {"uv": [0, 0, 0.24615, 1.23077], "texture": "#0"},
				"west": {"uv": [0, 0, 0.24615, 1.23077], "texture": "#0"},
				"up": {"uv": [0, 0, 0.24615, 1.23077], "texture": "#0"},
				"down": {"uv": [0, 0, 0.24615, 1.23077], "texture": "#0"}
			}
		},
		{
			"from": [0, 1.4, -3],
			"to": [16, 3, 2],
			"rotation": {"angle": 0, "axis": "y", "origin": [7, 10.9, 6]},
			"faces": {
				"north": {"uv": [0.73846, 0.98462, 5.16923, 1.47692], "texture": "#0"},
				"east": {"uv": [0.73846, 0.24615, 5.16923, 0.73846], "texture": "#0"},
				"south": {"uv": [0.73846, 0.98462, 5.16923, 1.47692], "texture": "#0"},
				"west": {"uv": [0.98462, 0.24615, 5.41538, 0.73846], "texture": "#0"},
				"up": {"uv": [0.73846, 0.98462, 5.16923, 1.47692], "texture": "#0"},
				"down": {"uv": [3.44615, 3.93846, 12.55385, 6.4], "rotation": 180, "texture": "#0"}
			}
		},
		{
			"from": [1, 1.4, 2],
			"to": [15.05, 3, 4.6],
			"rotation": {"angle": 0, "axis": "y", "origin": [7, 10.9, 12]},
			"faces": {
				"north": {"uv": [0, 0, 13.6, 1.6], "texture": "#missing"},
				"east": {"uv": [0, 0, 2.7, 1.6], "texture": "#missing"},
				"south": {"uv": [0, 0, 13.6, 1.6], "texture": "#missing"},
				"west": {"uv": [0, 0, 2.7, 1.6], "texture": "#missing"},
				"up": {"uv": [0.73846, 0.98462, 5.16923, 1.47692], "texture": "#0"},
				"down": {"uv": [3.2, 7.38462, 12.8, 9.35385], "rotation": 180, "texture": "#0"}
			}
		},
		{
			"from": [1.8, 1.4, 4.6],
			"to": [14.2, 3, 6.6],
			"rotation": {"angle": 0, "axis": "y", "origin": [7, 10.9, 14.7]},
			"faces": {
				"north": {"uv": [0, 0, 11.4, 1.6], "texture": "#missing"},
				"east": {"uv": [0, 0, 2.7, 1.6], "texture": "#missing"},
				"south": {"uv": [0, 0, 11.4, 1.6], "texture": "#missing"},
				"west": {"uv": [0, 0, 2.7, 1.6], "texture": "#missing"},
				"up": {"uv": [0.73846, 0.98462, 5.16923, 1.47692], "texture": "#0"},
				"down": {"uv": [3.93846, 9.35385, 12.06154, 11.32308], "rotation": 180, "texture": "#0"}
			}
		},
		{
			"from": [3.4, 1.4, 8.4],
			"to": [12.8, 3, 9.5],
			"rotation": {"angle": 0, "axis": "y", "origin": [7, 10.9, 17.4]},
			"faces": {
				"north": {"uv": [0, 0, 9.4, 1.6], "texture": "#missing"},
				"east": {"uv": [0, 0, 1.1, 1.6], "texture": "#missing"},
				"south": {"uv": [0, 0, 9.4, 1.6], "texture": "#missing"},
				"west": {"uv": [0, 0, 1.1, 1.6], "texture": "#missing"},
				"up": {"uv": [0.73846, 0.98462, 5.16923, 1.47692], "texture": "#0"},
				"down": {"uv": [4.67692, 12.55385, 11.07692, 13.53846], "rotation": 180, "texture": "#0"}
			}
		},
		{
			"from": [2.7, 1.4, 6.6],
			"to": [13.3, 3, 8.4],
			"rotation": {"angle": 0, "axis": "y", "origin": [7, 10.9, 15.6]},
			"faces": {
				"north": {"uv": [0, 0, 9.4, 1.6], "texture": "#missing"},
				"east": {"uv": [0, 0, 1.1, 1.6], "texture": "#missing"},
				"south": {"uv": [0, 0, 9.4, 1.6], "texture": "#missing"},
				"west": {"uv": [0, 0, 1.1, 1.6], "texture": "#missing"},
				"up": {"uv": [0.73846, 0.98462, 5.16923, 1.47692], "texture": "#0"},
				"down": {"uv": [4.43077, 11.07692, 11.56923, 12.55385], "rotation": 180, "texture": "#0"}
			}
		},
		{
			"from": [2.6, 1.4, -3.8],
			"to": [13.5, 3, -3],
			"rotation": {"angle": 0, "axis": "y", "origin": [7, 10.9, 4.9]},
			"faces": {
				"north": {"uv": [0.73846, 0.98462, 5.16923, 1.47692], "texture": "#0"},
				"east": {"uv": [0.73846, 0.98462, 5.16923, 1.47692], "texture": "#0"},
				"south": {"uv": [0.73846, 0.98462, 5.16923, 1.47692], "texture": "#0"},
				"west": {"uv": [0.73846, 0.98462, 5.16923, 1.47692], "texture": "#0"},
				"up": {"uv": [0.73846, 0.98462, 5.16923, 1.47692], "texture": "#0"},
				"down": {"uv": [0.98462, 1.96923, 11.81538, 2.70769], "texture": "#0"}
			}
		},
		{
			"from": [3.8, 1.4, -4.6],
			"to": [12.2, 3, -3.8],
			"rotation": {"angle": 0, "axis": "y", "origin": [7, 10.9, 4.1]},
			"faces": {
				"north": {"uv": [0.73846, 0.98462, 5.16923, 1.47692], "texture": "#0"},
				"east": {"uv": [0.73846, 0.98462, 5.16923, 1.47692], "texture": "#0"},
				"south": {"uv": [0.73846, 0.98462, 5.16923, 1.47692], "texture": "#0"},
				"west": {"uv": [0.73846, 0.98462, 5.16923, 1.47692], "texture": "#0"},
				"up": {"uv": [0.73846, 0.98462, 5.16923, 1.47692], "texture": "#0"},
				"down": {"uv": [3.2, 1.96923, 11.56923, 2.70769], "texture": "#0"}
			}
		},
		{
			"from": [5.7, 1.4, -5.3],
			"to": [10.2, 3, -4.5],
			"rotation": {"angle": 0, "axis": "y", "origin": [7, 10.9, 3.4]},
			"faces": {
				"north": {"uv": [0, 0, 4.5, 1.6], "texture": "#missing"},
				"east": {"uv": [0, 0, 0.8, 1.6], "texture": "#missing"},
				"south": {"uv": [0, 0, 4.5, 1.6], "texture": "#missing"},
				"west": {"uv": [0, 0, 0.8, 1.6], "texture": "#missing"},
				"up": {"uv": [0.73846, 0.98462, 5.16923, 1.47692], "texture": "#0"},
				"down": {"uv": [0, 0, 4.5, 0.8], "texture": "#missing"}
			}
		},
		{
			"from": [4.4, 1.4, 9.5],
			"to": [11.5, 3, 10.6],
			"rotation": {"angle": 0, "axis": "y", "origin": [7, 10.9, 18.5]},
			"faces": {
				"north": {"uv": [0, 0, 6.4, 1.6], "texture": "#missing"},
				"east": {"uv": [0, 0, 1.1, 1.6], "texture": "#missing"},
				"south": {"uv": [0, 0, 6.4, 1.6], "texture": "#missing"},
				"west": {"uv": [0, 0, 1.1, 1.6], "texture": "#missing"},
				"up": {"uv": [0.73846, 0.98462, 5.16923, 1.47692], "texture": "#0"},
				"down": {"uv": [5.16923, 13.29231, 10.83077, 14.52308], "rotation": 180, "texture": "#0"}
			}
		},
		{
			"from": [5.6, 1.4, 10.6],
			"to": [10.4, 3, 11.7],
			"rotation": {"angle": 0, "axis": "y", "origin": [7, 10.9, 19.7]},
			"faces": {
				"north": {"uv": [0, 0, 4.3, 1.6], "texture": "#missing"},
				"east": {"uv": [0, 0, 1.4, 1.6], "texture": "#missing"},
				"south": {"uv": [0, 0, 4.3, 1.6], "texture": "#missing"},
				"west": {"uv": [0, 0, 1.4, 1.6], "texture": "#missing"},
				"up": {"uv": [0.73846, 0.98462, 5.16923, 1.47692], "texture": "#0"},
				"down": {"uv": [11.32308, 13.29231, 15.50769, 14.76923], "texture": "#0"}
			}
		},
		{
			"from": [6.8, 1.4, 11.7],
			"to": [9.2, 3, 13.1],
			"rotation": {"angle": 0, "axis": "y", "origin": [7, 10.9, 20.8]},
			"faces": {
				"north": {"uv": [0.73846, 0.98462, 5.16923, 1.47692], "texture": "#0"},
				"east": {"uv": [0.73846, 0.98462, 5.16923, 1.47692], "texture": "#0"},
				"south": {"uv": [0.98462, 0, 5.41538, 0.49231], "texture": "#0"},
				"west": {"uv": [0.73846, 0.98462, 5.16923, 1.47692], "texture": "#0"},
				"up": {"uv": [0.73846, 0.98462, 5.16923, 1.47692], "texture": "#0"},
				"down": {"uv": [1.96923, 1.47692, 4.43077, 2.95385], "texture": "#0"}
			}
		},
		{
			"from": [7, 3.1, 0],
			"to": [9, 8.5, 1],
			"rotation": {"angle": 0, "axis": "y", "origin": [15, 11.1, 8]},
			"faces": {
				"north": {"uv": [0.73846, 0.98462, 2.70769, 1.47692], "texture": "#0"},
				"east": {"uv": [0.73846, 0.98462, 2.70769, 1.47692], "texture": "#0"},
				"south": {"uv": [0.73846, 0.98462, 2.70769, 1.47692], "texture": "#0"},
				"west": {"uv": [0.73846, 0.98462, 2.70769, 1.47692], "texture": "#0"},
				"up": {"uv": [0.73846, 0.98462, 2.70769, 1.47692], "texture": "#0"},
				"down": {"uv": [0.73846, 0.98462, 2.70769, 1.47692], "texture": "#0"}
			}
		},
		{
			"from": [7, 3.1, 7],
			"to": [9, 9.5, 8],
			"rotation": {"angle": 0, "axis": "y", "origin": [15, 11.1, 15]},
			"faces": {
				"north": {"uv": [0.73846, 0.98462, 2.70769, 1.47692], "texture": "#0"},
				"east": {"uv": [0.73846, 0.98462, 2.70769, 1.47692], "texture": "#0"},
				"south": {"uv": [0.73846, 0.98462, 2.70769, 1.47692], "texture": "#0"},
				"west": {"uv": [0.73846, 0.98462, 2.70769, 1.47692], "texture": "#0"},
				"up": {"uv": [0.73846, 0.98462, 2.70769, 1.47692], "texture": "#0"},
				"down": {"uv": [0.73846, 0.98462, 2.70769, 1.47692], "texture": "#0"}
			}
		},
		{
			"from": [7, 8.5, 0],
			"to": [9, 9.5, 7],
			"rotation": {"angle": 0, "axis": "y", "origin": [15, 11.5, 14]},
			"faces": {
				"north": {"uv": [0.73846, 0.98462, 2.70769, 1.47692], "texture": "#0"},
				"east": {"uv": [0.73846, 0.98462, 2.70769, 1.47692], "texture": "#0"},
				"south": {"uv": [0.73846, 0.98462, 2.70769, 1.47692], "texture": "#0"},
				"west": {"uv": [0.73846, 0.98462, 2.70769, 1.47692], "texture": "#0"},
				"up": {"uv": [0.73846, 0.98462, 2.70769, 1.47692], "texture": "#0"},
				"down": {"uv": [0.73846, 0.98462, 2.70769, 1.47692], "texture": "#0"}
			}
		}
	],
	"display": {
		"thirdperson_righthand": {
			"rotation": [90, 0, 90],
			"translation": [-1.5, -4.75, 1.25],
			"scale": [0.7, 0.7, 0.7]
		},
		"thirdperson_lefthand": {
			"rotation": [90, 0, 90],
			"translation": [-1.5, -4.75, 1.25],
			"scale": [0.7, 0.7, 0.7]
		},
		"firstperson_righthand": {
			"rotation": [90, 0, 0],
			"translation": [-1.75, -5.75, 5],
			"scale": [0.7, 0.45, 0.7]
		},
		"firstperson_lefthand": {
			"rotation": [90, 0, 0],
			"translation": [-1.75, -5.75, 5],
			"scale": [0.7, 0.45, 0.7]
		},
		"ground": {
			"rotation": [-180, 0, 0],
			"translation": [0, -5.75, -2],
			"scale": [0.8, 0.8, 0.8]
		},
		"gui": {
			"rotation": [-90, -135, 0],
			"translation": [-3.5, -4, 3.75],
			"scale": [0.8, 1, 0.8]
		},
		"head": {
			"rotation": [-90, -135, 0],
			"translation": [-3.25, -20.25, -1.5]
		},
		"fixed": {
			"rotation": [90, 45, 0],
			"translation": [4, -3.75, 3.75]
		}
	},
	"groups": [
		{
			"name": "group",
			"origin": [13, 8, 8],
			"children": [0, 1, 2, 3]
		},
		{
			"name": "group",
			"origin": [8, 8, 8],
			"children": [4, 5, 6, 7]
		},
		{
			"name": "group",
			"origin": [15, 8, 3],
			"children": [
				{
					"name": "group",
					"origin": [23, 8, 3],
					"children": [8, 9, 10]
				},
				{
					"name": "group",
					"origin": [23, 8, 3],
					"children": [11, 12, 13]
				},
				{
					"name": "group",
					"origin": [4, -1.1, 8.05],
					"children": [14, 15, 16]
				},
				{
					"name": "group",
					"origin": [4, -1.1, 8.05],
					"children": [17, 18, 19]
				},
				{
					"name": "group",
					"origin": [7.5, -1.1, 12.05],
					"children": [20, 21, 22]
				},
				{
					"name": "group",
					"origin": [9.1, -1.1, -3],
					"children": [23, 24, 25, 26]
				}
			]
		},
		{
			"name": "group",
			"origin": [2.5, 3.5, -3.5],
			"children": [27, 28, 29, 30, 31, 32, 33, 34, 35, 36, 37]
		},
		{
			"name": "group",
			"origin": [15, 11.1, 6],
			"children": [38, 39, 40]
		}
	]
}