{
	"credit": "Made with Blockbench",
	"parent": "bat",
	"textures": {
		"1": "items/eyama/batl"
	},
	"elements": [
		{
			"from": [9.01394, -12.99998, 7.01047],
			"to": [10.01394, -1.99998, 9.01047],
			"rotation": {"angle": 45, "axis": "y", "origin": [8, 8, 8]},
			"faces": {
				"north": {"uv": [0, 8, 16, 15.991], "texture": "#1"},
				"east": {"uv": [0, 8, 16, 15.991], "texture": "#1"},
				"south": {"uv": [0, 8, 16, 15.991], "texture": "#1"},
				"west": {"uv": [0, 8, 16, 15.991], "texture": "#1"},
				"up": {"uv": [0, 8, 16, 15.991], "texture": "#1"},
				"down": {"uv": [0, 8, 16, 15.991], "texture": "#1"}
			}
		},
		{
			"from": [9.01394, -12.99998, 7.01047],
			"to": [10.01394, -1.99998, 9.01047],
			"rotation": {"angle": -45, "axis": "y", "origin": [8, 8, 8]},
			"faces": {
				"north": {"uv": [0, 8, 16, 15.991], "texture": "#1"},
				"east": {"uv": [0, 8, 16, 15.991], "texture": "#1"},
				"south": {"uv": [0, 8, 16, 15.991], "texture": "#1"},
				"west": {"uv": [0, 8, 16, 15.991], "texture": "#1"},
				"up": {"uv": [0, 8, 16, 15.991], "texture": "#1"},
				"down": {"uv": [0, 8, 16, 15.991], "texture": "#1"}
			}
		},
		{
			"from": [9.01394, -12.99998, 7.01047],
			"to": [10.01394, -1.99998, 9.01047],
			"faces": {
				"north": {"uv": [0, 8, 16, 15.991], "texture": "#1"},
				"east": {"uv": [0, 8, 16, 15.991], "texture": "#1"},
				"south": {"uv": [0, 8, 16, 15.991], "texture": "#1"},
				"west": {"uv": [0, 8, 16, 15.991], "texture": "#1"},
				"up": {"uv": [0, 8, 16, 15.991], "texture": "#1"},
				"down": {"uv": [0, 8, 16, 15.991], "texture": "#1"}
			}
		},
		{
			"from": [6.98952, -13.00347, 9.01394],
			"to": [8.98952, -2.00347, 10.01394],
			"rotation": {"angle": -45, "axis": "y", "origin": [8, 8, 8]},
			"faces": {
				"north": {"uv": [0, 8, 16, 15.991], "texture": "#1"},
				"east": {"uv": [0, 8, 16, 15.991], "texture": "#1"},
				"south": {"uv": [0, 8, 16, 15.991], "texture": "#1"},
				"west": {"uv": [0, 8, 16, 15.991], "texture": "#1"},
				"up": {"uv": [0, 8, 16, 15.991], "texture": "#1"},
				"down": {"uv": [0, 8, 16, 15.991], "texture": "#1"}
			}
		},
		{
			"from": [5.98606, -13.00347, 6.98953],
			"to": [6.98606, -2.00347, 8.98953],
			"faces": {
				"north": {"uv": [0, 8, 16, 15.991], "texture": "#1"},
				"east": {"uv": [0, 8, 16, 15.991], "texture": "#1"},
				"south": {"uv": [0, 8, 16, 15.991], "texture": "#1"},
				"west": {"uv": [0, 8, 16, 15.991], "texture": "#1"},
				"up": {"uv": [0, 8, 16, 15.991], "texture": "#1"},
				"down": {"uv": [0, 8, 16, 15.991], "texture": "#1"}
			}
		},
		{
			"from": [7.01048, -12.99998, 5.98606],
			"to": [9.01048, -1.99998, 6.98606],
			"faces": {
				"north": {"uv": [0, 8, 16, 15.991], "texture": "#1"},
				"east": {"uv": [0, 8, 16, 15.991], "texture": "#1"},
				"south": {"uv": [0, 8, 16, 15.991], "texture": "#1"},
				"west": {"uv": [0, 8, 16, 15.991], "texture": "#1"},
				"up": {"uv": [0, 8, 16, 15.991], "texture": "#1"},
				"down": {"uv": [0, 8, 16, 15.991], "texture": "#1"}
			}
		},
		{
			"from": [5.98606, -13.00347, 6.98952],
			"to": [6.98606, -2.00347, 8.98952],
			"rotation": {"angle": -45, "axis": "y", "origin": [8, 8, 8]},
			"faces": {
				"north": {"uv": [0, 8, 16, 15.991], "texture": "#1"},
				"east": {"uv": [0, 8, 16, 15.991], "texture": "#1"},
				"south": {"uv": [0, 8, 16, 15.991], "texture": "#1"},
				"west": {"uv": [0, 8, 16, 15.991], "texture": "#1"},
				"up": {"uv": [0, 8, 16, 15.991], "texture": "#1"},
				"down": {"uv": [0, 8, 16, 15.991], "texture": "#1"}
			}
		},
		{
			"from": [6.98952, -13.00347, 9.01394],
			"to": [8.98952, -2.00347, 10.01394],
			"faces": {
				"north": {"uv": [0, 8, 16, 15.991], "texture": "#1"},
				"east": {"uv": [0, 8, 16, 15.991], "texture": "#1"},
				"south": {"uv": [0, 8, 16, 15.991], "texture": "#1"},
				"west": {"uv": [0, 8, 16, 15.991], "texture": "#1"},
				"up": {"uv": [0, 8, 16, 15.991], "texture": "#1"},
				"down": {"uv": [0, 8, 16, 15.991], "texture": "#1"}
			}
		},
		{
			"from": [4.99128, -1.99824, 6.5],
			"to": [5.99128, 7.00176, 9.5],
			"faces": {
				"north": {"uv": [0, 8, 16, 15.991], "texture": "#1"},
				"east": {"uv": [0, 8, 16, 15.991], "texture": "#1"},
				"south": {"uv": [0, 8, 16, 15.991], "texture": "#1"},
				"west": {"uv": [0, 8, 16, 15.991], "texture": "#1"},
				"up": {"uv": [0, 8, 16, 15.991], "texture": "#1"},
				"down": {"uv": [0, 8, 16, 15.991], "texture": "#1"}
			}
		},
		{
			"from": [4.99128, -1.99824, 7.00696],
			"to": [5.99128, 7.00176, 9.00696],
			"rotation": {"angle": -45, "axis": "y", "origin": [8, 8, 8]},
			"faces": {
				"north": {"uv": [0, 8, 16, 15.991], "texture": "#1"},
				"east": {"uv": [0, 8, 16, 15.991], "texture": "#1"},
				"south": {"uv": [0, 8, 16, 15.991], "texture": "#1"},
				"west": {"uv": [0, 8, 16, 15.991], "texture": "#1"},
				"up": {"uv": [0, 8, 16, 15.991], "texture": "#1"},
				"down": {"uv": [0, 8, 16, 15.991], "texture": "#1"}
			}
		},
		{
			"from": [4.99128, -1.99824, 7.00696],
			"to": [5.99128, 7.00176, 9.00696],
			"rotation": {"angle": 45, "axis": "y", "origin": [8, 8, 8]},
			"faces": {
				"north": {"uv": [0, 8, 16, 15.991], "texture": "#1"},
				"east": {"uv": [0, 8, 16, 15.991], "texture": "#1"},
				"south": {"uv": [0, 8, 16, 15.991], "texture": "#1"},
				"west": {"uv": [0, 8, 16, 15.991], "texture": "#1"},
				"up": {"uv": [0, 8, 16, 15.991], "texture": "#1"},
				"down": {"uv": [0, 8, 16, 15.991], "texture": "#1"}
			}
		},
		{
			"from": [6.5, -1.99824, 10.00872],
			"to": [9.5, 7.00176, 11.00872],
			"faces": {
				"north": {"uv": [0, 8, 16, 15.991], "texture": "#1"},
				"east": {"uv": [0, 8, 16, 15.991], "texture": "#1"},
				"south": {"uv": [0, 8, 16, 15.991], "texture": "#1"},
				"west": {"uv": [0, 8, 16, 15.991], "texture": "#1"},
				"up": {"uv": [0, 8, 16, 15.991], "texture": "#1"},
				"down": {"uv": [0, 8, 16, 15.991], "texture": "#1"}
			}
		},
		{
			"from": [7.00696, -1.99824, 10.00872],
			"to": [9.00696, 7.00176, 11.00872],
			"rotation": {"angle": 45, "axis": "y", "origin": [8, 8, 8]},
			"faces": {
				"north": {"uv": [0, 8, 16, 15.991], "texture": "#1"},
				"east": {"uv": [0, 8, 16, 15.991], "texture": "#1"},
				"south": {"uv": [0, 8, 16, 15.991], "texture": "#1"},
				"west": {"uv": [0, 8, 16, 15.991], "texture": "#1"},
				"up": {"uv": [0, 8, 16, 15.991], "texture": "#1"},
				"down": {"uv": [0, 8, 16, 15.991], "texture": "#1"}
			}
		},
		{
			"from": [10.00872, -1.99824, 6.5],
			"to": [11.00872, 7.00176, 9.5],
			"faces": {
				"north": {"uv": [0, 8, 16, 15.991], "texture": "#1"},
				"east": {"uv": [0, 8, 16, 15.991], "texture": "#1"},
				"south": {"uv": [0, 8, 16, 15.991], "texture": "#1"},
				"west": {"uv": [0, 8, 16, 15.991], "texture": "#1"},
				"up": {"uv": [0, 8, 16, 15.991], "texture": "#1"},
				"down": {"uv": [0, 8, 16, 15.991], "texture": "#1"}
			}
		},
		{
			"from": [10.00872, -1.99824, 6.99304],
			"to": [11.00872, 7.00176, 8.99304],
			"rotation": {"angle": 45, "axis": "y", "origin": [8, 8, 8]},
			"faces": {
				"north": {"uv": [0, 8, 16, 15.991], "texture": "#1"},
				"east": {"uv": [0, 8, 16, 15.991], "texture": "#1"},
				"south": {"uv": [0, 8, 16, 15.991], "texture": "#1"},
				"west": {"uv": [0, 8, 16, 15.991], "texture": "#1"},
				"up": {"uv": [0, 8, 16, 15.991], "texture": "#1"},
				"down": {"uv": [0, 8, 16, 15.991], "texture": "#1"}
			}
		},
		{
			"from": [6.5, -1.99824, 4.99128],
			"to": [9.5, 7.00176, 5.99128],
			"faces": {
				"north": {"uv": [0, 8, 16, 15.991], "texture": "#1"},
				"east": {"uv": [0, 8, 16, 15.991], "texture": "#1"},
				"south": {"uv": [0, 8, 16, 15.991], "texture": "#1"},
				"west": {"uv": [0, 8, 16, 15.991], "texture": "#1"},
				"up": {"uv": [0, 8, 16, 15.991], "texture": "#1"},
				"down": {"uv": [0, 8, 16, 15.991], "texture": "#1"}
			}
		},
		{
			"from": [11.007, 6.99301, 5.99998],
			"to": [12.007, 15, 9.99998],
			"faces": {
				"north": {"uv": [0, 8, 16, 15.991], "texture": "#1"},
				"east": {"uv": [0, 8, 16, 15.991], "texture": "#1"},
				"south": {"uv": [0, 8, 16, 15.991], "texture": "#1"},
				"west": {"uv": [0, 8, 16, 15.991], "texture": "#1"},
				"up": {"uv": [0, 8, 16, 15.991], "texture": "#1"},
				"down": {"uv": [0, 8, 16, 15.991], "texture": "#1"}
			}
		},
		{
			"from": [11.007, 6.99301, 5.99998],
			"to": [12.007, 15, 9.99998],
			"rotation": {"angle": 45, "axis": "y", "origin": [8, 8, 8]},
			"faces": {
				"north": {"uv": [0, 8, 16, 15.991], "texture": "#1"},
				"east": {"uv": [0, 8, 16, 15.991], "texture": "#1"},
				"south": {"uv": [0, 8, 16, 15.991], "texture": "#1"},
				"west": {"uv": [0, 8, 16, 15.991], "texture": "#1"},
				"up": {"uv": [0, 8, 16, 15.991], "texture": "#1"},
				"down": {"uv": [0, 8, 16, 15.991], "texture": "#1"}
			}
		},
		{
			"from": [5.99998, 6.99301, 3.993],
			"to": [9.99998, 15, 4.993],
			"faces": {
				"north": {"uv": [0, 8, 16, 15.991], "texture": "#1"},
				"east": {"uv": [0, 8, 16, 15.991], "texture": "#1"},
				"south": {"uv": [0, 8, 16, 15.991], "texture": "#1"},
				"west": {"uv": [0, 8, 16, 15.991], "texture": "#1"},
				"up": {"uv": [0, 8, 16, 15.991], "texture": "#1"},
				"down": {"uv": [0, 8, 16, 15.991], "texture": "#1"}
			}
		},
		{
			"from": [5.99998, 6.99301, 3.993],
			"to": [9.99998, 15, 4.993],
			"rotation": {"angle": 45, "axis": "y", "origin": [8, 8, 8]},
			"faces": {
				"north": {"uv": [0, 8, 16, 15.991], "texture": "#1"},
				"east": {"uv": [0, 8, 16, 15.991], "texture": "#1"},
				"south": {"uv": [0, 8, 16, 15.991], "texture": "#1"},
				"west": {"uv": [0, 8, 16, 15.991], "texture": "#1"},
				"up": {"uv": [0, 8, 16, 15.991], "texture": "#1"},
				"down": {"uv": [0, 8, 16, 15.991], "texture": "#1"}
			}
		},
		{
			"from": [3.993, 6.99301, 6.00002],
			"to": [4.993, 14.99301, 10.00002],
			"faces": {
				"north": {"uv": [0, 8, 16, 15.991], "texture": "#1"},
				"east": {"uv": [0, 8, 16, 15.991], "texture": "#1"},
				"south": {"uv": [0, 8, 16, 15.991], "texture": "#1"},
				"west": {"uv": [0, 8, 16, 15.991], "texture": "#1"},
				"up": {"uv": [0, 8, 16, 15.991], "texture": "#1"},
				"down": {"uv": [0, 8, 16, 15.991], "texture": "#1"}
			}
		},
		{
			"from": [3.993, 6.99301, 6.00002],
			"to": [4.993, 15, 10.00002],
			"rotation": {"angle": 45, "axis": "y", "origin": [8, 8, 8]},
			"faces": {
				"north": {"uv": [0, 8, 16, 15.991], "texture": "#1"},
				"east": {"uv": [0, 8, 16, 15.991], "texture": "#1"},
				"south": {"uv": [0, 8, 16, 15.991], "texture": "#1"},
				"west": {"uv": [0, 8, 16, 15.991], "texture": "#1"},
				"up": {"uv": [0, 8, 16, 15.991], "texture": "#1"},
				"down": {"uv": [0, 8, 16, 15.991], "texture": "#1"}
			}
		},
		{
			"from": [6.00002, 6.99301, 11.007],
			"to": [10.00002, 15, 12.007],
			"faces": {
				"north": {"uv": [0, 8, 16, 15.991], "texture": "#1"},
				"east": {"uv": [0, 8, 16, 15.991], "texture": "#1"},
				"south": {"uv": [0, 8, 16, 15.991], "texture": "#1"},
				"west": {"uv": [0, 8, 16, 15.991], "texture": "#1"},
				"up": {"uv": [0, 8, 16, 15.991], "texture": "#1"},
				"down": {"uv": [0, 8, 16, 15.991], "texture": "#1"}
			}
		},
		{
			"from": [6.00002, 6.99301, 11.007],
			"to": [10.00002, 15, 12.007],
			"rotation": {"angle": 45, "axis": "y", "origin": [8, 8, 8]},
			"faces": {
				"north": {"uv": [0, 8, 16, 15.991], "texture": "#1"},
				"east": {"uv": [0, 8, 16, 15.991], "texture": "#1"},
				"south": {"uv": [0, 8, 16, 15.991], "texture": "#1"},
				"west": {"uv": [0, 8, 16, 15.991], "texture": "#1"},
				"up": {"uv": [0, 8, 16, 15.991], "texture": "#1"},
				"down": {"uv": [0, 8, 16, 15.991], "texture": "#1"}
			}
		},
		{
			"from": [4.06645, 30.99988, 4.93366],
			"to": [12.06645, 30.99988, 10.93366],
			"faces": {
				"north": {"uv": [0, 8, 16, 15.991], "texture": "#1"},
				"east": {"uv": [0, 8, 16, 15.991], "texture": "#1"},
				"south": {"uv": [0, 8, 16, 15.991], "texture": "#1"},
				"west": {"uv": [0, 8, 16, 15.991], "texture": "#1"},
				"up": {"uv": [0, 8, 16, 15.991], "texture": "#1"},
				"down": {"uv": [0, 8, 16, 15.991], "texture": "#1"}
			}
		},
		{
			"from": [4.07584, 30.99988, 4.95638],
			"to": [12.07584, 30.99988, 10.95638],
			"rotation": {"angle": 45, "axis": "y", "origin": [8, 8, 8]},
			"faces": {
				"north": {"uv": [0, 8, 16, 15.991], "texture": "#1"},
				"east": {"uv": [0, 8, 16, 15.991], "texture": "#1"},
				"south": {"uv": [0, 8, 16, 15.991], "texture": "#1"},
				"west": {"uv": [0, 8, 16, 15.991], "texture": "#1"},
				"up": {"uv": [0, 8, 16, 15.991], "texture": "#1"},
				"down": {"uv": [0, 8, 16, 15.991], "texture": "#1"}
			}
		},
		{
			"from": [4.98847, 30.99988, 3.9563],
			"to": [10.98847, 30.99988, 11.9563],
			"rotation": {"angle": 45, "axis": "y", "origin": [8, 8, 8]},
			"faces": {
				"north": {"uv": [0, 8, 16, 15.991], "texture": "#1"},
				"east": {"uv": [0, 8, 16, 15.991], "texture": "#1"},
				"south": {"uv": [0, 8, 16, 15.991], "texture": "#1"},
				"west": {"uv": [0, 8, 16, 15.991], "texture": "#1"},
				"up": {"uv": [0, 8, 16, 15.991], "texture": "#1"},
				"down": {"uv": [0, 8, 16, 15.991], "texture": "#1"}
			}
		},
		{
			"from": [4.97908, 30.99988, 3.93359],
			"to": [10.97908, 30.99988, 11.93359],
			"faces": {
				"north": {"uv": [0, 8, 16, 15.991], "texture": "#1"},
				"east": {"uv": [0, 8, 16, 15.991], "texture": "#1"},
				"south": {"uv": [0, 8, 16, 15.991], "texture": "#1"},
				"west": {"uv": [0, 8, 16, 15.991], "texture": "#1"},
				"up": {"uv": [0, 8, 16, 15.991], "texture": "#1"},
				"down": {"uv": [0, 8, 16, 15.991], "texture": "#1"}
			}
		},
		{
			"from": [2.99478, 15.00525, 5.99998],
			"to": [3.99478, 32, 9.99998],
			"faces": {
				"north": {"uv": [0, 8, 16, 15.991], "texture": "#1"},
				"east": {"uv": [0, 8, 16, 15.991], "texture": "#1"},
				"south": {"uv": [0, 8, 16, 15.991], "texture": "#1"},
				"west": {"uv": [0, 8, 16, 15.991], "texture": "#1"},
				"up": {"uv": [0, 8, 16, 15.991], "texture": "#1"},
				"down": {"uv": [0, 8, 16, 15.991], "texture": "#1"}
			}
		},
		{
			"from": [2.99478, 15.00525, 5.99998],
			"to": [3.99478, 32, 9.99998],
			"rotation": {"angle": 45, "axis": "y", "origin": [8, 8, 8]},
			"faces": {
				"north": {"uv": [0, 8, 16, 15.991], "texture": "#1"},
				"east": {"uv": [0, 8, 16, 15.991], "texture": "#1"},
				"south": {"uv": [0, 8, 16, 15.991], "texture": "#1"},
				"west": {"uv": [0, 8, 16, 15.991], "texture": "#1"},
				"up": {"uv": [0, 8, 16, 15.991], "texture": "#1"},
				"down": {"uv": [0, 8, 16, 15.991], "texture": "#1"}
			}
		},
		{
			"from": [5.99998, 15.00525, 12.00522],
			"to": [9.99998, 32, 13.00522],
			"faces": {
				"north": {"uv": [0, 8, 16, 15.991], "texture": "#1"},
				"east": {"uv": [0, 8, 16, 15.991], "texture": "#1"},
				"south": {"uv": [0, 8, 16, 15.991], "texture": "#1"},
				"west": {"uv": [0, 8, 16, 15.991], "texture": "#1"},
				"up": {"uv": [0, 8, 16, 15.991], "texture": "#1"},
				"down": {"uv": [0, 8, 16, 15.991], "texture": "#1"}
			}
		},
		{
			"from": [5.99998, 15.00525, 12.00522],
			"to": [9.99998, 32, 13.00522],
			"rotation": {"angle": 45, "axis": "y", "origin": [8, 8, 8]},
			"faces": {
				"north": {"uv": [0, 8, 16, 15.991], "texture": "#1"},
				"east": {"uv": [0, 8, 16, 15.991], "texture": "#1"},
				"south": {"uv": [0, 8, 16, 15.991], "texture": "#1"},
				"west": {"uv": [0, 8, 16, 15.991], "texture": "#1"},
				"up": {"uv": [0, 8, 16, 15.991], "texture": "#1"},
				"down": {"uv": [0, 8, 16, 15.991], "texture": "#1"}
			}
		},
		{
			"from": [12.00522, 15.00525, 6.00002],
			"to": [13.00522, 32, 10.00002],
			"faces": {
				"north": {"uv": [0, 8, 16, 15.991], "texture": "#1"},
				"east": {"uv": [0, 8, 16, 15.991], "texture": "#1"},
				"south": {"uv": [0, 8, 16, 15.991], "texture": "#1"},
				"west": {"uv": [0, 8, 16, 15.991], "texture": "#1"},
				"up": {"uv": [0, 8, 16, 15.991], "texture": "#1"},
				"down": {"uv": [0, 8, 16, 15.991], "texture": "#1"}
			}
		},
		{
			"from": [12.00522, 15.00525, 6.00002],
			"to": [13.00522, 32, 10.00002],
			"rotation": {"angle": 45, "axis": "y", "origin": [8, 8, 8]},
			"faces": {
				"north": {"uv": [0, 8, 16, 15.991], "texture": "#1"},
				"east": {"uv": [0, 8, 16, 15.991], "texture": "#1"},
				"south": {"uv": [0, 8, 16, 15.991], "texture": "#1"},
				"west": {"uv": [0, 8, 16, 15.991], "texture": "#1"},
				"up": {"uv": [0, 8, 16, 15.991], "texture": "#1"},
				"down": {"uv": [0, 8, 16, 15.991], "texture": "#1"}
			}
		},
		{
			"from": [6.00002, 15.00525, 2.99478],
			"to": [10.00002, 32, 3.99478],
			"faces": {
				"north": {"uv": [0, 8, 16, 15.991], "texture": "#1"},
				"east": {"uv": [0, 8, 16, 15.991], "texture": "#1"},
				"south": {"uv": [0, 8, 16, 15.991], "texture": "#1"},
				"west": {"uv": [0, 8, 16, 15.991], "texture": "#1"},
				"up": {"uv": [0, 8, 16, 15.991], "texture": "#1"},
				"down": {"uv": [0, 8, 16, 15.991], "texture": "#1"}
			}
		},
		{
			"from": [6.00002, 15.00525, 2.99478],
			"to": [10.00002, 32, 3.99478],
			"rotation": {"angle": 45, "axis": "y", "origin": [8, 8, 8]},
			"faces": {
				"north": {"uv": [0, 8, 16, 15.991], "texture": "#1"},
				"east": {"uv": [0, 8, 16, 15.991], "texture": "#1"},
				"south": {"uv": [0, 8, 16, 15.991], "texture": "#1"},
				"west": {"uv": [0, 8, 16, 15.991], "texture": "#1"},
				"up": {"uv": [0, 8, 16, 15.991], "texture": "#1"},
				"down": {"uv": [0, 8, 16, 15.991], "texture": "#1"}
			}
		},
		{
			"from": [6.96853, -14, 4.03839],
			"to": [8.96853, -13.00693, 12.03839],
			"faces": {
				"north": {"uv": [0, 8, 16, 15.991], "texture": "#1"},
				"east": {"uv": [0, 8, 16, 15.991], "texture": "#1"},
				"south": {"uv": [0, 8, 16, 15.991], "texture": "#1"},
				"west": {"uv": [0, 8, 16, 15.991], "texture": "#1"},
				"up": {"uv": [0, 8, 16, 15.991], "texture": "#1"},
				"down": {"uv": [0, 8, 16, 15.991], "texture": "#1"}
			}
		},
		{
			"from": [6.96853, -14, 4.03839],
			"to": [8.96853, -13.00693, 12.03839],
			"rotation": {"angle": 22.5, "axis": "y", "origin": [8, 8, 8]},
			"faces": {
				"north": {"uv": [0, 8, 16, 15.991], "texture": "#1"},
				"east": {"uv": [0, 8, 16, 15.991], "texture": "#1"},
				"south": {"uv": [0, 8, 16, 15.991], "texture": "#1"},
				"west": {"uv": [0, 8, 16, 15.991], "texture": "#1"},
				"up": {"uv": [0, 8, 16, 15.991], "texture": "#1"},
				"down": {"uv": [0, 8, 16, 15.991], "texture": "#1"}
			}
		},
		{
			"from": [6.96853, -14, 4.03839],
			"to": [8.96853, -13.00693, 12.03839],
			"rotation": {"angle": 45, "axis": "y", "origin": [8, 8, 8]},
			"faces": {
				"north": {"uv": [0, 8, 16, 15.991], "texture": "#1"},
				"east": {"uv": [0, 8, 16, 15.991], "texture": "#1"},
				"south": {"uv": [0, 8, 16, 15.991], "texture": "#1"},
				"west": {"uv": [0, 8, 16, 15.991], "texture": "#1"},
				"up": {"uv": [0, 8, 16, 15.991], "texture": "#1"},
				"down": {"uv": [0, 8, 16, 15.991], "texture": "#1"}
			}
		},
		{
			"from": [4.03839, -14, 7.03147],
			"to": [12.03839, -13.00693, 9.03147],
			"rotation": {"angle": -22.5, "axis": "y", "origin": [8, 8, 8]},
			"faces": {
				"north": {"uv": [0, 8, 16, 15.991], "rotation": 270, "texture": "#1"},
				"east": {"uv": [0, 8, 16, 15.991], "rotation": 270, "texture": "#1"},
				"south": {"uv": [0, 8, 16, 15.991], "rotation": 270, "texture": "#1"},
				"west": {"uv": [0, 8, 16, 15.991], "rotation": 270, "texture": "#1"},
				"up": {"uv": [0, 8, 16, 15.991], "rotation": 270, "texture": "#1"},
				"down": {"uv": [0, 8, 16, 15.991], "rotation": 270, "texture": "#1"}
			}
		},
		{
			"from": [4.03839, -14, 7.03147],
			"to": [12.03839, -13.00693, 9.03147],
			"faces": {
				"north": {"uv": [0, 8, 16, 15.991], "rotation": 270, "texture": "#1"},
				"east": {"uv": [0, 8, 16, 15.991], "rotation": 270, "texture": "#1"},
				"south": {"uv": [0, 8, 16, 15.991], "rotation": 270, "texture": "#1"},
				"west": {"uv": [0, 8, 16, 15.991], "rotation": 270, "texture": "#1"},
				"up": {"uv": [0, 8, 16, 15.991], "rotation": 270, "texture": "#1"},
				"down": {"uv": [0, 8, 16, 15.991], "rotation": 270, "texture": "#1"}
			}
		},
		{
			"from": [4.03839, -14, 7.03147],
			"to": [12.03839, -13.00693, 9.03147],
			"rotation": {"angle": 22.5, "axis": "y", "origin": [8, 8, 8]},
			"faces": {
				"north": {"uv": [0, 8, 16, 15.991], "rotation": 270, "texture": "#1"},
				"east": {"uv": [0, 8, 16, 15.991], "rotation": 270, "texture": "#1"},
				"south": {"uv": [0, 8, 16, 15.991], "rotation": 270, "texture": "#1"},
				"west": {"uv": [0, 8, 16, 15.991], "rotation": 270, "texture": "#1"},
				"up": {"uv": [0, 8, 16, 15.991], "rotation": 270, "texture": "#1"},
				"down": {"uv": [0, 8, 16, 15.991], "rotation": 270, "texture": "#1"}
			}
		},
		{
			"from": [4.03839, -14, 7.03147],
			"to": [12.03839, -13.00693, 9.03147],
			"rotation": {"angle": 45, "axis": "y", "origin": [8, 8, 8]},
			"faces": {
				"north": {"uv": [0, 8, 16, 15.991], "rotation": 270, "texture": "#1"},
				"east": {"uv": [0, 8, 16, 15.991], "rotation": 270, "texture": "#1"},
				"south": {"uv": [0, 8, 16, 15.991], "rotation": 270, "texture": "#1"},
				"west": {"uv": [0, 8, 16, 15.991], "rotation": 270, "texture": "#1"},
				"up": {"uv": [0, 8, 16, 15.991], "rotation": 270, "texture": "#1"},
				"down": {"uv": [0, 8, 16, 15.991], "rotation": 270, "texture": "#1"}
			}
		},
		{
			"from": [7.03147, -14, 3.96161],
			"to": [9.03147, -13.00693, 11.96161],
			"rotation": {"angle": -22.5, "axis": "y", "origin": [8, 8, 8]},
			"faces": {
				"north": {"uv": [0, 8, 16, 15.991], "rotation": 180, "texture": "#1"},
				"east": {"uv": [0, 8, 16, 15.991], "rotation": 180, "texture": "#1"},
				"south": {"uv": [0, 8, 16, 15.991], "rotation": 180, "texture": "#1"},
				"west": {"uv": [0, 8, 16, 15.991], "rotation": 180, "texture": "#1"},
				"up": {"uv": [0, 8, 16, 15.991], "rotation": 180, "texture": "#1"},
				"down": {"uv": [0, 8, 16, 15.991], "rotation": 180, "texture": "#1"}
			}
		}
	],
	"display": {
		"thirdperson_righthand": {
			"translation": [0, 7, 1],
			"scale": [0.2, 0.55, 0.2]
		},
		"thirdperson_lefthand": {
			"translation": [0, 7, 1],
			"scale": [0.2, 0.55, 0.2]
		},
		"firstperson_righthand": {
			"rotation": [-23.5, 0, 0],
			"translation": [12.75, 3.5, -10.75],
			"scale": [0.2, 0.55, 0.2]
		},
		"firstperson_lefthand": {
			"rotation": [-23.5, 0, 0],
			"translation": [12.75, 3.5, -10.75],
			"scale": [0.2, 0.55, 0.2]
		},
		"ground": {
			"rotation": [90, 0, 0],
			"scale": [0.2, 0.55, 0.2]
		},
		"gui": {
			"rotation": [0, 0, -45],
			"scale": [0.15, 0.45, 0.15]
		},
		"head": {
			"translation": [0, 4, 8.5],
			"scale": [0.2, 0.55, 0.2]
		},
		"fixed": {
			"rotation": [0, 0, 45],
			"translation": [0, 0, -1.5],
			"scale": [0.2, 0.55, 0.2]
		}
	},
	"groups": [
		{
			"name": "group",
			"origin": [8, 8, 8],
			"children": [0, 1, 2, 3, 4, 5, 6, 7]
		},
		{
			"name": "group",
			"origin": [8, 8, 8],
			"children": [8, 9, 10, 11, 12, 13, 14, 15]
		},
		{
			"name": "group",
			"origin": [8, 8, 8],
			"children": [16, 17, 18, 19, 20, 21, 22, 23]
		},
		{
			"name": "group",
			"origin": [8, 8, 8],
			"children": [24, 25, 26, 27]
		},
		{
			"name": "group",
			"origin": [8, 8, 8],
			"children": [28, 29, 30, 31, 32, 33, 34, 35]
		},
		{
			"name": "group",
			"origin": [8, 8, 8],
			"children": [36, 37, 38, 39, 40, 41, 42, 43]
		}
	]
}