{
	"credit": "Made with Blockbench",
	"textures": {
		"0": "blocks/jack_o_lantern",
		"1": "blocks/pumpkin_side",
		"2": "blocks/pumpkin_top",
		"3": "blocks/cracked_stone_bricks",
		"4": "items/poi/cross_leaf",
		"particle": "blocks/cracked_stone_bricks"
	},
	"elements": [
		{
			"from": [7, 9, 11.75],
			"to": [12, 25, 15.25],
			"rotation": {"angle": 0, "axis": "y", "origin": [17, 25, 19.25]},
			"faces": {
				"north": {"uv": [0, 0, 16, 16], "texture": "#4"},
				"east": {"uv": [1, 0, 11, 16], "texture": "#4"},
				"south": {"uv": [15, 0, 16, 2], "texture": "#4"},
				"west": {"uv": [0, 0, 16, 14], "texture": "#4"},
				"up": {"uv": [15, 0, 16, 2], "texture": "#4"},
				"down": {"uv": [15, 0, 16, 2], "texture": "#4"}
			}
		},
		{
			"from": [8, 0, 12],
			"to": [11, 29, 15],
			"rotation": {"angle": 0, "axis": "y", "origin": [9, 20, 13]},
			"faces": {
				"north": {"uv": [1, 0, 4, 16], "texture": "#3"},
				"east": {"uv": [1, 0, 4, 16], "texture": "#3"},
				"south": {"uv": [1, 0, 4, 16], "texture": "#3"},
				"west": {"uv": [1, 0, 4, 16], "texture": "#3"},
				"up": {"uv": [1, 0, 4, 3], "texture": "#3"},
				"down": {"uv": [1, 0, 4, 16], "texture": "#3"}
			}
		},
		{
			"from": [1, 19, 12.25],
			"to": [18, 22, 14.75],
			"rotation": {"angle": 0, "axis": "y", "origin": [9, 20, 13]},
			"faces": {
				"north": {"uv": [0, 4, 16, 7], "texture": "#3"},
				"east": {"uv": [0, 5, 2.5, 8], "texture": "#3"},
				"south": {"uv": [0, 5, 16, 7], "texture": "#3"},
				"west": {"uv": [0, 5, 2.5, 8], "texture": "#3"},
				"up": {"uv": [0, 5, 16, 7], "texture": "#3"},
				"down": {"uv": [0, 5, 16, 7], "texture": "#3"}
			}
		},
		{
			"from": [-2.5, 0, 7.75],
			"to": [7.5, 10, 17.75],
			"rotation": {"angle": -22.5, "axis": "y", "origin": [1, -3, 11.75]},
			"faces": {
				"north": {"uv": [0, 0, 16, 16], "texture": "#0"},
				"east": {"uv": [0, 0, 16, 16], "texture": "#1"},
				"south": {"uv": [0, 0, 16, 16], "texture": "#1"},
				"west": {"uv": [0, 0, 16, 16], "texture": "#1"},
				"up": {"uv": [0, 0, 16, 16], "texture": "#2"},
				"down": {"uv": [0, 0, 16, 16], "texture": "#1"}
			}
		},
		{
			"from": [10.5, 0, 4.75],
			"to": [18.5, 8, 12.75],
			"rotation": {"angle": 22.5, "axis": "y", "origin": [14, -3, 8.75]},
			"faces": {
				"north": {"uv": [0, 0, 16, 16], "texture": "#0"},
				"east": {"uv": [0, 0, 16, 16], "texture": "#1"},
				"south": {"uv": [0, 0, 16, 16], "texture": "#1"},
				"west": {"uv": [0, 0, 16, 16], "texture": "#1"},
				"up": {"uv": [0, 0, 16, 16], "texture": "#2"},
				"down": {"uv": [0, 0, 16, 16], "texture": "#1"}
			}
		},
		{
			"from": [13.5, 8, 4.75],
			"to": [18.5, 13, 9.75],
			"rotation": {"angle": 45, "axis": "y", "origin": [17, 5, 8.75]},
			"faces": {
				"north": {"uv": [0, 0, 16, 16], "texture": "#0"},
				"east": {"uv": [0, 0, 16, 16], "texture": "#1"},
				"south": {"uv": [0, 0, 16, 16], "texture": "#1"},
				"west": {"uv": [0, 0, 16, 16], "texture": "#1"},
				"up": {"uv": [0, 0, 16, 16], "texture": "#2"},
				"down": {"uv": [0, 0, 16, 16], "texture": "#1"}
			}
		}
	],
	"display": {
		"thirdperson_righthand": {
			"rotation": [102, 4, 0],
			"translation": [0, -1.5, 13],
			"scale": [0.16, 0.16, 0.16]
		},
		"thirdperson_lefthand": {
			"rotation": [102, 4, 0],
			"translation": [0, -1.5, 13],
			"scale": [0.16, 0.16, 0.16]
		},
		"firstperson_righthand": {
			"rotation": [0, 133, 0],
			"scale": [0.3, 0.3, 0.3]
		},
		"firstperson_lefthand": {
			"rotation": [0, 133, 0],
			"scale": [0.3, 0.3, 0.3]
		},
		"ground": {
			"scale": [0.6, 0.6, 0.6]
		},
		"gui": {
			"rotation": [0, -180, 0],
			"translation": [0, -3, 0],
			"scale": [0.46, 0.46, 0.46]
		},
		"head": {
			"rotation": [0, -6, -5],
			"translation": [0.75, 9.75, -2.25],
			"scale": [0.53, 0.53, 0.53]
		},
		"fixed": {
			"rotation": [-90, -1, 2],
			"translation": [-2.5, -13.75, -30.5],
			"scale": [4, 4, 4]
		}
	}
}