{
	"credit": "Made with Blockbench",
	"textures": {
		"0": "items/poi/devil_horn_red",
		"particle": "items/poi/devil_horn_red"
	},
	"elements": [
		{
			"from": [3.08385, 0.10436, 5.125],
			"to": [3.83385, 2.10436, 7.125],
			"rotation": {"angle": 0, "axis": "y", "origin": [6.58385, 2.10436, 7.875]},
			"faces": {
				"north": {"uv": [0, 0, 3, 8], "texture": "#0"},
				"east": {"uv": [0, 10, 6, 16], "texture": "#0"},
				"south": {"uv": [9, 0, 12, 8], "texture": "#0"},
				"west": {"uv": [0, 8, 6, 16], "texture": "#0"},
				"up": {"uv": [6, 0, 9, 8], "texture": "#0"},
				"down": {"uv": [3, 0, 6, 8], "texture": "#0"}
			}
		},
		{
			"from": [2.58385, 0.35436, 5.25],
			"to": [3.83385, 2.10436, 7],
			"rotation": {"angle": -22.5, "axis": "z", "origin": [3.08385, 2.10436, 6.25]},
			"faces": {
				"north": {"uv": [0, -0.5, 3, 7.5], "texture": "#0"},
				"east": {"uv": [0, 9, 6, 16], "texture": "#0"},
				"south": {"uv": [9, 0.5, 12, 7.5], "texture": "#0"},
				"west": {"uv": [0, 8.5, 6, 15.5], "texture": "#0"},
				"up": {"uv": [6, 0.5, 9, 7.5], "texture": "#0"},
				"down": {"uv": [3, 0, 6, 8], "texture": "#0"}
			}
		},
		{
			"from": [3.34158, 1.63669, 5.375],
			"to": [4.34158, 3.13669, 6.875],
			"rotation": {"angle": -45, "axis": "z", "origin": [2.09158, 3.88669, 6.375]},
			"faces": {
				"north": {"uv": [0, 0, 3, 7], "texture": "#0"},
				"east": {"uv": [0, 8, 6, 14], "texture": "#0"},
				"south": {"uv": [0, 0, 3, 7], "texture": "#0"},
				"west": {"uv": [0, 1, 3, 7], "texture": "#0"},
				"up": {"uv": [6, 1, 9, 7], "texture": "#0"},
				"down": {"uv": [0, 5, 3, 8], "rotation": 270, "texture": "#0"}
			}
		},
		{
			"from": [0.62111, 1.60829, 5.5],
			"to": [1.87111, 2.35829, 6.75],
			"rotation": {"angle": 22.5, "axis": "z", "origin": [1.87111, 3.85829, 5.375]},
			"faces": {
				"north": {"uv": [0, 0, 3, 6], "rotation": 270, "texture": "#0"},
				"east": {"uv": [0, 8, 3, 13], "rotation": 90, "texture": "#0"},
				"south": {"uv": [0, 0, 3, 6], "rotation": 90, "texture": "#0"},
				"west": {"uv": [0, 0, 3, 5], "texture": "#0"},
				"up": {"uv": [0, 2, 3, 5], "rotation": 90, "texture": "#0"},
				"down": {"uv": [0, 9, 5, 14], "rotation": 90, "texture": "#0"}
			}
		},
		{
			"from": [1.44513, 1.72247, 5.625],
			"to": [2.44513, 2.47247, 6.625],
			"rotation": {"angle": 0, "axis": "z", "origin": [2.69513, 4.72247, 5.5]},
			"faces": {
				"north": {"uv": [0, 1, 3, 5], "rotation": 270, "texture": "#0"},
				"east": {"uv": [0, 0, 3, 4], "rotation": 90, "texture": "#0"},
				"south": {"uv": [0, 1, 3, 5], "rotation": 90, "texture": "#0"},
				"west": {"uv": [0, 1, 3, 4], "rotation": 90, "texture": "#0"},
				"up": {"uv": [0, 0, 3, 4], "rotation": 90, "texture": "#0"},
				"down": {"uv": [0, 9, 4, 13], "rotation": 90, "texture": "#0"}
			}
		},
		{
			"from": [1.72987, 2.92966, 5.875],
			"to": [2.22987, 3.67966, 6.375],
			"rotation": {"angle": 0, "axis": "z", "origin": [2.60487, 6.30466, 5.5625]},
			"faces": {
				"north": {"uv": [0, 0, 3, 1], "rotation": 270, "texture": "#0"},
				"east": {"uv": [6, 3, 9, 5], "rotation": 90, "texture": "#0"},
				"south": {"uv": [0, 9, 3, 11], "rotation": 90, "texture": "#0"},
				"west": {"uv": [0, 0, 3, 1], "rotation": 90, "texture": "#0"},
				"up": {"uv": [6, 3, 8, 5], "rotation": 90, "texture": "#0"},
				"down": {"uv": [0, 0, 2, 2], "rotation": 90, "texture": "#0"}
			}
		},
		{
			"from": [1.57013, 2.47247, 5.75],
			"to": [2.19513, 2.97247, 6.5],
			"rotation": {"angle": 0, "axis": "z", "origin": [2.69513, 5.47247, 5.5]},
			"faces": {
				"north": {"uv": [0, 0, 3, 5.5], "rotation": 270, "texture": "#0"},
				"east": {"uv": [0, 0, 2, 3], "rotation": 90, "texture": "#0"},
				"south": {"uv": [0, 0, 3, 5.5], "rotation": 90, "texture": "#0"},
				"west": {"uv": [2, 10, 4, 13], "rotation": 90, "texture": "#0"},
				"up": {"uv": [0, 0, 3, 5.5], "rotation": 90, "texture": "#0"},
				"down": {"uv": [0, 0, 3, 2.5], "rotation": 90, "texture": "#0"}
			}
		},
		{
			"from": [2.19513, 2.47247, 5.75],
			"to": [2.32013, 2.75997, 6.5],
			"rotation": {"angle": 0, "axis": "z", "origin": [2.69513, 5.47247, 5.5]},
			"faces": {
				"north": {"uv": [0, 0, 1.15, 0.5], "rotation": 270, "texture": "#0"},
				"east": {"uv": [0, 0, 1.15, 3], "rotation": 90, "texture": "#0"},
				"south": {"uv": [0, 0, 1.15, 0.5], "rotation": 90, "texture": "#0"},
				"west": {"uv": [0, 0, 1.15, 3], "rotation": 90, "texture": "#0"},
				"up": {"uv": [0, 0, 3, 0.5], "rotation": 90, "texture": "#0"},
				"down": {"uv": [0, 0, 3, 0.5], "rotation": 90, "texture": "#0"}
			}
		},
		{
			"from": [1.14354, 2.38762, 5.75],
			"to": [1.26854, 2.95012, 6.5],
			"rotation": {"angle": 22.5, "axis": "z", "origin": [1.64354, 5.38762, 5.4375]},
			"faces": {
				"north": {"uv": [0, 0, 2.25, 0.5], "rotation": 270, "texture": "#0"},
				"east": {"uv": [6, 2.5, 9, 5.5], "rotation": 90, "texture": "#0"},
				"south": {"uv": [0, 0, 2.25, 0.5], "rotation": 90, "texture": "#0"},
				"west": {"uv": [0, 0, 2.25, 3], "rotation": 90, "texture": "#0"},
				"up": {"uv": [0, 0, 3, 0.5], "rotation": 90, "texture": "#0"},
				"down": {"uv": [0, 0, 3, 0.5], "rotation": 90, "texture": "#0"}
			}
		},
		{
			"from": [12.16615, 0.10436, 5.125],
			"to": [12.91615, 2.10436, 7.125],
			"rotation": {"angle": 0, "axis": "y", "origin": [9.41615, 2.10436, 7.875]},
			"faces": {
				"north": {"uv": [3, 0, 0, 8], "texture": "#0"},
				"east": {"uv": [6, 8, 0, 16], "texture": "#0"},
				"south": {"uv": [12, 0, 9, 8], "texture": "#0"},
				"west": {"uv": [6, 10, 0, 16], "texture": "#0"},
				"up": {"uv": [9, 0, 6, 8], "texture": "#0"},
				"down": {"uv": [6, 0, 3, 8], "texture": "#0"}
			}
		},
		{
			"from": [12.16615, 0.35436, 5.25],
			"to": [13.41615, 2.10436, 7],
			"rotation": {"angle": 22.5, "axis": "z", "origin": [12.91615, 2.10436, 6.25]},
			"faces": {
				"north": {"uv": [3, -0.5, 0, 7.5], "texture": "#0"},
				"east": {"uv": [6, 8.5, 0, 15.5], "texture": "#0"},
				"south": {"uv": [12, 0.5, 9, 7.5], "texture": "#0"},
				"west": {"uv": [6, 9, 0, 16], "texture": "#0"},
				"up": {"uv": [9, 0.5, 6, 7.5], "texture": "#0"},
				"down": {"uv": [6, 0, 3, 8], "texture": "#0"}
			}
		},
		{
			"from": [11.65842, 1.63669, 5.375],
			"to": [12.65842, 3.13669, 6.875],
			"rotation": {"angle": 45, "axis": "z", "origin": [13.90842, 3.88669, 6.375]},
			"faces": {
				"north": {"uv": [3, 0, 0, 7], "texture": "#0"},
				"east": {"uv": [3, 1, 0, 7], "texture": "#0"},
				"south": {"uv": [3, 0, 0, 7], "texture": "#0"},
				"west": {"uv": [6, 8, 0, 14], "texture": "#0"},
				"up": {"uv": [9, 1, 6, 7], "texture": "#0"},
				"down": {"uv": [0, 8, 3, 5], "rotation": 270, "texture": "#0"}
			}
		},
		{
			"from": [14.12889, 1.60829, 5.5],
			"to": [15.37889, 2.35829, 6.75],
			"rotation": {"angle": -22.5, "axis": "z", "origin": [14.12889, 3.85829, 5.375]},
			"faces": {
				"north": {"uv": [0, 6, 3, 0], "rotation": 270, "texture": "#0"},
				"east": {"uv": [3, 0, 0, 5], "texture": "#0"},
				"south": {"uv": [0, 6, 3, 0], "rotation": 90, "texture": "#0"},
				"west": {"uv": [0, 13, 3, 8], "rotation": 90, "texture": "#0"},
				"up": {"uv": [0, 5, 3, 2], "rotation": 90, "texture": "#0"},
				"down": {"uv": [0, 14, 5, 9], "rotation": 90, "texture": "#0"}
			}
		},
		{
			"from": [13.55487, 1.72247, 5.625],
			"to": [14.55487, 2.47247, 6.625],
			"rotation": {"angle": 0, "axis": "z", "origin": [13.30487, 4.72247, 5.5]},
			"faces": {
				"north": {"uv": [0, 5, 3, 1], "rotation": 270, "texture": "#0"},
				"east": {"uv": [0, 4, 3, 1], "rotation": 90, "texture": "#0"},
				"south": {"uv": [0, 5, 3, 1], "rotation": 90, "texture": "#0"},
				"west": {"uv": [0, 4, 3, 0], "rotation": 90, "texture": "#0"},
				"up": {"uv": [0, 4, 3, 0], "rotation": 90, "texture": "#0"},
				"down": {"uv": [0, 13, 4, 9], "rotation": 90, "texture": "#0"}
			}
		},
		{
			"from": [13.77013, 2.92966, 5.875],
			"to": [14.27013, 3.67966, 6.375],
			"rotation": {"angle": 0, "axis": "z", "origin": [13.39513, 6.30466, 5.5625]},
			"faces": {
				"north": {"uv": [0, 1, 3, 0], "rotation": 270, "texture": "#0"},
				"east": {"uv": [0, 1, 3, 0], "rotation": 90, "texture": "#0"},
				"south": {"uv": [0, 11, 3, 9], "rotation": 90, "texture": "#0"},
				"west": {"uv": [6, 5, 9, 3], "rotation": 90, "texture": "#0"},
				"up": {"uv": [6, 5, 8, 3], "rotation": 90, "texture": "#0"},
				"down": {"uv": [0, 2, 2, 0], "rotation": 90, "texture": "#0"}
			}
		},
		{
			"from": [13.80487, 2.47247, 5.75],
			"to": [14.42987, 2.97247, 6.5],
			"rotation": {"angle": 0, "axis": "z", "origin": [13.30487, 5.47247, 5.5]},
			"faces": {
				"north": {"uv": [0, 5.5, 3, 0], "rotation": 270, "texture": "#0"},
				"east": {"uv": [2, 13, 4, 10], "rotation": 90, "texture": "#0"},
				"south": {"uv": [0, 5.5, 3, 0], "rotation": 90, "texture": "#0"},
				"west": {"uv": [0, 3, 2, 0], "rotation": 90, "texture": "#0"},
				"up": {"uv": [0, 5.5, 3, 0], "rotation": 90, "texture": "#0"},
				"down": {"uv": [0, 2.5, 3, 0], "rotation": 90, "texture": "#0"}
			}
		},
		{
			"from": [13.67987, 2.47247, 5.75],
			"to": [13.80487, 2.75997, 6.5],
			"rotation": {"angle": 0, "axis": "z", "origin": [13.30487, 5.47247, 5.5]},
			"faces": {
				"north": {"uv": [0, 0.5, 1.15, 0], "rotation": 270, "texture": "#0"},
				"east": {"uv": [0, 3, 1.15, 0], "rotation": 90, "texture": "#0"},
				"south": {"uv": [0, 0.5, 1.15, 0], "rotation": 90, "texture": "#0"},
				"west": {"uv": [0, 3, 1.15, 0], "rotation": 90, "texture": "#0"},
				"up": {"uv": [0, 0.5, 3, 0], "rotation": 90, "texture": "#0"},
				"down": {"uv": [0, 0.5, 3, 0], "rotation": 90, "texture": "#0"}
			}
		},
		{
			"from": [14.73146, 2.38762, 5.75],
			"to": [14.85646, 2.95012, 6.5],
			"rotation": {"angle": -22.5, "axis": "z", "origin": [14.35646, 5.38762, 5.4375]},
			"faces": {
				"north": {"uv": [0, 0.5, 2.25, 0], "rotation": 270, "texture": "#0"},
				"east": {"uv": [0, 3, 2.25, 0], "rotation": 90, "texture": "#0"},
				"south": {"uv": [0, 0.5, 2.25, 0], "rotation": 90, "texture": "#0"},
				"west": {"uv": [6, 5.5, 9, 2.5], "rotation": 90, "texture": "#0"},
				"up": {"uv": [0, 0.5, 3, 0], "rotation": 90, "texture": "#0"},
				"down": {"uv": [0, 0.5, 3, 0], "rotation": 90, "texture": "#0"}
			}
		}
	],
	"display": {
		"thirdperson_righthand": {
			"translation": [0, 2.5, 0],
			"scale": [0.35, 0.35, 0.35]
		},
		"thirdperson_lefthand": {
			"translation": [0, 2.5, 0],
			"scale": [0.35, 0.35, 0.35]
		},
		"firstperson_righthand": {
			"translation": [0, 6.5, 0]
		},
		"firstperson_lefthand": {
			"translation": [0, 6.5, 0]
		},
		"ground": {
			"translation": [0, 3.5, 0]
		},
		"gui": {
			"translation": [0, 6.5, 0]
		},
		"head": {
			"rotation": [-22, 0, 0],
			"translation": [0, 14.25, -3.75],
			"scale": [1.5, 1.5, 1.5]
		},
		"fixed": {
			"translation": [0, 6.25, 0]
		}
	},
	"groups": [
		{
			"name": "group",
			"origin": [-4.55487, 21.47247, 5.5],
			"children": [0, 1, 2, 3, 4, 5, 6, 7, 8]
		},
		{
			"name": "group",
			"origin": [-4.55487, 21.47247, 5.5],
			"children": [9, 10, 11, 12, 13, 14, 15, 16, 17]
		}
	]
}