{
	"credit": "Made with Blockbench",
	"textures": {
		"0": "items/poi/ghost_face",
		"particle": "items/poi/ghost_face"
	},
	"elements": [
		{
			"from": [1, 2, 4],
			"to": [15, 14.9, 6],
			"rotation": {"angle": 0, "axis": "y", "origin": [14, 8, 12]},
			"faces": {
				"north": {"uv": [0, 0.533, 14, 12], "texture": "#0"},
				"east": {"uv": [14.933, 13.866, 15.799, 15.866], "texture": "#0"},
				"south": {"uv": [15.532, 12.267, 14.4, 13.267], "texture": "#0"},
				"west": {"uv": [14.933, 13.866, 15.799, 15.866], "texture": "#0"},
				"up": {"uv": [14.933, 13.866, 15.799, 15.866], "texture": "#0"},
				"down": {"uv": [14.4, 13.866, 15.799, 15.866], "texture": "#0"}
			}
		},
		{
			"from": [2, 14, 4],
			"to": [14, 15, 6],
			"rotation": {"angle": 0, "axis": "y", "origin": [14, 20, 12]},
			"faces": {
				"north": {"uv": [14.4, 3.2, 15.732, 8.466], "texture": "#0"},
				"east": {"uv": [14.933, 13.866, 15.799, 15.866], "texture": "#0"},
				"south": {"uv": [15.532, 12.267, 14.4, 13.267], "texture": "#0"},
				"west": {"uv": [14.933, 13.866, 15.799, 15.866], "texture": "#0"},
				"up": {"uv": [14.933, 13.866, 15.799, 15.866], "texture": "#0"},
				"down": {"uv": [14.4, 13.866, 15.799, 15.866], "texture": "#0"}
			}
		},
		{
			"from": [3.75, 15, 4],
			"to": [12.25, 16, 6],
			"rotation": {"angle": 0, "axis": "y", "origin": [14, 21, 12]},
			"faces": {
				"north": {"uv": [14.4, 3.2, 15.732, 11.666], "texture": "#0"},
				"east": {"uv": [14.933, 13.866, 15.799, 15.866], "texture": "#0"},
				"south": {"uv": [15.532, 12.267, 14.4, 13.267], "texture": "#0"},
				"west": {"uv": [14.933, 13.866, 15.799, 15.866], "texture": "#0"},
				"up": {"uv": [14.933, 13.866, 15.799, 15.866], "texture": "#0"},
				"down": {"uv": [14.4, 13.866, 15.799, 15.866], "texture": "#0"}
			}
		},
		{
			"from": [6, 16, 4],
			"to": [10, 17, 6],
			"rotation": {"angle": 0, "axis": "y", "origin": [14, 22, 12]},
			"faces": {
				"north": {"uv": [0, 0, 1.332, 4.199], "rotation": 90, "texture": "#0"},
				"east": {"uv": [14.933, 13.866, 15.799, 15.866], "texture": "#0"},
				"south": {"uv": [15.532, 12.267, 14.4, 13.267], "texture": "#0"},
				"west": {"uv": [14.933, 13.866, 15.799, 15.866], "texture": "#0"},
				"up": {"uv": [0, 0, 0.866, 2], "rotation": 270, "texture": "#0"},
				"down": {"uv": [14.4, 13.866, 15.799, 15.866], "texture": "#0"}
			}
		},
		{
			"from": [2, 0, 4],
			"to": [14, 2, 6],
			"rotation": {"angle": 0, "axis": "y", "origin": [14, -4, 12]},
			"faces": {
				"north": {"uv": [1.06667, 13.33333, 10.66667, 15.46667], "texture": "#0"},
				"east": {"uv": [14.933, 13.866, 15.799, 15.866], "texture": "#0"},
				"south": {"uv": [15.532, 12.267, 14.4, 13.267], "texture": "#0"},
				"west": {"uv": [14.933, 13.866, 15.799, 15.866], "texture": "#0"},
				"up": {"uv": [3.2, 13.866, 8.865, 15.866], "texture": "#0"},
				"down": {"uv": [14.4, 13.866, 15.799, 15.866], "texture": "#0"}
			}
		},
		{
			"from": [4, -4, 4],
			"to": [13, -2, 6],
			"rotation": {"angle": 0, "axis": "y", "origin": [14, -8, 12]},
			"faces": {
				"north": {"uv": [1.6, 13.866, 9, 15.866], "texture": "#0"},
				"east": {"uv": [14.933, 13.866, 15.799, 15.866], "texture": "#0"},
				"south": {"uv": [15.532, 12.267, 14.4, 13.267], "texture": "#0"},
				"west": {"uv": [14.933, 13.866, 15.799, 15.866], "texture": "#0"},
				"up": {"uv": [2.13333, 13.86667, 10.13333, 16], "texture": "#0"},
				"down": {"uv": [14.4, 13.866, 15.799, 15.866], "texture": "#0"}
			}
		},
		{
			"from": [3.5, -4, 4],
			"to": [4, -2, 6],
			"rotation": {"angle": 0, "axis": "y", "origin": [5, -8, 12]},
			"faces": {
				"north": {"uv": [13.334, 13.866, 15.933, 15.866], "texture": "#0"},
				"east": {"uv": [13.334, 13.866, 15.933, 15.866], "texture": "#0"},
				"south": {"uv": [15.532, 12.267, 14.4, 13.267], "texture": "#0"},
				"west": {"uv": [13.334, 13.866, 15.933, 15.866], "texture": "#0"},
				"up": {"uv": [13.334, 13.866, 15.933, 15.866], "texture": "#0"},
				"down": {"uv": [13.334, 13.866, 15.933, 15.866], "texture": "#0"}
			}
		},
		{
			"from": [4.5, -6, 4],
			"to": [12, -4, 6],
			"rotation": {"angle": 0, "axis": "y", "origin": [14, -10, 12]},
			"faces": {
				"north": {"uv": [1.6, 13.866, 9.067, 15.866], "texture": "#0"},
				"east": {"uv": [14.933, 13.866, 15.799, 15.866], "texture": "#0"},
				"south": {"uv": [15.532, 12.267, 14.4, 13.267], "texture": "#0"},
				"west": {"uv": [14.933, 13.866, 15.799, 15.866], "texture": "#0"},
				"up": {"uv": [2.13333, 13.86667, 10.13333, 16], "texture": "#0"},
				"down": {"uv": [14.4, 13.866, 15.799, 15.866], "texture": "#0"}
			}
		},
		{
			"from": [5.25, -8, 4],
			"to": [11.25, -6, 6],
			"rotation": {"angle": 0, "axis": "y", "origin": [14, -12, 12]},
			"faces": {
				"north": {"uv": [2.133, 13.866, 8.666, 15.866], "texture": "#0"},
				"east": {"uv": [14.933, 13.866, 15.799, 15.866], "texture": "#0"},
				"south": {"uv": [15.532, 12.267, 14.4, 13.267], "texture": "#0"},
				"west": {"uv": [14.933, 13.866, 15.799, 15.866], "texture": "#0"},
				"up": {"uv": [2.13333, 13.86667, 10.13333, 16], "texture": "#0"},
				"down": {"uv": [14.4, 13.866, 15.799, 15.866], "texture": "#0"}
			}
		},
		{
			"from": [6, -10, 4],
			"to": [11, -8, 6],
			"rotation": {"angle": 0, "axis": "y", "origin": [14, -14, 12]},
			"faces": {
				"north": {"uv": [3.2, 12.8, 9.799, 14.8], "rotation": 180, "texture": "#0"},
				"east": {"uv": [14.933, 13.866, 15.799, 15.866], "texture": "#0"},
				"south": {"uv": [15.532, 12.267, 14.4, 13.267], "texture": "#0"},
				"west": {"uv": [14.933, 13.866, 15.799, 15.866], "texture": "#0"},
				"up": {"uv": [2.13333, 13.86667, 10.13333, 16], "texture": "#0"},
				"down": {"uv": [14.4, 13.866, 15.799, 15.866], "texture": "#0"}
			}
		},
		{
			"from": [3, -2, 4],
			"to": [14, 0, 6],
			"rotation": {"angle": 0, "axis": "y", "origin": [14, -6, 12]},
			"faces": {
				"north": {"uv": [1.067, 13.866, 9.933, 15.866], "texture": "#0"},
				"east": {"uv": [14.933, 13.866, 15.799, 15.866], "texture": "#0"},
				"south": {"uv": [15.532, 12.267, 14.4, 13.267], "texture": "#0"},
				"west": {"uv": [14.933, 13.866, 15.799, 15.866], "texture": "#0"},
				"up": {"uv": [2.13333, 13.86667, 10.13333, 16], "texture": "#0"},
				"down": {"uv": [14.4, 13.866, 15.799, 15.866], "texture": "#0"}
			}
		},
		{
			"from": [-2.21961, 16.17512, 3.99],
			"to": [3.18039, 17.17512, 5.99],
			"rotation": {"angle": 22.5, "axis": "z", "origin": [5.03039, 24.17512, 12]},
			"faces": {
				"north": {"uv": [1.133, 0, 0, 3.133], "rotation": 270, "texture": "#0"},
				"east": {"uv": [15.533, 14.933, 10.133, 15.933], "texture": "#0"},
				"south": {"uv": [15.532, 12.267, 14.4, 13.267], "texture": "#0"},
				"west": {"uv": [15.533, 14.933, 10.133, 15.933], "texture": "#0"},
				"up": {"uv": [15.533, 14.933, 10.133, 15.933], "texture": "#0"},
				"down": {"uv": [15.533, 14.933, 10.133, 15.933], "texture": "#0"}
			}
		},
		{
			"from": [0.82488, -13.71961, 3.99],
			"to": [1.82488, -0.81961, 5.99],
			"rotation": {"angle": 22.5, "axis": "z", "origin": [-6.17512, 1.03039, 12]},
			"faces": {
				"north": {"uv": [1.133, 0, 0, 4.2], "texture": "#0"},
				"east": {"uv": [15.533, 14.933, 10.133, 15.933], "rotation": 270, "texture": "#0"},
				"south": {"uv": [15.532, 12.267, 14.4, 13.267], "rotation": 270, "texture": "#0"},
				"west": {"uv": [15.533, 14.933, 10.133, 15.933], "rotation": 270, "texture": "#0"},
				"up": {"uv": [15.533, 14.933, 10.133, 15.933], "rotation": 270, "texture": "#0"},
				"down": {"uv": [15.533, 14.933, 10.133, 15.933], "rotation": 270, "texture": "#0"}
			}
		},
		{
			"from": [17.65129, 4.465, 4.01],
			"to": [18.65129, 7.115, 6.01],
			"rotation": {"angle": -45, "axis": "z", "origin": [10.65129, 8.965, 12]},
			"faces": {
				"north": {"uv": [15.532, 14.933, 12.266, 15.933], "rotation": 270, "texture": "#0"},
				"east": {"uv": [15.533, 14.933, 10.133, 15.933], "rotation": 270, "texture": "#0"},
				"south": {"uv": [15.532, 12.267, 14.4, 13.267], "rotation": 270, "texture": "#0"},
				"west": {"uv": [15.533, 14.933, 10.133, 15.933], "rotation": 270, "texture": "#0"},
				"up": {"uv": [15.533, 14.933, 10.133, 15.933], "rotation": 270, "texture": "#0"},
				"down": {"uv": [15.533, 14.933, 10.133, 15.933], "rotation": 270, "texture": "#0"}
			}
		},
		{
			"from": [14.31693, -6.97936, 4],
			"to": [15.31693, 0.92064, 6],
			"rotation": {"angle": -22.5, "axis": "z", "origin": [7.31693, 2.77064, 11.99]},
			"faces": {
				"north": {"uv": [15.532, 14.933, 11.2, 15.933], "rotation": 270, "texture": "#0"},
				"east": {"uv": [15.533, 14.933, 10.133, 15.933], "rotation": 270, "texture": "#0"},
				"south": {"uv": [15.532, 12.267, 14.4, 13.267], "rotation": 270, "texture": "#0"},
				"west": {"uv": [15.533, 14.933, 10.133, 15.933], "rotation": 270, "texture": "#0"},
				"up": {"uv": [15.533, 14.933, 10.133, 15.933], "rotation": 270, "texture": "#0"},
				"down": {"uv": [15.533, 14.933, 10.133, 15.933], "rotation": 270, "texture": "#0"}
			}
		},
		{
			"from": [4.99048, -12.98558, 4],
			"to": [5.99048, -4.08558, 6],
			"rotation": {"angle": 22.5, "axis": "z", "origin": [-2.00952, -8.95519, 12]},
			"faces": {
				"north": {"uv": [15.533, 14.933, 10.133, 15.933], "rotation": 90, "texture": "#0"},
				"east": {"uv": [15.533, 14.933, 10.133, 15.933], "rotation": 270, "texture": "#0"},
				"south": {"uv": [15.532, 12.267, 14.4, 13.267], "rotation": 270, "texture": "#0"},
				"west": {"uv": [15.533, 14.933, 10.133, 15.933], "rotation": 270, "texture": "#0"},
				"up": {"uv": [15.533, 14.933, 10.133, 15.933], "rotation": 270, "texture": "#0"},
				"down": {"uv": [15.533, 14.933, 10.133, 15.933], "rotation": 270, "texture": "#0"}
			}
		},
		{
			"from": [12.81961, 16.17512, 3.99],
			"to": [18.21961, 17.17512, 5.99],
			"rotation": {"angle": -22.5, "axis": "z", "origin": [10.96961, 24.17512, 12]},
			"faces": {
				"north": {"uv": [15.532, 14.933, 11.733, 15.933], "texture": "#0"},
				"east": {"uv": [15.533, 14.933, 10.133, 15.933], "texture": "#0"},
				"south": {"uv": [15.532, 12.267, 14.4, 13.267], "texture": "#0"},
				"west": {"uv": [15.533, 14.933, 10.133, 15.933], "texture": "#0"},
				"up": {"uv": [15.533, 14.933, 10.133, 15.933], "texture": "#0"},
				"down": {"uv": [15.533, 14.933, 10.133, 15.933], "texture": "#0"}
			}
		}
	],
	"display": {
		"thirdperson_righthand": {
			"rotation": [90, 0, 0],
			"translation": [0, -1.25, 0.75],
			"scale": [0.35, 0.35, 0.35]
		},
		"thirdperson_lefthand": {
			"rotation": [90, 0, 0],
			"translation": [0, -1.25, 0.75],
			"scale": [0.35, 0.35, 0.35]
		},
		"firstperson_righthand": {
			"rotation": [2, 133, 0],
			"translation": [0, 2.5, 0],
			"scale": [0.53, 0.53, 0.53]
		},
		"firstperson_lefthand": {
			"rotation": [0, 133, 0],
			"translation": [0, 2.5, 0],
			"scale": [0.53, 0.53, 0.53]
		},
		"ground": {
			"translation": [0, 4.5, 0],
			"scale": [0.44, 0.44, 0.44]
		},
		"gui": {
			"rotation": [0, -180, 0],
			"translation": [0, 2.25, 0],
			"scale": [0.37, 0.37, 0.37]
		},
		"head": {
			"translation": [0, 1.5, -3.75]
		},
		"fixed": {
			"translation": [0, 0, 12],
			"scale": [4, 4, 4]
		}
	}
}