{
	"credit": "Made with Blockbench",
	"textures": {
		"0": "items/poi/mommy",
		"particle": "items/poi/mommy"
	},
	"elements": [
		{
			"from": [1.25, 2.5, -0.03],
			"to": [17.25, 5.5, 0.22],
			"rotation": {"angle": -22.5, "axis": "z", "origin": [10.75, 7.5, 8]},
			"faces": {
				"north": {"uv": [0, 9.6, 8.533, 11.065], "texture": "#0"},
				"east": {"uv": [0, 9.6, 8.533, 11.065], "texture": "#0"},
				"south": {"uv": [0, 9.6, 8.533, 11.065], "texture": "#0"},
				"west": {"uv": [0, 9.6, 8.533, 11.065], "texture": "#0"},
				"up": {"uv": [0, 9.6, 8.533, 11.065], "texture": "#0"},
				"down": {"uv": [0, 9.6, 8.533, 11.065], "texture": "#0"}
			}
		},
		{
			"from": [-0.02, 2.48391, 1.19027],
			"to": [0.23, 5.48391, 17.19027],
			"rotation": {"angle": 22.5, "axis": "x", "origin": [-7.78, 7.48391, 10.69027]},
			"faces": {
				"north": {"uv": [0, 9.6, 8.533, 11.065], "texture": "#0"},
				"east": {"uv": [0, 9.6, 8.533, 11.065], "texture": "#0"},
				"south": {"uv": [0, 9.6, 8.533, 11.065], "texture": "#0"},
				"west": {"uv": [0, 9.6, 8.533, 11.065], "texture": "#0"},
				"up": {"uv": [0, 9.6, 8.533, 11.065], "texture": "#0"},
				"down": {"uv": [0, 9.6, 8.533, 11.065], "texture": "#0"}
			}
		},
		{
			"from": [-0.03, 3.23391, -1.30973],
			"to": [0.22, 6.23391, 14.44027],
			"rotation": {"angle": -22.5, "axis": "x", "origin": [-7.78, 8.23391, 8.19027]},
			"faces": {
				"north": {"uv": [0, 9.6, 8.533, 11.065], "texture": "#0"},
				"east": {"uv": [0, 9.6, 8.533, 11.065], "texture": "#0"},
				"south": {"uv": [0, 9.6, 8.533, 11.065], "texture": "#0"},
				"west": {"uv": [0, 9.6, 8.533, 11.065], "texture": "#0"},
				"up": {"uv": [0, 9.6, 8.533, 11.065], "texture": "#0"},
				"down": {"uv": [0, 9.6, 8.533, 11.065], "texture": "#0"}
			}
		},
		{
			"from": [0.01, 1.23391, 10.19027],
			"to": [0.26, 16.23391, 13.19027],
			"rotation": {"angle": 22.5, "axis": "x", "origin": [-7.78, 10.73391, 8.19027]},
			"faces": {
				"north": {"uv": [0, 9.6, 8.533, 11.065], "rotation": 270, "texture": "#0"},
				"east": {"uv": [0, 9.6, 8.533, 11.065], "rotation": 270, "texture": "#0"},
				"south": {"uv": [0, 9.6, 8.533, 11.065], "rotation": 270, "texture": "#0"},
				"west": {"uv": [0, 9.6, 8.533, 11.065], "rotation": 270, "texture": "#0"},
				"up": {"uv": [0, 9.6, 8.533, 11.065], "rotation": 270, "texture": "#0"},
				"down": {"uv": [0, 9.6, 8.533, 11.065], "rotation": 270, "texture": "#0"}
			}
		},
		{
			"from": [15.753, 3.23391, 1.19027],
			"to": [16.003, 6.23391, 17.19027],
			"rotation": {"angle": 45, "axis": "x", "origin": [23.78, 8.23391, 10.69027]},
			"faces": {
				"north": {"uv": [0, 9.6, 8.533, 11.065], "texture": "#0"},
				"east": {"uv": [0, 9.6, 8.533, 11.065], "texture": "#0"},
				"south": {"uv": [0, 9.6, 8.533, 11.065], "texture": "#0"},
				"west": {"uv": [0, 9.6, 8.533, 11.065], "texture": "#0"},
				"up": {"uv": [0, 9.6, 8.533, 11.065], "texture": "#0"},
				"down": {"uv": [0, 9.6, 8.533, 11.065], "texture": "#0"}
			}
		},
		{
			"from": [15.751, 5.48391, -1.30973],
			"to": [16.001, 8.48391, 14.69027],
			"rotation": {"angle": -22.5, "axis": "x", "origin": [23.78, 10.48391, 8.19027]},
			"faces": {
				"north": {"uv": [0, 9.6, 8.533, 11.065], "texture": "#0"},
				"east": {"uv": [0, 9.6, 8.533, 11.065], "texture": "#0"},
				"south": {"uv": [0, 9.6, 8.533, 11.065], "texture": "#0"},
				"west": {"uv": [0, 9.6, 8.533, 11.065], "texture": "#0"},
				"up": {"uv": [0, 9.6, 8.533, 11.065], "texture": "#0"},
				"down": {"uv": [0, 9.6, 8.533, 11.065], "texture": "#0"}
			}
		},
		{
			"from": [15.752, 1.23391, 10.19027],
			"to": [16.002, 16.23391, 13.19027],
			"rotation": {"angle": 22.5, "axis": "x", "origin": [23.78, 10.73391, 8.19027]},
			"faces": {
				"north": {"uv": [0, 9.6, 8.533, 11.065], "rotation": 270, "texture": "#0"},
				"east": {"uv": [0, 9.6, 8.533, 11.065], "rotation": 270, "texture": "#0"},
				"south": {"uv": [0, 9.6, 8.533, 11.065], "rotation": 270, "texture": "#0"},
				"west": {"uv": [0, 9.6, 8.533, 11.065], "rotation": 270, "texture": "#0"},
				"up": {"uv": [0, 9.6, 8.533, 11.065], "rotation": 270, "texture": "#0"},
				"down": {"uv": [0, 9.6, 8.533, 11.065], "rotation": 270, "texture": "#0"}
			}
		},
		{
			"from": [1.5, 4.5, -0.015],
			"to": [17.5, 7.5, 0.235],
			"rotation": {"angle": -22.5, "axis": "z", "origin": [11, 9.5, 8]},
			"faces": {
				"north": {"uv": [0, 9.6, 8.533, 11.065], "texture": "#0"},
				"east": {"uv": [0, 9.6, 8.533, 11.065], "texture": "#0"},
				"south": {"uv": [0, 9.6, 8.533, 11.065], "texture": "#0"},
				"west": {"uv": [0, 9.6, 8.533, 11.065], "texture": "#0"},
				"up": {"uv": [0, 9.6, 8.533, 11.065], "texture": "#0"},
				"down": {"uv": [0, 9.6, 8.533, 11.065], "texture": "#0"}
			}
		},
		{
			"from": [-1.5, 4.5, 15.766],
			"to": [14.5, 7.5, 16.016],
			"rotation": {"angle": 22.5, "axis": "z", "origin": [8, 9.5, 8]},
			"faces": {
				"north": {"uv": [0, 9.6, 8.533, 11.065], "texture": "#0"},
				"east": {"uv": [0, 9.6, 8.533, 11.065], "texture": "#0"},
				"south": {"uv": [0, 9.6, 8.533, 11.065], "texture": "#0"},
				"west": {"uv": [0, 9.6, 8.533, 11.065], "texture": "#0"},
				"up": {"uv": [0, 9.6, 8.533, 11.065], "texture": "#0"},
				"down": {"uv": [0, 9.6, 8.533, 11.065], "texture": "#0"}
			}
		},
		{
			"from": [6.75, 2, 15.7655],
			"to": [9.75, 13, 16.0155],
			"rotation": {"angle": -22.5, "axis": "z", "origin": [4.75, 9.5, 8]},
			"faces": {
				"north": {"uv": [0, 9.6, 8.533, 11.065], "rotation": 270, "texture": "#0"},
				"east": {"uv": [0, 9.6, 8.533, 11.065], "rotation": 270, "texture": "#0"},
				"south": {"uv": [0, 9.6, 8.533, 11.065], "rotation": 270, "texture": "#0"},
				"west": {"uv": [0, 9.6, 8.533, 11.065], "rotation": 270, "texture": "#0"},
				"up": {"uv": [0, 9.6, 8.533, 11.065], "rotation": 270, "texture": "#0"},
				"down": {"uv": [0, 9.6, 8.533, 11.065], "rotation": 270, "texture": "#0"}
			}
		},
		{
			"from": [1.25, 2, 15.765],
			"to": [17.25, 5, 16.015],
			"rotation": {"angle": -22.5, "axis": "z", "origin": [10.75, 7, 8]},
			"faces": {
				"north": {"uv": [0, 9.6, 8.533, 11.065], "texture": "#0"},
				"east": {"uv": [0, 9.6, 8.533, 11.065], "texture": "#0"},
				"south": {"uv": [0, 9.6, 8.533, 11.065], "texture": "#0"},
				"west": {"uv": [0, 9.6, 8.533, 11.065], "texture": "#0"},
				"up": {"uv": [0, 9.6, 8.533, 11.065], "texture": "#0"},
				"down": {"uv": [0, 9.6, 8.533, 11.065], "texture": "#0"}
			}
		},
		{
			"from": [7.5, 6.25, 0],
			"to": [19.5, 9.25, 0.25],
			"rotation": {"angle": -45, "axis": "z", "origin": [13, 11.25, 8]},
			"faces": {
				"north": {"uv": [0, 9.6, 8.533, 11.065], "texture": "#0"},
				"east": {"uv": [0, 9.6, 8.533, 11.065], "texture": "#0"},
				"south": {"uv": [0, 9.6, 8.533, 11.065], "texture": "#0"},
				"west": {"uv": [0, 9.6, 8.533, 11.065], "texture": "#0"},
				"up": {"uv": [0, 9.6, 8.533, 11.065], "texture": "#0"},
				"down": {"uv": [0, 9.6, 8.533, 11.065], "texture": "#0"}
			}
		},
		{
			"from": [-1.25, 9.5, -0.02],
			"to": [10.5, 12.5, 0.23],
			"rotation": {"angle": 22.5, "axis": "z", "origin": [8.25, 14.5, 8]},
			"faces": {
				"north": {"uv": [0, 9.6, 8.533, 11.065], "texture": "#0"},
				"east": {"uv": [0, 9.6, 8.533, 11.065], "texture": "#0"},
				"south": {"uv": [0, 9.6, 8.533, 11.065], "texture": "#0"},
				"west": {"uv": [0, 9.6, 8.533, 11.065], "texture": "#0"},
				"up": {"uv": [0, 9.6, 8.533, 11.065], "texture": "#0"},
				"down": {"uv": [0, 9.6, 8.533, 11.065], "texture": "#0"}
			}
		},
		{
			"from": [-4, 10.75, 0.01],
			"to": [5, 13.75, 0.26],
			"rotation": {"angle": 45, "axis": "z", "origin": [5.25, 15.75, 8]},
			"faces": {
				"north": {"uv": [0, 9.6, 8.467, 11.1], "texture": "#0"},
				"east": {"uv": [0, 9.6, 8.467, 11.1], "texture": "#0"},
				"south": {"uv": [0, 9.6, 8.467, 11.1], "texture": "#0"},
				"west": {"uv": [0, 9.6, 8.467, 11.1], "texture": "#0"},
				"up": {"uv": [0, 9.6, 8.467, 11.1], "texture": "#0"},
				"down": {"uv": [0, 9.6, 8.467, 11.1], "texture": "#0"}
			}
		},
		{
			"from": [0, -0.25, -0.04],
			"to": [16, 2.75, 0.21],
			"faces": {
				"north": {"uv": [0, 9.6, 1.85, 11.1], "texture": "#0"},
				"east": {"uv": [0, 9.6, 1.85, 11.1], "texture": "#0"},
				"south": {"uv": [0, 9.6, 1.85, 11.1], "texture": "#0"},
				"west": {"uv": [0, 9.6, 1.85, 11.1], "texture": "#0"},
				"up": {"uv": [0, 9.6, 1.85, 11.1], "texture": "#0"},
				"down": {"uv": [0, 9.6, 1.85, 11.1], "texture": "#0"}
			}
		},
		{
			"from": [1, -7, -0.05],
			"to": [4, -0.25, 0.2],
			"rotation": {"angle": 0, "axis": "z", "origin": [-4.25, -5.25, 8]},
			"faces": {
				"north": {"uv": [0, 9.6, 1.85, 11.1], "rotation": 90, "texture": "#0"},
				"east": {"uv": [0, 9.6, 1.85, 11.1], "rotation": 270, "texture": "#0"},
				"south": {"uv": [0, 9.6, 1.85, 11.1], "rotation": 270, "texture": "#0"},
				"west": {"uv": [0, 9.6, 1.85, 11.1], "rotation": 270, "texture": "#0"},
				"up": {"uv": [0, 9.6, 1.85, 11.1], "rotation": 270, "texture": "#0"},
				"down": {"uv": [0, 9.6, 1.85, 11.1], "rotation": 270, "texture": "#0"}
			}
		},
		{
			"from": [15.754, -0.25, 0],
			"to": [16.004, 2.75, 16],
			"faces": {
				"north": {"uv": [0, 9.6, 1.85, 11.1], "texture": "#0"},
				"east": {"uv": [0, 9.6, 1.85, 11.1], "texture": "#0"},
				"south": {"uv": [0, 9.6, 1.85, 11.1], "texture": "#0"},
				"west": {"uv": [0, 9.6, 1.85, 11.1], "texture": "#0"},
				"up": {"uv": [0, 9.6, 1.85, 11.1], "texture": "#0"},
				"down": {"uv": [0, 9.6, 1.85, 11.1], "texture": "#0"}
			}
		},
		{
			"from": [0, -0.25, 15.769],
			"to": [16, 2.75, 16.019],
			"faces": {
				"north": {"uv": [0, 9.6, 1.85, 11.1], "texture": "#0"},
				"east": {"uv": [0, 9.6, 1.85, 11.1], "texture": "#0"},
				"south": {"uv": [0, 9.6, 1.85, 11.1], "texture": "#0"},
				"west": {"uv": [0, 9.6, 1.85, 11.1], "texture": "#0"},
				"up": {"uv": [0, 9.6, 1.85, 11.1], "texture": "#0"},
				"down": {"uv": [0, 9.6, 1.85, 11.1], "texture": "#0"}
			}
		},
		{
			"from": [-0.04, -0.25, 0],
			"to": [0.21, 2.75, 16],
			"faces": {
				"north": {"uv": [0, 9.6, 1.85, 11.1], "texture": "#0"},
				"east": {"uv": [0, 9.6, 1.85, 11.1], "texture": "#0"},
				"south": {"uv": [0, 9.6, 1.85, 11.1], "texture": "#0"},
				"west": {"uv": [0, 9.6, 1.85, 11.1], "texture": "#0"},
				"up": {"uv": [0, 9.6, 1.85, 11.1], "texture": "#0"},
				"down": {"uv": [0, 9.6, 1.85, 11.1], "texture": "#0"}
			}
		},
		{
			"from": [0, 6.5, 0],
			"to": [1, 9.5, 0.25],
			"rotation": {"angle": 0, "axis": "z", "origin": [9.5, 11.5, 8]},
			"faces": {
				"north": {"uv": [0, 9.6, 2.317, 11.1], "texture": "#0"},
				"east": {"uv": [0, 9.6, 2.317, 11.1], "texture": "#0"},
				"south": {"uv": [0, 9.6, 2.317, 11.1], "texture": "#0"},
				"west": {"uv": [0, 9.6, 2.317, 11.1], "texture": "#0"},
				"up": {"uv": [0, 9.6, 2.317, 11.1], "texture": "#0"},
				"down": {"uv": [0, 9.6, 2.317, 11.1], "texture": "#0"}
			}
		},
		{
			"from": [0, 6, 15.765],
			"to": [1.25, 8.75, 16.015],
			"rotation": {"angle": 0, "axis": "z", "origin": [9.5, 11, 8]},
			"faces": {
				"north": {"uv": [0, 9.6, 2.317, 11.1], "texture": "#0"},
				"east": {"uv": [0, 9.6, 2.317, 11.1], "texture": "#0"},
				"south": {"uv": [0, 9.6, 2.317, 11.1], "texture": "#0"},
				"west": {"uv": [0, 9.6, 2.317, 11.1], "texture": "#0"},
				"up": {"uv": [0, 9.6, 2.317, 11.1], "texture": "#0"},
				"down": {"uv": [0, 9.6, 2.317, 11.1], "texture": "#0"}
			}
		},
		{
			"from": [15, 7.5, 15.75],
			"to": [16, 10.5, 16],
			"rotation": {"angle": 0, "axis": "z", "origin": [24.5, 12.5, 8]},
			"faces": {
				"north": {"uv": [0, 9.6, 2.317, 11.1], "texture": "#0"},
				"east": {"uv": [0, 9.6, 2.317, 11.1], "texture": "#0"},
				"south": {"uv": [0, 9.6, 2.317, 11.1], "texture": "#0"},
				"west": {"uv": [0, 9.6, 2.317, 11.1], "texture": "#0"},
				"up": {"uv": [0, 9.6, 2.317, 11.1], "texture": "#0"},
				"down": {"uv": [0, 9.6, 2.317, 11.1], "texture": "#0"}
			}
		},
		{
			"from": [0, 2.75, 15.75],
			"to": [1, 4, 16],
			"rotation": {"angle": 0, "axis": "z", "origin": [9.5, 6, 8]},
			"faces": {
				"north": {"uv": [0, 9.6, 1, 11.1], "texture": "#0"},
				"east": {"uv": [0, 9.6, 1, 11.1], "texture": "#0"},
				"south": {"uv": [0, 9.6, 1, 11.1], "texture": "#0"},
				"west": {"uv": [0, 9.6, 1, 11.1], "texture": "#0"},
				"up": {"uv": [0, 9.6, 1, 11.1], "texture": "#0"},
				"down": {"uv": [0, 9.6, 1, 11.1], "texture": "#0"}
			}
		},
		{
			"from": [15, 2.5, 0],
			"to": [16, 5.5, 0.25],
			"rotation": {"angle": 0, "axis": "z", "origin": [24.5, 7.5, 8]},
			"faces": {
				"north": {"uv": [0, 9.6, 2.317, 11.1], "texture": "#0"},
				"east": {"uv": [0, 9.6, 2.317, 11.1], "texture": "#0"},
				"south": {"uv": [0, 9.6, 2.317, 11.1], "texture": "#0"},
				"west": {"uv": [0, 9.6, 2.317, 11.1], "texture": "#0"},
				"up": {"uv": [0, 9.6, 2.317, 11.1], "texture": "#0"},
				"down": {"uv": [0, 9.6, 2.317, 11.1], "texture": "#0"}
			}
		},
		{
			"from": [-0.03, 5.75, 14.75],
			"to": [0.22, 8.75, 16],
			"rotation": {"angle": 0, "axis": "z", "origin": [8, 10.75, 6.25]},
			"faces": {
				"north": {"uv": [0, 9.6, 2.317, 11.1], "texture": "#0"},
				"east": {"uv": [0, 9.6, 2.317, 11.1], "texture": "#0"},
				"south": {"uv": [0, 9.6, 2.317, 11.1], "texture": "#0"},
				"west": {"uv": [0, 9.6, 2.317, 11.1], "texture": "#0"},
				"up": {"uv": [0, 9.6, 2.317, 11.1], "texture": "#0"},
				"down": {"uv": [0, 9.6, 2.317, 11.1], "texture": "#0"}
			}
		},
		{
			"from": [0, 6.5, 0],
			"to": [0.25, 9.5, 1.25],
			"rotation": {"angle": 0, "axis": "z", "origin": [8, 11.5, -8.5]},
			"faces": {
				"north": {"uv": [0, 9.6, 2.317, 11.1], "texture": "#0"},
				"east": {"uv": [0, 9.6, 2.317, 11.1], "texture": "#0"},
				"south": {"uv": [0, 9.6, 2.317, 11.1], "texture": "#0"},
				"west": {"uv": [0, 9.6, 2.317, 11.1], "texture": "#0"},
				"up": {"uv": [0, 9.6, 2.317, 11.1], "texture": "#0"},
				"down": {"uv": [0, 9.6, 2.317, 11.1], "texture": "#0"}
			}
		},
		{
			"from": [15.75, 2, 0],
			"to": [16, 5, 1.25],
			"rotation": {"angle": 0, "axis": "z", "origin": [8, 7, -8.5]},
			"faces": {
				"north": {"uv": [0, 9.6, 2.317, 11.1], "texture": "#0"},
				"east": {"uv": [0, 9.6, 2.317, 11.1], "texture": "#0"},
				"south": {"uv": [0, 9.6, 2.317, 11.1], "texture": "#0"},
				"west": {"uv": [0, 9.6, 2.317, 11.1], "texture": "#0"},
				"up": {"uv": [0, 9.6, 2.317, 11.1], "texture": "#0"},
				"down": {"uv": [0, 9.6, 2.317, 11.1], "texture": "#0"}
			}
		},
		{
			"from": [0, -0.25, 0],
			"to": [0.25, 2.75, 1.25],
			"rotation": {"angle": 0, "axis": "z", "origin": [8, 4.75, -8.5]},
			"faces": {
				"north": {"uv": [0, 0, 0.25, 3], "texture": "#missing"},
				"east": {"uv": [0, 9.6, 2.383, 11.1], "texture": "#0"},
				"south": {"uv": [0, 0, 0.25, 3], "texture": "#missing"},
				"west": {"uv": [0, 0, 1.25, 3], "texture": "#missing"},
				"up": {"uv": [0, 0, 1.25, 0.25], "rotation": 270, "texture": "#missing"},
				"down": {"uv": [0, 0, 1.25, 0.25], "rotation": 90, "texture": "#missing"}
			}
		},
		{
			"from": [0, 9.25, -0.03],
			"to": [16, 15.25, 0.22],
			"faces": {
				"north": {"uv": [12.8, 0, 16, 8], "rotation": 90, "texture": "#0"},
				"east": {"uv": [12.8, 0, 16, 8], "rotation": 90, "texture": "#0"},
				"south": {"uv": [12.8, 0, 16, 8], "rotation": 90, "texture": "#0"},
				"west": {"uv": [12.8, 0, 16, 8], "rotation": 90, "texture": "#0"},
				"up": {"uv": [12.8, 0, 16, 8], "rotation": 90, "texture": "#0"},
				"down": {"uv": [12.8, 0, 16, 8], "rotation": 90, "texture": "#0"}
			}
		},
		{
			"from": [15.78, 9.25, 0],
			"to": [16.03, 15.25, 16],
			"faces": {
				"north": {"uv": [12.8, 0, 16, 7.6], "texture": "#0"},
				"east": {"uv": [12.8, 0, 16, 7.6], "rotation": 90, "texture": "#0"},
				"south": {"uv": [12.8, 0, 16, 7.6], "texture": "#0"},
				"west": {"uv": [12.8, 0, 16, 7.6], "texture": "#0"},
				"up": {"uv": [12.8, 0, 16, 7.6], "texture": "#0"},
				"down": {"uv": [12.8, 0, 16, 7.6], "texture": "#0"}
			}
		},
		{
			"from": [0, 9.25, 15.78],
			"to": [16, 15.25, 16.03],
			"faces": {
				"north": {"uv": [12.8, 0, 16, 7.6], "texture": "#0"},
				"east": {"uv": [12.8, 0, 16, 7.6], "rotation": 90, "texture": "#0"},
				"south": {"uv": [12.8, 0, 16, 7.6], "rotation": 90, "texture": "#0"},
				"west": {"uv": [12.8, 0, 16, 7.6], "texture": "#0"},
				"up": {"uv": [12.8, 0, 16, 7.6], "texture": "#0"},
				"down": {"uv": [12.8, 0, 16, 7.6], "texture": "#0"}
			}
		},
		{
			"from": [0, 14.97, 0.25],
			"to": [16, 15.22, 15.75],
			"rotation": {"angle": 0, "axis": "z", "origin": [8, 23, 8]},
			"faces": {
				"north": {"uv": [0, 0, 16, 0.25], "texture": "#missing"},
				"east": {"uv": [0, 0, 0.25, 15.5], "rotation": 270, "texture": "#missing"},
				"south": {"uv": [0, 0, 16, 0.25], "rotation": 180, "texture": "#missing"},
				"west": {"uv": [0, 0, 0.25, 15.5], "rotation": 90, "texture": "#missing"},
				"up": {"uv": [0, 0, 8.533, 8.033], "rotation": 180, "texture": "#0"},
				"down": {"uv": [0, 0, 8.533, 8.567], "texture": "#0"}
			}
		},
		{
			"from": [-0.03, 9.25, 0],
			"to": [0.22, 15.25, 16],
			"faces": {
				"north": {"uv": [12.8, 0, 16, 7.6], "texture": "#0"},
				"east": {"uv": [12.8, 0, 16, 7.6], "rotation": 90, "texture": "#0"},
				"south": {"uv": [12.8, 0, 16, 7.6], "texture": "#0"},
				"west": {"uv": [12.8, 0, 16, 7.6], "rotation": 90, "texture": "#0"},
				"up": {"uv": [12.8, 0, 16, 7.6], "texture": "#0"},
				"down": {"uv": [12.8, 0, 16, 7.6], "texture": "#0"}
			}
		}
	],
	"display": {
		"thirdperson_righthand": {
			"scale": [0.17, 0.17, 0.17]
		},
		"thirdperson_lefthand": {
			"scale": [0.14, 0.14, 0.14]
		},
		"firstperson_righthand": {
			"scale": [0.29, 0.29, 0.29]
		},
		"firstperson_lefthand": {
			"scale": [0.29, 0.29, 0.29]
		},
		"ground": {
			"scale": [0.23, 0.23, 0.23]
		},
		"gui": {
			"translation": [0, 2.75, 0],
			"scale": [0.65, 0.65, 0.65]
		},
		"head": {
			"translation": [0, 1.5, 0.75]
		}
	}
}