{
	"credit": "Made with Blockbench",
	"textures": {
		"0": "blocks/jack_o_lantern",
		"1": "blocks/pumpkin_side",
		"2": "blocks/pumpkin_top",
		"3": "blocks/oak_planks",
		"4": "items/poi/pumpkin_scarecrow",
		"1_0": "blocks/anvil",
		"1_1": "blocks/cut_sandstone"
	},
	"elements": [
		{
			"from": [7, -15, 7],
			"to": [9, 9, 9],
			"rotation": {"angle": 0, "axis": "y", "origin": [8, 4, 8]},
			"faces": {
				"north": {"uv": [0, 0, 16, 2], "rotation": 90, "texture": "#3"},
				"east": {"uv": [0, 8, 16, 10], "rotation": 90, "texture": "#3"},
				"south": {"uv": [0, 5, 16, 7], "rotation": 90, "texture": "#3"},
				"west": {"uv": [0, 5, 16, 7], "rotation": 90, "texture": "#3"},
				"up": {"uv": [6, 14, 8, 16], "rotation": 90, "texture": "#3"},
				"down": {"uv": [6, 14, 8, 16], "rotation": 90, "texture": "#3"}
			}
		},
		{
			"from": [-2, 3, 7.25],
			"to": [18, 5, 8.75],
			"rotation": {"angle": 0, "axis": "y", "origin": [8, 4, 8]},
			"faces": {
				"north": {"uv": [0, 5, 16, 7], "texture": "#3"},
				"east": {"uv": [0, 0, 1.5, 2], "texture": "#3"},
				"south": {"uv": [0, 0, 16, 2], "texture": "#3"},
				"west": {"uv": [0, 0, 1.5, 2], "texture": "#3"},
				"up": {"uv": [0, 0, 16, 1.5], "texture": "#3"},
				"down": {"uv": [0, 3, 16, 4], "texture": "#3"}
			}
		},
		{
			"from": [0.5, -9.75, 6.75],
			"to": [15.5, 5.25, 9.25],
			"rotation": {"angle": 0, "axis": "y", "origin": [8, 4, 8]},
			"faces": {
				"north": {"uv": [0, 0, 15, 15], "texture": "#4"},
				"east": {"uv": [12, 0, 15, 15], "texture": "#4"},
				"south": {"uv": [0, 0, 15, 15], "texture": "#4"},
				"west": {"uv": [12, 0, 15, 15], "texture": "#4"},
				"up": {"uv": [0, 0, 15, 1], "rotation": 180, "texture": "#4"},
				"down": {"uv": [0, 15, 15, 16], "texture": "#4"}
			}
		},
		{
			"from": [4.5, 7, 4.75],
			"to": [11.5, 14, 11.75],
			"rotation": {"angle": 0, "axis": "y", "origin": [8, 4, 8.75]},
			"faces": {
				"north": {"uv": [0, 0, 16, 16], "texture": "#0"},
				"east": {"uv": [0, 0, 16, 16], "texture": "#1"},
				"south": {"uv": [0, 0, 16, 16], "texture": "#1"},
				"west": {"uv": [0, 0, 16, 16], "texture": "#1"},
				"up": {"uv": [0, 0, 16, 16], "texture": "#2"},
				"down": {"uv": [0, 0, 16, 16], "texture": "#1"}
			}
		},
		{
			"from": [5.36, 18.9158, 6.0028],
			"to": [10.64, 19.5758, 6.9268],
			"rotation": {"angle": -45, "axis": "x", "origin": [8, 18.17, 9.25]},
			"faces": {
				"north": {"uv": [0, 0, 8, 1.4], "texture": "#1_0"},
				"east": {"uv": [0, 0, 8, 1.4], "texture": "#1_0"},
				"south": {"uv": [0, 0, 8, 1.4], "texture": "#1_0"},
				"west": {"uv": [0, 0, 8, 1.4], "texture": "#1_0"},
				"up": {"uv": [0, 0, 2, 7.4], "rotation": 270, "texture": "#1_0"},
				"down": {"uv": [0, 0, 8, 1.4], "rotation": 270, "texture": "#1_0"}
			}
		},
		{
			"from": [4.7, 18.434, 4.564],
			"to": [11.3, 19.094, 5.488],
			"rotation": {"angle": -45, "axis": "x", "origin": [8, 18.17, 9.25]},
			"faces": {
				"north": {"uv": [0, 0, 10, 1.4], "texture": "#1_0"},
				"east": {"uv": [0, 0, 10, 1.4], "texture": "#1_0"},
				"south": {"uv": [0, 0, 10, 1.4], "texture": "#1_0"},
				"west": {"uv": [0, 0, 10, 1.4], "texture": "#1_0"},
				"up": {"uv": [0, 0, 2, 7.4], "rotation": 270, "texture": "#1_0"},
				"down": {"uv": [0, 0, 10, 1.4], "rotation": 270, "texture": "#1_0"}
			}
		},
		{
			"from": [4.04, 17.972, 2.254],
			"to": [11.96, 18.632, 4.498],
			"rotation": {"angle": -45, "axis": "x", "origin": [8, 18.17, 9.25]},
			"faces": {
				"north": {"uv": [0, 0, 12, 3.4], "texture": "#1_0"},
				"east": {"uv": [0, 0, 12, 3.4], "texture": "#1_0"},
				"south": {"uv": [0, 0, 12, 3.4], "texture": "#1_0"},
				"west": {"uv": [0, 0, 12, 3.4], "texture": "#1_0"},
				"up": {"uv": [0, 0, 2, 7.4], "rotation": 270, "texture": "#1_0"},
				"down": {"uv": [0, 0, 12, 3.4], "rotation": 270, "texture": "#1_0"}
			}
		},
		{
			"from": [3.38, 17.972, 2.254],
			"to": [12.62, 18.632, 3.178],
			"rotation": {"angle": -45, "axis": "x", "origin": [8, 18.17, 9.25]},
			"faces": {
				"north": {"uv": [0, 0, 14, 1.4], "texture": "#1_0"},
				"east": {"uv": [0, 0, 14, 1.4], "texture": "#1_0"},
				"south": {"uv": [0, 0, 14, 1.4], "texture": "#1_0"},
				"west": {"uv": [0, 0, 14, 1.4], "texture": "#1_0"},
				"up": {"uv": [0, 0, 2, 7.4], "rotation": 270, "texture": "#1_0"},
				"down": {"uv": [0, 0, 14, 1.4], "rotation": 270, "texture": "#1_0"}
			}
		},
		{
			"from": [7.34, 17.51, 14.53],
			"to": [8.66, 20.15, 15.19],
			"rotation": {"angle": 0, "axis": "y", "origin": [8, 18.17, 9.25]},
			"faces": {
				"north": {"uv": [0, 0, 2, 2], "texture": "#1_0"},
				"east": {"uv": [0, 0, 5, 2], "rotation": 270, "texture": "#1_0"},
				"south": {"uv": [0, 0, 2, 2], "texture": "#1_0"},
				"west": {"uv": [0, 0, 1, 2], "texture": "#1_0"},
				"up": {"uv": [0, 0, 1, 2], "rotation": 90, "texture": "#1_0"},
				"down": {"uv": [0, 0, 1, 2], "rotation": 270, "texture": "#1_0"}
			}
		},
		{
			"from": [7.34, 20.15, 10.57],
			"to": [8.66, 21.47, 11.89],
			"rotation": {"angle": 0, "axis": "y", "origin": [8, 18.17, 9.25]},
			"faces": {
				"north": {"uv": [0, 0, 2, 2], "texture": "#1_0"},
				"east": {"uv": [0, 0, 5, 2], "rotation": 270, "texture": "#1_0"},
				"south": {"uv": [0, 0, 2, 2], "texture": "#1_0"},
				"west": {"uv": [0, 0, 2, 2], "texture": "#1_0"},
				"up": {"uv": [0, 0, 2, 2], "rotation": 90, "texture": "#1_0"},
				"down": {"uv": [0, 0, 2, 2], "rotation": 270, "texture": "#1_0"}
			}
		},
		{
			"from": [6.68, 20.81, 9.25],
			"to": [9.32, 21.47, 11.23],
			"rotation": {"angle": 0, "axis": "y", "origin": [8, 18.17, 9.25]},
			"faces": {
				"north": {"uv": [0, 0, 4, 1], "texture": "#1_0"},
				"east": {"uv": [0, 0, 5, 2], "rotation": 270, "texture": "#1_0"},
				"south": {"uv": [0, 0, 4, 1], "texture": "#1_0"},
				"west": {"uv": [0, 0, 3, 1], "texture": "#1_0"},
				"up": {"uv": [0, 0, 3, 3], "rotation": 90, "texture": "#1_0"},
				"down": {"uv": [0, 0, 3, 4], "rotation": 270, "texture": "#1_0"}
			}
		},
		{
			"from": [6.68, 20.15, 7.93],
			"to": [9.32, 20.81, 9.91],
			"rotation": {"angle": 0, "axis": "y", "origin": [8, 18.17, 9.25]},
			"faces": {
				"north": {"uv": [0, 0, 4, 1], "texture": "#1_0"},
				"east": {"uv": [0, 0, 5, 2], "rotation": 270, "texture": "#1_0"},
				"south": {"uv": [0, 0, 4, 1], "texture": "#1_0"},
				"west": {"uv": [0, 0, 3, 1], "texture": "#1_0"},
				"up": {"uv": [0, 0, 3, 4], "rotation": 90, "texture": "#1_0"},
				"down": {"uv": [0, 0, 3, 4], "rotation": 270, "texture": "#1_0"}
			}
		},
		{
			"from": [6.02, 18.17, 7.27],
			"to": [9.98, 20.15, 9.25],
			"rotation": {"angle": 0, "axis": "y", "origin": [8, 18.17, 9.25]},
			"faces": {
				"north": {"uv": [0, 0, 6, 3], "texture": "#1_0"},
				"east": {"uv": [0, 0, 5, 2], "rotation": 270, "texture": "#1_0"},
				"south": {"uv": [0, 0, 6, 3], "texture": "#1_0"},
				"west": {"uv": [0, 0, 3, 3], "texture": "#1_0"},
				"up": {"uv": [0, 0, 3, 6], "rotation": 90, "texture": "#1_0"},
				"down": {"uv": [0, 0, 3, 6], "rotation": 270, "texture": "#1_0"}
			}
		},
		{
			"from": [5.36, 16.85, 6.61],
			"to": [10.64, 18.83, 9.91],
			"rotation": {"angle": 0, "axis": "y", "origin": [8, 18.17, 9.25]},
			"faces": {
				"north": {"uv": [0, 0, 8, 3], "texture": "#1_0"},
				"east": {"uv": [0, 0, 5, 2], "rotation": 270, "texture": "#1_0"},
				"south": {"uv": [0, 0, 8, 3], "texture": "#1_0"},
				"west": {"uv": [0, 0, 5, 3], "texture": "#1_0"},
				"up": {"uv": [0, 0, 5, 8], "rotation": 90, "texture": "#1_0"},
				"down": {"uv": [0, 0, 5, 8], "rotation": 270, "texture": "#1_0"}
			}
		},
		{
			"from": [4.7, 15.53, 5.95],
			"to": [11.3, 16.85, 11.23],
			"rotation": {"angle": 0, "axis": "y", "origin": [8, 18.17, 9.25]},
			"faces": {
				"north": {"uv": [0, 0, 10, 2], "rotation": 180, "texture": "#1_1"},
				"east": {"uv": [0, 0, 5, 2], "rotation": 270, "texture": "#1_1"},
				"south": {"uv": [0, 0, 10, 2], "rotation": 180, "texture": "#1_1"},
				"west": {"uv": [0, 0, 10, 2], "rotation": 270, "texture": "#1_1"},
				"up": {"uv": [0, 0, 8, 10], "rotation": 90, "texture": "#1_0"},
				"down": {"uv": [0, 0, 8, 10], "rotation": 270, "texture": "#1_0"}
			}
		},
		{
			"from": [4.04, 14.21, 5.29],
			"to": [11.96, 15.53, 12.55],
			"rotation": {"angle": 0, "axis": "y", "origin": [8, 18.17, 9.25]},
			"faces": {
				"north": {"uv": [0, 0, 12, 2], "texture": "#1_0"},
				"east": {"uv": [0, 0, 5, 2], "rotation": 270, "texture": "#1_0"},
				"south": {"uv": [0, 0, 12, 2], "texture": "#1_0"},
				"west": {"uv": [0, 0, 11, 2], "texture": "#1_0"},
				"up": {"uv": [0, 0, 11, 12], "rotation": 90, "texture": "#1_0"},
				"down": {"uv": [0, 0, 11, 12], "rotation": 270, "texture": "#1_0"}
			}
		},
		{
			"from": [3.38, 13.55, 4.63],
			"to": [12.62, 14.21, 13.87],
			"rotation": {"angle": 0, "axis": "y", "origin": [8, 18.17, 9.25]},
			"faces": {
				"north": {"uv": [0, 0, 14, 1], "texture": "#1_0"},
				"east": {"uv": [0, 0, 5, 2], "rotation": 270, "texture": "#1_0"},
				"south": {"uv": [0, 0, 14, 1], "texture": "#1_0"},
				"west": {"uv": [0, 0, 14, 1], "texture": "#1_0"},
				"up": {"uv": [0, 0, 14, 14], "rotation": 90, "texture": "#1_0"},
				"down": {"uv": [0, 0, 14, 14], "rotation": 270, "texture": "#1_0"}
			}
		},
		{
			"from": [2.72, 12.89, 3.97],
			"to": [13.28, 13.55, 14.53],
			"rotation": {"angle": 0, "axis": "y", "origin": [8, 18.17, 9.25]},
			"faces": {
				"north": {"uv": [0, 0, 16, 1], "texture": "#1_0"},
				"east": {"uv": [0, 0, 5, 2], "rotation": 270, "texture": "#1_0"},
				"south": {"uv": [0, 0, 16, 1], "texture": "#1_0"},
				"west": {"uv": [0, 0, 16, 1], "texture": "#1_0"},
				"up": {"uv": [0, 0, 16, 16], "rotation": 90, "texture": "#1_0"},
				"down": {"uv": [0, 0, 16, 16], "rotation": 270, "texture": "#1_0"}
			}
		},
		{
			"from": [6.5942, 14.9228, 6.61],
			"to": [7.2542, 15.8468, 9.91],
			"rotation": {"angle": -45, "axis": "z", "origin": [8, 18.17, 9.25]},
			"faces": {
				"north": {"uv": [0, 0, 1.4, 1], "rotation": 90, "texture": "#1_0"},
				"east": {"uv": [0, 0, 5, 1.4], "texture": "#1_0"},
				"south": {"uv": [0, 0, 1, 1.4], "texture": "#1_0"},
				"west": {"uv": [0, 0, 5, 1.4], "texture": "#1_0"},
				"up": {"uv": [0, 0, 1, 5], "texture": "#1_0"},
				"down": {"uv": [0, 0, 1, 5], "texture": "#1_0"}
			}
		},
		{
			"from": [7.076, 13.484, 5.95],
			"to": [7.736, 14.408, 11.23],
			"rotation": {"angle": -45, "axis": "z", "origin": [8, 18.17, 9.25]},
			"faces": {
				"north": {"uv": [0, 0, 1.4, 1], "rotation": 90, "texture": "#1_0"},
				"east": {"uv": [0, 0, 8, 1.4], "texture": "#1_0"},
				"south": {"uv": [0, 0, 1, 1.4], "texture": "#1_0"},
				"west": {"uv": [0, 0, 8, 1.4], "texture": "#1_0"},
				"up": {"uv": [0, 0, 1, 8], "texture": "#1_0"},
				"down": {"uv": [0, 0, 1, 8], "texture": "#1_0"}
			}
		},
		{
			"from": [7.538, 11.174, 5.29],
			"to": [8.198, 13.418, 12.55],
			"rotation": {"angle": -45, "axis": "z", "origin": [8, 18.17, 9.25]},
			"faces": {
				"north": {"uv": [0, 0, 3.4, 1], "rotation": 90, "texture": "#1_0"},
				"east": {"uv": [0, 0, 11, 3.4], "texture": "#1_0"},
				"south": {"uv": [0, 0, 1, 3.4], "texture": "#1_0"},
				"west": {"uv": [0, 0, 11, 3.4], "texture": "#1_0"},
				"up": {"uv": [0, 0, 1, 11], "texture": "#1_0"},
				"down": {"uv": [0, 0, 1, 11], "texture": "#1_0"}
			}
		},
		{
			"from": [7.538, 11.174, 4.63],
			"to": [8.198, 12.098, 13.87],
			"rotation": {"angle": -45, "axis": "z", "origin": [8, 18.17, 9.25]},
			"faces": {
				"north": {"uv": [0, 0, 1.4, 1], "rotation": 90, "texture": "#1_0"},
				"east": {"uv": [0, 0, 14, 1.4], "texture": "#1_0"},
				"south": {"uv": [0, 0, 1, 1.4], "texture": "#1_0"},
				"west": {"uv": [0, 0, 14, 1.4], "texture": "#1_0"},
				"up": {"uv": [0, 0, 1, 14], "texture": "#1_0"},
				"down": {"uv": [0, 0, 1, 14], "texture": "#1_0"}
			}
		},
		{
			"from": [5.657, 16.784, 7.27],
			"to": [6.317, 17.741, 9.25],
			"rotation": {"angle": -45, "axis": "z", "origin": [8, 18.17, 9.25]},
			"faces": {
				"north": {"uv": [0, 0, 1.45, 1], "rotation": 90, "texture": "#1_0"},
				"east": {"uv": [0, 0, 3, 1.45], "texture": "#1_0"},
				"south": {"uv": [0, 0, 1, 1.45], "texture": "#1_0"},
				"west": {"uv": [0, 0, 3, 1.45], "texture": "#1_0"},
				"up": {"uv": [0, 0, 1, 3], "texture": "#1_0"},
				"down": {"uv": [0, 0, 1, 3], "texture": "#1_0"}
			}
		},
		{
			"from": [10.3232, 18.9158, 6.61],
			"to": [11.2472, 19.5758, 9.91],
			"rotation": {"angle": -45, "axis": "z", "origin": [8, 18.17, 9.25]},
			"faces": {
				"north": {"uv": [0, 0, 1, 1.4], "rotation": 90, "texture": "#1_0"},
				"east": {"uv": [0, 0, 16, 16], "rotation": 90, "texture": "#1_0"},
				"south": {"uv": [0, 0, 1.4, 1], "texture": "#1_0"},
				"west": {"uv": [0, 0, 1, 5], "rotation": 90, "texture": "#1_0"},
				"up": {"uv": [0, 0, 5, 1.4], "rotation": 270, "texture": "#1_0"},
				"down": {"uv": [0, 0, 5, 1.4], "rotation": 270, "texture": "#1_0"}
			}
		},
		{
			"from": [11.762, 18.434, 5.95],
			"to": [12.686, 19.094, 11.23],
			"rotation": {"angle": -45, "axis": "z", "origin": [8, 18.17, 9.25]},
			"faces": {
				"north": {"uv": [0, 0, 1, 1.4], "rotation": 90, "texture": "#1_0"},
				"east": {"uv": [0, 0, 16, 16], "rotation": 90, "texture": "#1_0"},
				"south": {"uv": [0, 0, 1.4, 1], "texture": "#1_0"},
				"west": {"uv": [0, 0, 1, 8], "rotation": 90, "texture": "#1_0"},
				"up": {"uv": [0, 0, 8, 1.4], "rotation": 270, "texture": "#1_0"},
				"down": {"uv": [0, 0, 8, 1.4], "rotation": 270, "texture": "#1_0"}
			}
		},
		{
			"from": [12.752, 17.972, 5.29],
			"to": [14.996, 18.632, 12.55],
			"rotation": {"angle": -45, "axis": "z", "origin": [8, 18.17, 9.25]},
			"faces": {
				"north": {"uv": [0, 0, 1, 3.4], "rotation": 90, "texture": "#1_0"},
				"east": {"uv": [0, 0, 16, 16], "rotation": 90, "texture": "#1_0"},
				"south": {"uv": [0, 0, 3.4, 1], "texture": "#1_0"},
				"west": {"uv": [0, 0, 1, 11], "rotation": 90, "texture": "#1_0"},
				"up": {"uv": [0, 0, 11, 3.4], "rotation": 270, "texture": "#1_0"},
				"down": {"uv": [0, 0, 11, 3.4], "rotation": 270, "texture": "#1_0"}
			}
		},
		{
			"from": [14.072, 17.972, 4.63],
			"to": [14.996, 18.632, 13.87],
			"rotation": {"angle": -45, "axis": "z", "origin": [8, 18.17, 9.25]},
			"faces": {
				"north": {"uv": [0, 0, 1, 1.4], "rotation": 90, "texture": "#1_0"},
				"east": {"uv": [0, 0, 16, 16], "rotation": 90, "texture": "#1_0"},
				"south": {"uv": [0, 0, 1.4, 1], "texture": "#1_0"},
				"west": {"uv": [0, 0, 1, 14], "rotation": 90, "texture": "#1_0"},
				"up": {"uv": [0, 0, 14, 1.4], "rotation": 270, "texture": "#1_0"},
				"down": {"uv": [0, 0, 14, 1.4], "rotation": 270, "texture": "#1_0"}
			}
		},
		{
			"from": [8.429, 19.853, 7.27],
			"to": [9.386, 20.513, 9.25],
			"rotation": {"angle": -45, "axis": "z", "origin": [8, 18.17, 7.93]},
			"faces": {
				"north": {"uv": [0, 0, 1, 1.45], "rotation": 90, "texture": "#1_0"},
				"east": {"uv": [0, 0, 16, 16], "rotation": 90, "texture": "#1_0"},
				"south": {"uv": [0, 0, 1.45, 1], "texture": "#1_0"},
				"west": {"uv": [0, 0, 1, 3], "rotation": 90, "texture": "#1_0"},
				"up": {"uv": [0, 0, 3, 1.45], "rotation": 270, "texture": "#1_0"},
				"down": {"uv": [0, 0, 3, 1.45], "rotation": 270, "texture": "#1_0"}
			}
		},
		{
			"from": [6.02, 19.853, 7.864],
			"to": [9.98, 20.513, 8.821],
			"rotation": {"angle": -45, "axis": "x", "origin": [8, 18.17, 9.25]},
			"faces": {
				"north": {"uv": [0, 0, 1, 6], "rotation": 90, "texture": "#1_0"},
				"east": {"uv": [0, 0, 1.45, 1], "texture": "#1_0"},
				"south": {"uv": [0, 0, 1, 6], "rotation": 90, "texture": "#1_0"},
				"west": {"uv": [0, 0, 1, 1.45], "rotation": 90, "texture": "#1_0"},
				"up": {"uv": [0, 0, 6, 1.45], "rotation": 180, "texture": "#1_0"},
				"down": {"uv": [0, 0, 6, 1.45], "texture": "#1_0"}
			}
		},
		{
			"from": [3.38, 17.972, 15.322],
			"to": [12.62, 18.632, 16.246],
			"rotation": {"angle": 45, "axis": "x", "origin": [8, 18.17, 9.25]},
			"faces": {
				"north": {"uv": [0, 0, 1, 14], "rotation": 90, "texture": "#1_0"},
				"east": {"uv": [0, 0, 1, 1.4], "rotation": 90, "texture": "#1_0"},
				"south": {"uv": [0, 0, 1, 14], "rotation": 90, "texture": "#1_0"},
				"west": {"uv": [0, 0, 1.4, 1], "texture": "#1_0"},
				"up": {"uv": [0, 0, 14, 1.4], "texture": "#1_0"},
				"down": {"uv": [0, 0, 14, 1.4], "rotation": 180, "texture": "#1_0"}
			}
		},
		{
			"from": [4.04, 17.51, 13.903],
			"to": [11.96, 18.17, 14.893],
			"rotation": {"angle": 45, "axis": "x", "origin": [8, 18.17, 9.25]},
			"faces": {
				"north": {"uv": [0, 0, 1, 12], "rotation": 90, "texture": "#1_0"},
				"east": {"uv": [0, 0, 1, 1.5], "rotation": 90, "texture": "#1_0"},
				"south": {"uv": [0, 0, 1, 12], "rotation": 90, "texture": "#1_0"},
				"west": {"uv": [0, 0, 1.5, 1], "texture": "#1_0"},
				"up": {"uv": [0, 0, 12, 1.5], "texture": "#1_0"},
				"down": {"uv": [0, 0, 12, 1.5], "rotation": 180, "texture": "#1_0"}
			}
		},
		{
			"from": [4.7, 17.51, 12.022],
			"to": [11.3, 18.17, 13.012],
			"rotation": {"angle": 45, "axis": "x", "origin": [8, 18.17, 9.25]},
			"faces": {
				"north": {"uv": [0, 0, 1, 10], "rotation": 90, "texture": "#1_0"},
				"east": {"uv": [0, 0, 1, 1.5], "rotation": 90, "texture": "#1_0"},
				"south": {"uv": [0, 0, 1, 10], "rotation": 90, "texture": "#1_0"},
				"west": {"uv": [0, 0, 1.5, 1], "texture": "#1_0"},
				"up": {"uv": [0, 0, 10, 1.5], "texture": "#1_0"},
				"down": {"uv": [0, 0, 10, 1.5], "rotation": 180, "texture": "#1_0"}
			}
		},
		{
			"from": [5.36, 17.51, 10.174],
			"to": [10.64, 18.17, 11.164],
			"rotation": {"angle": 45, "axis": "x", "origin": [8, 18.17, 9.25]},
			"faces": {
				"north": {"uv": [0, 0, 1, 8], "rotation": 90, "texture": "#1_0"},
				"east": {"uv": [0, 0, 1, 1.5], "rotation": 90, "texture": "#1_0"},
				"south": {"uv": [0, 0, 1, 8], "rotation": 90, "texture": "#1_0"},
				"west": {"uv": [0, 0, 1.5, 1], "texture": "#1_0"},
				"up": {"uv": [0, 0, 8, 1.5], "texture": "#1_0"},
				"down": {"uv": [0, 0, 8, 1.5], "rotation": 180, "texture": "#1_0"}
			}
		},
		{
			"from": [6.02, 18.434, 8.26],
			"to": [9.98, 19.094, 9.25],
			"rotation": {"angle": 45, "axis": "x", "origin": [8, 18.17, 9.25]},
			"faces": {
				"north": {"uv": [0, 0, 1, 6], "rotation": 90, "texture": "#1_0"},
				"east": {"uv": [0, 0, 1, 1.5], "rotation": 90, "texture": "#1_0"},
				"south": {"uv": [0, 0, 1, 6], "rotation": 90, "texture": "#1_0"},
				"west": {"uv": [0, 0, 1.5, 1], "texture": "#1_0"},
				"up": {"uv": [0, 0, 6, 1.5], "texture": "#1_0"},
				"down": {"uv": [0, 0, 6, 1.5], "rotation": 180, "texture": "#1_0"}
			}
		},
		{
			"from": [7.34, 20.909, 10.438],
			"to": [8.66, 22.229, 13.738],
			"rotation": {"angle": 22.5, "axis": "x", "origin": [8, 18.17, 9.25]},
			"faces": {
				"north": {"uv": [0, 0, 2, 2], "rotation": 90, "texture": "#1_0"},
				"east": {"uv": [0, 0, 4, 2], "rotation": 90, "texture": "#1_0"},
				"south": {"uv": [0, 0, 2, 2], "rotation": 90, "texture": "#1_0"},
				"west": {"uv": [0, 0, 5, 2], "texture": "#1_0"},
				"up": {"uv": [0, 0, 2, 5], "texture": "#1_0"},
				"down": {"uv": [0, 0, 2, 5], "rotation": 180, "texture": "#1_0"}
			}
		},
		{
			"from": [6.68, 19.094, 10.009],
			"to": [9.32, 19.754, 12.2728],
			"rotation": {"angle": -45, "axis": "x", "origin": [8, 18.17, 9.25]},
			"faces": {
				"north": {"uv": [0, 0, 1, 4], "rotation": 90, "texture": "#1_0"},
				"east": {"uv": [0, 0, 4, 2], "texture": "#1_0"},
				"south": {"uv": [0, 0, 1, 4], "rotation": 90, "texture": "#1_0"},
				"west": {"uv": [0, 0, 1, 3.43], "rotation": 90, "texture": "#1_0"},
				"up": {"uv": [0, 0, 4, 3.43], "rotation": 180, "texture": "#1_0"},
				"down": {"uv": [0, 0, 4, 3.43], "texture": "#1_0"}
			}
		},
		{
			"from": [6.68, 19.82, 10.669],
			"to": [9.32, 20.48, 11.6128],
			"rotation": {"angle": -45, "axis": "x", "origin": [8, 18.17, 9.25]},
			"faces": {
				"north": {"uv": [0, 0, 1, 4], "rotation": 90, "texture": "#1_0"},
				"east": {"uv": [0, 0, 4, 2], "texture": "#1_0"},
				"south": {"uv": [0, 0, 1, 4], "rotation": 90, "texture": "#1_0"},
				"west": {"uv": [0, 0, 1, 1.43], "rotation": 90, "texture": "#1_0"},
				"up": {"uv": [0, 0, 4, 1.43], "rotation": 180, "texture": "#1_0"},
				"down": {"uv": [0, 0, 4, 1.43], "texture": "#1_0"}
			}
		},
		{
			"from": [5.2148, 18.1568, 7.93],
			"to": [5.8748, 19.1138, 8.887],
			"rotation": {"angle": -45, "axis": "z", "origin": [8, 18.17, 9.25]},
			"faces": {
				"north": {"uv": [0, 0, 1.45, 1], "rotation": 90, "texture": "#1_0"},
				"east": {"uv": [0, 0, 4, 2], "texture": "#1_0"},
				"south": {"uv": [0, 0, 1, 1.45], "texture": "#1_0"},
				"west": {"uv": [0, 0, 1.45, 1.45], "texture": "#1_0"},
				"up": {"uv": [0, 0, 1, 1.45], "texture": "#1_0"},
				"down": {"uv": [0, 0, 1, 1.45], "texture": "#1_0"}
			}
		},
		{
			"from": [7.043, 20.2886, 7.93],
			"to": [8, 20.9486, 9.25],
			"rotation": {"angle": -45, "axis": "z", "origin": [8, 18.17, 7.93]},
			"faces": {
				"north": {"uv": [0, 0, 1, 1.45], "rotation": 90, "texture": "#1_0"},
				"east": {"uv": [0, 0, 4, 2], "rotation": 90, "texture": "#1_0"},
				"south": {"uv": [0, 0, 1.45, 1], "texture": "#1_0"},
				"west": {"uv": [0, 0, 1, 2], "rotation": 90, "texture": "#1_0"},
				"up": {"uv": [0, 0, 2, 1.45], "rotation": 270, "texture": "#1_0"},
				"down": {"uv": [0, 0, 2, 1.45], "rotation": 270, "texture": "#1_0"}
			}
		},
		{
			"from": [6.68, 20.3018, 9.25],
			"to": [9.32, 20.9618, 10.1938],
			"rotation": {"angle": -45, "axis": "x", "origin": [8, 18.17, 9.25]},
			"faces": {
				"north": {"uv": [0, 0, 1, 4], "rotation": 90, "texture": "#1_0"},
				"east": {"uv": [0, 0, 4, 2], "texture": "#1_0"},
				"south": {"uv": [0, 0, 1, 4], "rotation": 90, "texture": "#1_0"},
				"west": {"uv": [0, 0, 1, 1.43], "rotation": 90, "texture": "#1_0"},
				"up": {"uv": [0, 0, 3, 1.45], "rotation": 90, "texture": "#1_0"},
				"down": {"uv": [0, 0, 4, 1.43], "texture": "#1_0"}
			}
		}
	],
	"display": {
		"thirdperson_righthand": {
			"rotation": [102, 4, 0],
			"translation": [0, -1.5, 13.5],
			"scale": [0.16, 0.16, 0.16]
		},
		"thirdperson_lefthand": {
			"rotation": [102, 4, 0],
			"translation": [0, -1.5, 13.75],
			"scale": [0.16, 0.16, 0.16]
		},
		"firstperson_righthand": {
			"rotation": [0, 133, 0],
			"scale": [0.3, 0.3, 0.3]
		},
		"firstperson_lefthand": {
			"rotation": [0, 133, 0],
			"scale": [0.3, 0.3, 0.3]
		},
		"ground": {
			"scale": [0.6, 0.6, 0.6]
		},
		"gui": {
			"rotation": [0, -180, 0],
			"translation": [0, 2, 0],
			"scale": [0.36, 0.36, 0.36]
		},
		"head": {
			"rotation": [0, -6, -5],
			"translation": [2.25, 26, 1.5],
			"scale": [1.5, 1, 1.5]
		},
		"fixed": {
			"rotation": [0, -116, 2],
			"translation": [-6.75, 29.25, 9.25],
			"scale": [0.59, 0.59, 0.59]
		}
	},
	"groups": [0, 1, 2, 3,
		{
			"name": "witch_hat",
			"origin": [8, 8, 8],
			"children": [
				{
					"name": "group",
					"origin": [8, 8, 8],
					"children": [4, 5, 6, 7]
				},
				{
					"name": "group",
					"origin": [8, 8, 8],
					"children": [8, 9, 10, 11, 12, 13, 14, 15, 16, 17]
				},
				{
					"name": "group",
					"origin": [8, 8, 8],
					"children": [18, 19, 20, 21, 22]
				},
				{
					"name": "group",
					"origin": [8, 8, 8],
					"children": [23, 24, 25, 26, 27]
				},
				{
					"name": "group",
					"origin": [8, 8, 8],
					"children": [28, 29, 30, 31, 32, 33]
				},
				{
					"name": "group",
					"origin": [8, 8, 8],
					"children": [34, 35, 36, 37, 38, 39]
				}
			]
		}
	]
}