{
	"credit": "Made with Blockbench",
	"textures": {
		"0": "items/poi/triangle_hat1",
		"particle": "items/poi/triangle_hat1"
	},
	"elements": [
		{
			"from": [0, 0, 6],
			"to": [1, 1, 10],
			"faces": {
				"north": {"uv": [12, 15, 16, 16], "rotation": 270, "texture": "#0"},
				"east": {"uv": [12, 15, 16, 16], "rotation": 270, "texture": "#0"},
				"south": {"uv": [12, 15, 16, 16], "rotation": 270, "texture": "#0"},
				"west": {"uv": [12, 15, 16, 16], "rotation": 270, "texture": "#0"},
				"up": {"uv": [12, 15, 16, 16], "rotation": 270, "texture": "#0"},
				"down": {"uv": [12, 15, 16, 16], "rotation": 270, "texture": "#0"}
			}
		},
		{
			"from": [4, 0, 1],
			"to": [6, 1, 2],
			"faces": {
				"north": {"uv": [12, 15, 16, 16], "texture": "#0"},
				"east": {"uv": [12, 15, 16, 16], "texture": "#0"},
				"south": {"uv": [12, 15, 16, 16], "texture": "#0"},
				"west": {"uv": [12, 15, 16, 16], "texture": "#0"},
				"up": {"uv": [12, 15, 16, 16], "texture": "#0"},
				"down": {"uv": [12, 15, 16, 16], "texture": "#0"}
			}
		},
		{
			"from": [1, 0, 4],
			"to": [2, 1, 6],
			"faces": {
				"north": {"uv": [12, 15, 16, 16], "texture": "#0"},
				"east": {"uv": [12, 15, 16, 16], "texture": "#0"},
				"south": {"uv": [12, 15, 16, 16], "texture": "#0"},
				"west": {"uv": [12, 15, 16, 16], "texture": "#0"},
				"up": {"uv": [12, 15, 16, 16], "texture": "#0"},
				"down": {"uv": [12, 15, 16, 16], "texture": "#0"}
			}
		},
		{
			"from": [3, 0, 2],
			"to": [4, 1, 3],
			"faces": {
				"north": {"uv": [12, 15, 16, 16], "texture": "#0"},
				"east": {"uv": [12, 15, 16, 16], "texture": "#0"},
				"south": {"uv": [12, 15, 16, 16], "texture": "#0"},
				"west": {"uv": [12, 15, 16, 16], "texture": "#0"},
				"up": {"uv": [12, 15, 16, 16], "texture": "#0"},
				"down": {"uv": [12, 15, 16, 16], "texture": "#0"}
			}
		},
		{
			"from": [2, 0, 3],
			"to": [3, 1, 4],
			"faces": {
				"north": {"uv": [12, 15, 16, 16], "texture": "#0"},
				"east": {"uv": [12, 15, 16, 16], "texture": "#0"},
				"south": {"uv": [12, 15, 16, 16], "texture": "#0"},
				"west": {"uv": [12, 15, 16, 16], "texture": "#0"},
				"up": {"uv": [12, 15, 16, 16], "texture": "#0"},
				"down": {"uv": [12, 15, 16, 16], "texture": "#0"}
			}
		},
		{
			"from": [12, 0, 2],
			"to": [13, 1, 3],
			"faces": {
				"north": {"uv": [12, 15, 16, 16], "rotation": 90, "texture": "#0"},
				"east": {"uv": [12, 15, 16, 16], "rotation": 90, "texture": "#0"},
				"south": {"uv": [12, 15, 16, 16], "rotation": 90, "texture": "#0"},
				"west": {"uv": [12, 15, 16, 16], "rotation": 90, "texture": "#0"},
				"up": {"uv": [12, 15, 16, 16], "rotation": 90, "texture": "#0"},
				"down": {"uv": [12, 15, 16, 16], "rotation": 90, "texture": "#0"}
			}
		},
		{
			"from": [15, 0, 6],
			"to": [16, 1, 10],
			"faces": {
				"north": {"uv": [12, 15, 16, 16], "rotation": 90, "texture": "#0"},
				"east": {"uv": [12, 15, 16, 16], "rotation": 90, "texture": "#0"},
				"south": {"uv": [12, 15, 16, 16], "rotation": 90, "texture": "#0"},
				"west": {"uv": [12, 15, 16, 16], "rotation": 90, "texture": "#0"},
				"up": {"uv": [12, 15, 16, 16], "rotation": 90, "texture": "#0"},
				"down": {"uv": [12, 15, 16, 16], "rotation": 90, "texture": "#0"}
			}
		},
		{
			"from": [6, 0, 0],
			"to": [10, 1, 1],
			"faces": {
				"north": {"uv": [12, 15, 16, 16], "rotation": 180, "texture": "#0"},
				"east": {"uv": [12, 15, 16, 16], "rotation": 180, "texture": "#0"},
				"south": {"uv": [12, 15, 16, 16], "rotation": 180, "texture": "#0"},
				"west": {"uv": [12, 15, 16, 16], "rotation": 180, "texture": "#0"},
				"up": {"uv": [12, 15, 16, 16], "rotation": 180, "texture": "#0"},
				"down": {"uv": [12, 15, 16, 16], "rotation": 180, "texture": "#0"}
			}
		},
		{
			"from": [14, 0, 4],
			"to": [15, 1, 6],
			"faces": {
				"north": {"uv": [12, 15, 16, 16], "rotation": 90, "texture": "#0"},
				"east": {"uv": [12, 15, 16, 16], "rotation": 90, "texture": "#0"},
				"south": {"uv": [12, 15, 16, 16], "rotation": 90, "texture": "#0"},
				"west": {"uv": [12, 15, 16, 16], "rotation": 90, "texture": "#0"},
				"up": {"uv": [12, 15, 16, 16], "rotation": 90, "texture": "#0"},
				"down": {"uv": [12, 15, 16, 16], "rotation": 90, "texture": "#0"}
			}
		},
		{
			"from": [10, 0, 1],
			"to": [12, 1, 2],
			"faces": {
				"north": {"uv": [12, 15, 16, 16], "rotation": 90, "texture": "#0"},
				"east": {"uv": [12, 15, 16, 16], "rotation": 90, "texture": "#0"},
				"south": {"uv": [12, 15, 16, 16], "rotation": 90, "texture": "#0"},
				"west": {"uv": [12, 15, 16, 16], "rotation": 90, "texture": "#0"},
				"up": {"uv": [12, 15, 16, 16], "rotation": 90, "texture": "#0"},
				"down": {"uv": [12, 15, 16, 16], "rotation": 90, "texture": "#0"}
			}
		},
		{
			"from": [13, 0, 3],
			"to": [14, 1, 4],
			"faces": {
				"north": {"uv": [12, 15, 16, 16], "rotation": 90, "texture": "#0"},
				"east": {"uv": [12, 15, 16, 16], "rotation": 90, "texture": "#0"},
				"south": {"uv": [12, 15, 16, 16], "rotation": 90, "texture": "#0"},
				"west": {"uv": [12, 15, 16, 16], "rotation": 90, "texture": "#0"},
				"up": {"uv": [12, 15, 16, 16], "rotation": 90, "texture": "#0"},
				"down": {"uv": [12, 15, 16, 16], "rotation": 90, "texture": "#0"}
			}
		},
		{
			"from": [14, 0, 10],
			"to": [15, 1, 12],
			"faces": {
				"north": {"uv": [12, 15, 16, 16], "rotation": 180, "texture": "#0"},
				"east": {"uv": [12, 15, 16, 16], "rotation": 180, "texture": "#0"},
				"south": {"uv": [12, 15, 16, 16], "rotation": 180, "texture": "#0"},
				"west": {"uv": [12, 15, 16, 16], "rotation": 180, "texture": "#0"},
				"up": {"uv": [12, 15, 16, 16], "rotation": 180, "texture": "#0"},
				"down": {"uv": [12, 15, 16, 16], "rotation": 180, "texture": "#0"}
			}
		},
		{
			"from": [13, 0, 12],
			"to": [14, 1, 13],
			"faces": {
				"north": {"uv": [12, 15, 16, 16], "rotation": 180, "texture": "#0"},
				"east": {"uv": [12, 15, 16, 16], "rotation": 180, "texture": "#0"},
				"south": {"uv": [12, 15, 16, 16], "rotation": 180, "texture": "#0"},
				"west": {"uv": [12, 15, 16, 16], "rotation": 180, "texture": "#0"},
				"up": {"uv": [12, 15, 16, 16], "rotation": 180, "texture": "#0"},
				"down": {"uv": [12, 15, 16, 16], "rotation": 180, "texture": "#0"}
			}
		},
		{
			"from": [12, 0, 13],
			"to": [13, 1, 14],
			"faces": {
				"north": {"uv": [12, 15, 16, 16], "rotation": 180, "texture": "#0"},
				"east": {"uv": [12, 15, 16, 16], "rotation": 180, "texture": "#0"},
				"south": {"uv": [12, 15, 16, 16], "rotation": 180, "texture": "#0"},
				"west": {"uv": [12, 15, 16, 16], "rotation": 180, "texture": "#0"},
				"up": {"uv": [12, 15, 16, 16], "rotation": 180, "texture": "#0"},
				"down": {"uv": [12, 15, 16, 16], "rotation": 180, "texture": "#0"}
			}
		},
		{
			"from": [10, 0, 14],
			"to": [12, 1, 15],
			"faces": {
				"north": {"uv": [12, 15, 16, 16], "rotation": 180, "texture": "#0"},
				"east": {"uv": [12, 15, 16, 16], "rotation": 180, "texture": "#0"},
				"south": {"uv": [12, 15, 16, 16], "rotation": 180, "texture": "#0"},
				"west": {"uv": [12, 15, 16, 16], "rotation": 180, "texture": "#0"},
				"up": {"uv": [12, 15, 16, 16], "rotation": 180, "texture": "#0"},
				"down": {"uv": [12, 15, 16, 16], "rotation": 180, "texture": "#0"}
			}
		},
		{
			"from": [6, 0, 15],
			"to": [10, 1, 16],
			"faces": {
				"north": {"uv": [12, 15, 16, 16], "rotation": 180, "texture": "#0"},
				"east": {"uv": [12, 15, 16, 16], "rotation": 180, "texture": "#0"},
				"south": {"uv": [12, 15, 16, 16], "rotation": 180, "texture": "#0"},
				"west": {"uv": [12, 15, 16, 16], "rotation": 180, "texture": "#0"},
				"up": {"uv": [12, 15, 16, 16], "rotation": 180, "texture": "#0"},
				"down": {"uv": [12, 15, 16, 16], "rotation": 180, "texture": "#0"}
			}
		},
		{
			"from": [4, 0, 14],
			"to": [6, 1, 15],
			"faces": {
				"north": {"uv": [12, 15, 16, 16], "rotation": 270, "texture": "#0"},
				"east": {"uv": [12, 15, 16, 16], "rotation": 270, "texture": "#0"},
				"south": {"uv": [12, 15, 16, 16], "rotation": 270, "texture": "#0"},
				"west": {"uv": [12, 15, 16, 16], "rotation": 270, "texture": "#0"},
				"up": {"uv": [12, 15, 16, 16], "rotation": 270, "texture": "#0"},
				"down": {"uv": [12, 15, 16, 16], "rotation": 270, "texture": "#0"}
			}
		},
		{
			"from": [3, 0, 13],
			"to": [4, 1, 14],
			"faces": {
				"north": {"uv": [12, 15, 16, 16], "rotation": 270, "texture": "#0"},
				"east": {"uv": [12, 15, 16, 16], "rotation": 270, "texture": "#0"},
				"south": {"uv": [12, 15, 16, 16], "rotation": 270, "texture": "#0"},
				"west": {"uv": [12, 15, 16, 16], "rotation": 270, "texture": "#0"},
				"up": {"uv": [12, 15, 16, 16], "rotation": 270, "texture": "#0"},
				"down": {"uv": [12, 15, 16, 16], "rotation": 270, "texture": "#0"}
			}
		},
		{
			"from": [2, 0, 12],
			"to": [3, 1, 13],
			"faces": {
				"north": {"uv": [12, 15, 16, 16], "rotation": 270, "texture": "#0"},
				"east": {"uv": [12, 15, 16, 16], "rotation": 270, "texture": "#0"},
				"south": {"uv": [12, 15, 16, 16], "rotation": 270, "texture": "#0"},
				"west": {"uv": [12, 15, 16, 16], "rotation": 270, "texture": "#0"},
				"up": {"uv": [12, 15, 16, 16], "rotation": 270, "texture": "#0"},
				"down": {"uv": [12, 15, 16, 16], "rotation": 270, "texture": "#0"}
			}
		},
		{
			"from": [1, 0, 10],
			"to": [2, 1, 12],
			"faces": {
				"north": {"uv": [12, 15, 16, 16], "rotation": 270, "texture": "#0"},
				"east": {"uv": [12, 15, 16, 16], "rotation": 270, "texture": "#0"},
				"south": {"uv": [12, 15, 16, 16], "rotation": 270, "texture": "#0"},
				"west": {"uv": [12, 15, 16, 16], "rotation": 270, "texture": "#0"},
				"up": {"uv": [12, 15, 16, 16], "rotation": 270, "texture": "#0"},
				"down": {"uv": [12, 15, 16, 16], "rotation": 270, "texture": "#0"}
			}
		},
		{
			"from": [-1, 1, 6],
			"to": [0, 2, 10],
			"faces": {
				"north": {"uv": [12, 15, 16, 16], "rotation": 270, "texture": "#0"},
				"east": {"uv": [12, 15, 16, 16], "rotation": 270, "texture": "#0"},
				"south": {"uv": [12, 15, 16, 16], "rotation": 270, "texture": "#0"},
				"west": {"uv": [12, 15, 16, 16], "rotation": 270, "texture": "#0"},
				"up": {"uv": [12, 15, 16, 16], "rotation": 270, "texture": "#0"},
				"down": {"uv": [12, 15, 16, 16], "rotation": 270, "texture": "#0"}
			}
		},
		{
			"from": [4, 1, 0],
			"to": [6, 2, 1],
			"rotation": {"angle": 0, "axis": "y", "origin": [8, 8, 7]},
			"faces": {
				"north": {"uv": [12, 15, 16, 16], "texture": "#0"},
				"east": {"uv": [12, 15, 16, 16], "texture": "#0"},
				"south": {"uv": [12, 15, 16, 16], "texture": "#0"},
				"west": {"uv": [12, 15, 16, 16], "texture": "#0"},
				"up": {"uv": [12, 15, 16, 16], "texture": "#0"},
				"down": {"uv": [12, 15, 16, 16], "texture": "#0"}
			}
		},
		{
			"from": [0, 1, 4],
			"to": [1, 2, 6],
			"faces": {
				"north": {"uv": [12, 15, 16, 16], "texture": "#0"},
				"east": {"uv": [12, 15, 16, 16], "texture": "#0"},
				"south": {"uv": [12, 15, 16, 16], "texture": "#0"},
				"west": {"uv": [12, 15, 16, 16], "texture": "#0"},
				"up": {"uv": [12, 15, 16, 16], "texture": "#0"},
				"down": {"uv": [12, 15, 16, 16], "texture": "#0"}
			}
		},
		{
			"from": [3, 1, 1],
			"to": [4, 2, 2],
			"rotation": {"angle": 0, "axis": "y", "origin": [8, 8, 7]},
			"faces": {
				"north": {"uv": [12, 15, 16, 16], "texture": "#0"},
				"east": {"uv": [12, 15, 16, 16], "texture": "#0"},
				"south": {"uv": [12, 15, 16, 16], "texture": "#0"},
				"west": {"uv": [12, 15, 16, 16], "texture": "#0"},
				"up": {"uv": [12, 15, 16, 16], "texture": "#0"},
				"down": {"uv": [12, 15, 16, 16], "texture": "#0"}
			}
		},
		{
			"from": [1, 1, 3],
			"to": [2, 2, 4],
			"faces": {
				"north": {"uv": [12, 15, 16, 16], "texture": "#0"},
				"east": {"uv": [12, 15, 16, 16], "texture": "#0"},
				"south": {"uv": [12, 15, 16, 16], "texture": "#0"},
				"west": {"uv": [12, 15, 16, 16], "texture": "#0"},
				"up": {"uv": [12, 15, 16, 16], "texture": "#0"},
				"down": {"uv": [12, 15, 16, 16], "texture": "#0"}
			}
		},
		{
			"from": [2, 1, 2],
			"to": [3, 2, 3],
			"rotation": {"angle": 0, "axis": "y", "origin": [8, 8, 7]},
			"faces": {
				"north": {"uv": [12, 15, 16, 16], "texture": "#0"},
				"east": {"uv": [12, 15, 16, 16], "texture": "#0"},
				"south": {"uv": [12, 15, 16, 16], "texture": "#0"},
				"west": {"uv": [12, 15, 16, 16], "texture": "#0"},
				"up": {"uv": [12, 15, 16, 16], "texture": "#0"},
				"down": {"uv": [12, 15, 16, 16], "texture": "#0"}
			}
		},
		{
			"from": [6, 1, -1],
			"to": [10, 2, 0],
			"rotation": {"angle": 0, "axis": "y", "origin": [8, 8, 7]},
			"faces": {
				"north": {"uv": [12, 15, 16, 16], "rotation": 180, "texture": "#0"},
				"east": {"uv": [12, 15, 16, 16], "rotation": 180, "texture": "#0"},
				"south": {"uv": [12, 15, 16, 16], "rotation": 180, "texture": "#0"},
				"west": {"uv": [12, 15, 16, 16], "rotation": 180, "texture": "#0"},
				"up": {"uv": [12, 15, 16, 16], "rotation": 180, "texture": "#0"},
				"down": {"uv": [12, 15, 16, 16], "rotation": 180, "texture": "#0"}
			}
		},
		{
			"from": [4, 1, 15],
			"to": [6, 2, 16],
			"rotation": {"angle": 0, "axis": "y", "origin": [8, 8, 9]},
			"faces": {
				"north": {"uv": [12, 15, 16, 16], "rotation": 270, "texture": "#0"},
				"east": {"uv": [12, 15, 16, 16], "rotation": 270, "texture": "#0"},
				"south": {"uv": [12, 15, 16, 16], "rotation": 270, "texture": "#0"},
				"west": {"uv": [12, 15, 16, 16], "rotation": 270, "texture": "#0"},
				"up": {"uv": [12, 15, 16, 16], "rotation": 270, "texture": "#0"},
				"down": {"uv": [12, 15, 16, 16], "rotation": 270, "texture": "#0"}
			}
		},
		{
			"from": [3, 1, 14],
			"to": [4, 2, 15],
			"rotation": {"angle": 0, "axis": "y", "origin": [8, 8, 9]},
			"faces": {
				"north": {"uv": [12, 15, 16, 16], "rotation": 270, "texture": "#0"},
				"east": {"uv": [12, 15, 16, 16], "rotation": 270, "texture": "#0"},
				"south": {"uv": [12, 15, 16, 16], "rotation": 270, "texture": "#0"},
				"west": {"uv": [12, 15, 16, 16], "rotation": 270, "texture": "#0"},
				"up": {"uv": [12, 15, 16, 16], "rotation": 270, "texture": "#0"},
				"down": {"uv": [12, 15, 16, 16], "rotation": 270, "texture": "#0"}
			}
		},
		{
			"from": [1, 1, 12],
			"to": [2, 2, 13],
			"faces": {
				"north": {"uv": [12, 15, 16, 16], "rotation": 270, "texture": "#0"},
				"east": {"uv": [12, 15, 16, 16], "rotation": 270, "texture": "#0"},
				"south": {"uv": [12, 15, 16, 16], "rotation": 270, "texture": "#0"},
				"west": {"uv": [12, 15, 16, 16], "rotation": 270, "texture": "#0"},
				"up": {"uv": [12, 15, 16, 16], "rotation": 270, "texture": "#0"},
				"down": {"uv": [12, 15, 16, 16], "rotation": 270, "texture": "#0"}
			}
		},
		{
			"from": [2, 1, 13],
			"to": [3, 2, 14],
			"rotation": {"angle": 0, "axis": "y", "origin": [8, 8, 9]},
			"faces": {
				"north": {"uv": [12, 15, 16, 16], "rotation": 270, "texture": "#0"},
				"east": {"uv": [12, 15, 16, 16], "rotation": 270, "texture": "#0"},
				"south": {"uv": [12, 15, 16, 16], "rotation": 270, "texture": "#0"},
				"west": {"uv": [12, 15, 16, 16], "rotation": 270, "texture": "#0"},
				"up": {"uv": [12, 15, 16, 16], "rotation": 270, "texture": "#0"},
				"down": {"uv": [12, 15, 16, 16], "rotation": 270, "texture": "#0"}
			}
		},
		{
			"from": [0, 1, 10],
			"to": [1, 2, 12],
			"faces": {
				"north": {"uv": [12, 15, 16, 16], "rotation": 270, "texture": "#0"},
				"east": {"uv": [12, 15, 16, 16], "rotation": 270, "texture": "#0"},
				"south": {"uv": [12, 15, 16, 16], "rotation": 270, "texture": "#0"},
				"west": {"uv": [12, 15, 16, 16], "rotation": 270, "texture": "#0"},
				"up": {"uv": [12, 15, 16, 16], "rotation": 270, "texture": "#0"},
				"down": {"uv": [12, 15, 16, 16], "rotation": 270, "texture": "#0"}
			}
		},
		{
			"from": [15, 1, 10],
			"to": [16, 2, 12],
			"faces": {
				"north": {"uv": [12, 15, 16, 16], "rotation": 270, "texture": "#0"},
				"east": {"uv": [12, 15, 16, 16], "rotation": 270, "texture": "#0"},
				"south": {"uv": [12, 15, 16, 16], "rotation": 270, "texture": "#0"},
				"west": {"uv": [12, 15, 16, 16], "rotation": 270, "texture": "#0"},
				"up": {"uv": [12, 15, 16, 16], "rotation": 270, "texture": "#0"},
				"down": {"uv": [12, 15, 16, 16], "rotation": 270, "texture": "#0"}
			}
		},
		{
			"from": [13, 1, 13],
			"to": [14, 2, 14],
			"rotation": {"angle": 0, "axis": "y", "origin": [8, 8, 9]},
			"faces": {
				"north": {"uv": [12, 15, 16, 16], "rotation": 270, "texture": "#0"},
				"east": {"uv": [12, 15, 16, 16], "rotation": 270, "texture": "#0"},
				"south": {"uv": [12, 15, 16, 16], "rotation": 270, "texture": "#0"},
				"west": {"uv": [12, 15, 16, 16], "rotation": 270, "texture": "#0"},
				"up": {"uv": [12, 15, 16, 16], "rotation": 270, "texture": "#0"},
				"down": {"uv": [12, 15, 16, 16], "rotation": 270, "texture": "#0"}
			}
		},
		{
			"from": [14, 1, 12],
			"to": [15, 2, 13],
			"faces": {
				"north": {"uv": [12, 15, 16, 16], "rotation": 270, "texture": "#0"},
				"east": {"uv": [12, 15, 16, 16], "rotation": 270, "texture": "#0"},
				"south": {"uv": [12, 15, 16, 16], "rotation": 270, "texture": "#0"},
				"west": {"uv": [12, 15, 16, 16], "rotation": 270, "texture": "#0"},
				"up": {"uv": [12, 15, 16, 16], "rotation": 270, "texture": "#0"},
				"down": {"uv": [12, 15, 16, 16], "rotation": 270, "texture": "#0"}
			}
		},
		{
			"from": [12, 1, 14],
			"to": [13, 2, 15],
			"rotation": {"angle": 0, "axis": "y", "origin": [8, 8, 9]},
			"faces": {
				"north": {"uv": [12, 15, 16, 16], "rotation": 270, "texture": "#0"},
				"east": {"uv": [12, 15, 16, 16], "rotation": 270, "texture": "#0"},
				"south": {"uv": [12, 15, 16, 16], "rotation": 270, "texture": "#0"},
				"west": {"uv": [12, 15, 16, 16], "rotation": 270, "texture": "#0"},
				"up": {"uv": [12, 15, 16, 16], "rotation": 270, "texture": "#0"},
				"down": {"uv": [12, 15, 16, 16], "rotation": 270, "texture": "#0"}
			}
		},
		{
			"from": [10, 1, 15],
			"to": [12, 2, 16],
			"rotation": {"angle": 0, "axis": "y", "origin": [8, 8, 9]},
			"faces": {
				"north": {"uv": [12, 15, 16, 16], "rotation": 270, "texture": "#0"},
				"east": {"uv": [12, 15, 16, 16], "rotation": 270, "texture": "#0"},
				"south": {"uv": [12, 15, 16, 16], "rotation": 270, "texture": "#0"},
				"west": {"uv": [12, 15, 16, 16], "rotation": 270, "texture": "#0"},
				"up": {"uv": [12, 15, 16, 16], "rotation": 270, "texture": "#0"},
				"down": {"uv": [12, 15, 16, 16], "rotation": 270, "texture": "#0"}
			}
		},
		{
			"from": [6, 1, 16],
			"to": [10, 2, 17],
			"rotation": {"angle": 0, "axis": "y", "origin": [8, 8, 9]},
			"faces": {
				"north": {"uv": [12, 15, 16, 16], "rotation": 180, "texture": "#0"},
				"east": {"uv": [12, 15, 16, 16], "rotation": 180, "texture": "#0"},
				"south": {"uv": [12, 15, 16, 16], "rotation": 180, "texture": "#0"},
				"west": {"uv": [12, 15, 16, 16], "rotation": 180, "texture": "#0"},
				"up": {"uv": [12, 15, 16, 16], "rotation": 180, "texture": "#0"},
				"down": {"uv": [12, 15, 16, 16], "rotation": 180, "texture": "#0"}
			}
		},
		{
			"from": [6, 1, -1],
			"to": [10, 2, 0],
			"rotation": {"angle": 0, "axis": "y", "origin": [8, 8, 7]},
			"faces": {
				"north": {"uv": [12, 15, 16, 16], "rotation": 180, "texture": "#0"},
				"east": {"uv": [12, 15, 16, 16], "rotation": 180, "texture": "#0"},
				"south": {"uv": [12, 15, 16, 16], "rotation": 180, "texture": "#0"},
				"west": {"uv": [12, 15, 16, 16], "rotation": 180, "texture": "#0"},
				"up": {"uv": [12, 15, 16, 16], "rotation": 180, "texture": "#0"},
				"down": {"uv": [12, 15, 16, 16], "rotation": 180, "texture": "#0"}
			}
		},
		{
			"from": [6, 1, -1],
			"to": [10, 2, 0],
			"rotation": {"angle": 0, "axis": "y", "origin": [8, 8, 7]},
			"faces": {
				"north": {"uv": [12, 15, 16, 16], "rotation": 180, "texture": "#0"},
				"east": {"uv": [12, 15, 16, 16], "rotation": 180, "texture": "#0"},
				"south": {"uv": [12, 15, 16, 16], "rotation": 180, "texture": "#0"},
				"west": {"uv": [12, 15, 16, 16], "rotation": 180, "texture": "#0"},
				"up": {"uv": [12, 15, 16, 16], "rotation": 180, "texture": "#0"},
				"down": {"uv": [12, 15, 16, 16], "rotation": 180, "texture": "#0"}
			}
		},
		{
			"from": [13, 1, 2],
			"to": [14, 2, 3],
			"rotation": {"angle": 0, "axis": "y", "origin": [8, 8, 7]},
			"faces": {
				"north": {"uv": [12, 15, 16, 16], "texture": "#0"},
				"east": {"uv": [12, 15, 16, 16], "texture": "#0"},
				"south": {"uv": [12, 15, 16, 16], "texture": "#0"},
				"west": {"uv": [12, 15, 16, 16], "texture": "#0"},
				"up": {"uv": [12, 15, 16, 16], "texture": "#0"},
				"down": {"uv": [12, 15, 16, 16], "texture": "#0"}
			}
		},
		{
			"from": [14, 1, 3],
			"to": [15, 2, 4],
			"faces": {
				"north": {"uv": [12, 15, 16, 16], "texture": "#0"},
				"east": {"uv": [12, 15, 16, 16], "texture": "#0"},
				"south": {"uv": [12, 15, 16, 16], "texture": "#0"},
				"west": {"uv": [12, 15, 16, 16], "texture": "#0"},
				"up": {"uv": [12, 15, 16, 16], "texture": "#0"},
				"down": {"uv": [12, 15, 16, 16], "texture": "#0"}
			}
		},
		{
			"from": [12, 1, 1],
			"to": [13, 2, 2],
			"rotation": {"angle": 0, "axis": "y", "origin": [8, 8, 7]},
			"faces": {
				"north": {"uv": [12, 15, 16, 16], "texture": "#0"},
				"east": {"uv": [12, 15, 16, 16], "texture": "#0"},
				"south": {"uv": [12, 15, 16, 16], "texture": "#0"},
				"west": {"uv": [12, 15, 16, 16], "texture": "#0"},
				"up": {"uv": [12, 15, 16, 16], "texture": "#0"},
				"down": {"uv": [12, 15, 16, 16], "texture": "#0"}
			}
		},
		{
			"from": [15, 1, 4],
			"to": [16, 2, 6],
			"faces": {
				"north": {"uv": [12, 15, 16, 16], "texture": "#0"},
				"east": {"uv": [12, 15, 16, 16], "texture": "#0"},
				"south": {"uv": [12, 15, 16, 16], "texture": "#0"},
				"west": {"uv": [12, 15, 16, 16], "texture": "#0"},
				"up": {"uv": [12, 15, 16, 16], "texture": "#0"},
				"down": {"uv": [12, 15, 16, 16], "texture": "#0"}
			}
		},
		{
			"from": [10, 1, 0],
			"to": [12, 2, 1],
			"rotation": {"angle": 0, "axis": "y", "origin": [8, 8, 7]},
			"faces": {
				"north": {"uv": [12, 15, 16, 16], "texture": "#0"},
				"east": {"uv": [12, 15, 16, 16], "texture": "#0"},
				"south": {"uv": [12, 15, 16, 16], "texture": "#0"},
				"west": {"uv": [12, 15, 16, 16], "texture": "#0"},
				"up": {"uv": [12, 15, 16, 16], "texture": "#0"},
				"down": {"uv": [12, 15, 16, 16], "texture": "#0"}
			}
		},
		{
			"from": [16, 1, 6],
			"to": [17, 2, 10],
			"faces": {
				"north": {"uv": [12, 15, 16, 16], "rotation": 270, "texture": "#0"},
				"east": {"uv": [12, 15, 16, 16], "rotation": 270, "texture": "#0"},
				"south": {"uv": [12, 15, 16, 16], "rotation": 270, "texture": "#0"},
				"west": {"uv": [12, 15, 16, 16], "rotation": 270, "texture": "#0"},
				"up": {"uv": [12, 15, 16, 16], "rotation": 270, "texture": "#0"},
				"down": {"uv": [12, 15, 16, 16], "rotation": 270, "texture": "#0"}
			}
		},
		{
			"from": [3, 2, -1],
			"to": [6, 3, 0],
			"rotation": {"angle": 0, "axis": "y", "origin": [8, 8, 6]},
			"faces": {
				"north": {"uv": [12, 15, 16, 16], "texture": "#0"},
				"east": {"uv": [12, 15, 16, 16], "texture": "#0"},
				"south": {"uv": [12, 15, 16, 16], "texture": "#0"},
				"west": {"uv": [12, 15, 16, 16], "texture": "#0"},
				"up": {"uv": [12, 15, 16, 16], "texture": "#0"},
				"down": {"uv": [12, 15, 16, 16], "texture": "#0"}
			}
		},
		{
			"from": [2, 2, 0],
			"to": [4, 3, 1],
			"rotation": {"angle": 0, "axis": "y", "origin": [8, 8, 6]},
			"faces": {
				"north": {"uv": [12, 15, 16, 16], "texture": "#0"},
				"east": {"uv": [12, 15, 16, 16], "texture": "#0"},
				"south": {"uv": [12, 15, 16, 16], "texture": "#0"},
				"west": {"uv": [12, 15, 16, 16], "texture": "#0"},
				"up": {"uv": [12, 15, 16, 16], "texture": "#0"},
				"down": {"uv": [12, 15, 16, 16], "texture": "#0"}
			}
		},
		{
			"from": [1, 2, 1],
			"to": [3, 3, 2],
			"rotation": {"angle": 0, "axis": "y", "origin": [8, 8, 6]},
			"faces": {
				"north": {"uv": [12, 15, 16, 16], "texture": "#0"},
				"east": {"uv": [12, 15, 16, 16], "texture": "#0"},
				"south": {"uv": [12, 15, 16, 16], "texture": "#0"},
				"west": {"uv": [12, 15, 16, 16], "texture": "#0"},
				"up": {"uv": [12, 15, 16, 16], "texture": "#0"},
				"down": {"uv": [12, 15, 16, 16], "texture": "#0"}
			}
		},
		{
			"from": [0, 2, 2],
			"to": [2, 3, 3],
			"rotation": {"angle": 0, "axis": "y", "origin": [8, 8, 7]},
			"faces": {
				"north": {"uv": [12, 15, 16, 16], "texture": "#0"},
				"east": {"uv": [12, 15, 16, 16], "texture": "#0"},
				"south": {"uv": [12, 15, 16, 16], "texture": "#0"},
				"west": {"uv": [12, 15, 16, 16], "texture": "#0"},
				"up": {"uv": [12, 15, 16, 16], "texture": "#0"},
				"down": {"uv": [12, 15, 16, 16], "texture": "#0"}
			}
		},
		{
			"from": [0, 2, 3],
			"to": [1, 3, 4],
			"rotation": {"angle": 0, "axis": "y", "origin": [8, 8, 7]},
			"faces": {
				"north": {"uv": [12, 15, 16, 16], "texture": "#0"},
				"east": {"uv": [12, 15, 16, 16], "texture": "#0"},
				"south": {"uv": [12, 15, 16, 16], "texture": "#0"},
				"west": {"uv": [12, 15, 16, 16], "texture": "#0"},
				"up": {"uv": [12, 15, 16, 16], "texture": "#0"},
				"down": {"uv": [12, 15, 16, 16], "texture": "#0"}
			}
		},
		{
			"from": [-1, 2, 3],
			"to": [0, 3, 6],
			"rotation": {"angle": 0, "axis": "y", "origin": [8, 8, 7]},
			"faces": {
				"north": {"uv": [12, 15, 16, 16], "texture": "#0"},
				"east": {"uv": [12, 15, 16, 16], "texture": "#0"},
				"south": {"uv": [12, 15, 16, 16], "texture": "#0"},
				"west": {"uv": [12, 15, 16, 16], "texture": "#0"},
				"up": {"uv": [12, 15, 16, 16], "texture": "#0"},
				"down": {"uv": [12, 15, 16, 16], "texture": "#0"}
			}
		},
		{
			"from": [-2, 2, 5],
			"to": [-1, 3, 11],
			"faces": {
				"north": {"uv": [12, 15, 16, 16], "rotation": 270, "texture": "#0"},
				"east": {"uv": [12, 15, 16, 16], "rotation": 270, "texture": "#0"},
				"south": {"uv": [12, 15, 16, 16], "rotation": 270, "texture": "#0"},
				"west": {"uv": [12, 15, 16, 16], "rotation": 270, "texture": "#0"},
				"up": {"uv": [12, 15, 16, 16], "rotation": 270, "texture": "#0"},
				"down": {"uv": [12, 15, 16, 16], "rotation": 270, "texture": "#0"}
			}
		},
		{
			"from": [-1, 2, 10],
			"to": [0, 3, 13],
			"rotation": {"angle": 0, "axis": "y", "origin": [8, 8, 9]},
			"faces": {
				"north": {"uv": [12, 15, 16, 16], "texture": "#0"},
				"east": {"uv": [12, 15, 16, 16], "texture": "#0"},
				"south": {"uv": [12, 15, 16, 16], "texture": "#0"},
				"west": {"uv": [12, 15, 16, 16], "texture": "#0"},
				"up": {"uv": [12, 15, 16, 16], "texture": "#0"},
				"down": {"uv": [12, 15, 16, 16], "texture": "#0"}
			}
		},
		{
			"from": [0, 2, 13],
			"to": [2, 3, 14],
			"rotation": {"angle": 0, "axis": "y", "origin": [8, 8, 9]},
			"faces": {
				"north": {"uv": [12, 15, 16, 16], "texture": "#0"},
				"east": {"uv": [12, 15, 16, 16], "texture": "#0"},
				"south": {"uv": [12, 15, 16, 16], "texture": "#0"},
				"west": {"uv": [12, 15, 16, 16], "texture": "#0"},
				"up": {"uv": [12, 15, 16, 16], "texture": "#0"},
				"down": {"uv": [12, 15, 16, 16], "texture": "#0"}
			}
		},
		{
			"from": [0, 2, 12],
			"to": [1, 3, 13],
			"rotation": {"angle": 0, "axis": "y", "origin": [8, 8, 9]},
			"faces": {
				"north": {"uv": [12, 15, 16, 16], "texture": "#0"},
				"east": {"uv": [12, 15, 16, 16], "texture": "#0"},
				"south": {"uv": [12, 15, 16, 16], "texture": "#0"},
				"west": {"uv": [12, 15, 16, 16], "texture": "#0"},
				"up": {"uv": [12, 15, 16, 16], "texture": "#0"},
				"down": {"uv": [12, 15, 16, 16], "texture": "#0"}
			}
		},
		{
			"from": [1, 2, 14],
			"to": [3, 3, 15],
			"rotation": {"angle": 0, "axis": "y", "origin": [8, 8, 10]},
			"faces": {
				"north": {"uv": [12, 15, 16, 16], "texture": "#0"},
				"east": {"uv": [12, 15, 16, 16], "texture": "#0"},
				"south": {"uv": [12, 15, 16, 16], "texture": "#0"},
				"west": {"uv": [12, 15, 16, 16], "texture": "#0"},
				"up": {"uv": [12, 15, 16, 16], "texture": "#0"},
				"down": {"uv": [12, 15, 16, 16], "texture": "#0"}
			}
		},
		{
			"from": [2, 2, 15],
			"to": [4, 3, 16],
			"rotation": {"angle": 0, "axis": "y", "origin": [8, 8, 10]},
			"faces": {
				"north": {"uv": [12, 15, 16, 16], "texture": "#0"},
				"east": {"uv": [12, 15, 16, 16], "texture": "#0"},
				"south": {"uv": [12, 15, 16, 16], "texture": "#0"},
				"west": {"uv": [12, 15, 16, 16], "texture": "#0"},
				"up": {"uv": [12, 15, 16, 16], "texture": "#0"},
				"down": {"uv": [12, 15, 16, 16], "texture": "#0"}
			}
		},
		{
			"from": [3, 2, 16],
			"to": [6, 3, 17],
			"rotation": {"angle": 0, "axis": "y", "origin": [8, 8, 10]},
			"faces": {
				"north": {"uv": [12, 15, 16, 16], "texture": "#0"},
				"east": {"uv": [12, 15, 16, 16], "texture": "#0"},
				"south": {"uv": [12, 15, 16, 16], "texture": "#0"},
				"west": {"uv": [12, 15, 16, 16], "texture": "#0"},
				"up": {"uv": [12, 15, 16, 16], "texture": "#0"},
				"down": {"uv": [12, 15, 16, 16], "texture": "#0"}
			}
		},
		{
			"from": [5, 2, 17],
			"to": [11, 3, 18],
			"rotation": {"angle": 0, "axis": "y", "origin": [8, 8, 10]},
			"faces": {
				"north": {"uv": [12, 15, 16, 16], "rotation": 180, "texture": "#0"},
				"east": {"uv": [12, 15, 16, 16], "rotation": 180, "texture": "#0"},
				"south": {"uv": [12, 15, 16, 16], "rotation": 180, "texture": "#0"},
				"west": {"uv": [12, 15, 16, 16], "rotation": 180, "texture": "#0"},
				"up": {"uv": [12, 15, 16, 16], "rotation": 180, "texture": "#0"},
				"down": {"uv": [12, 15, 16, 16], "rotation": 180, "texture": "#0"}
			}
		},
		{
			"from": [5, 2, -2],
			"to": [11, 3, -1],
			"rotation": {"angle": 0, "axis": "y", "origin": [8, 8, 6]},
			"faces": {
				"north": {"uv": [12, 15, 16, 16], "rotation": 180, "texture": "#0"},
				"east": {"uv": [12, 15, 16, 16], "rotation": 180, "texture": "#0"},
				"south": {"uv": [12, 15, 16, 16], "rotation": 180, "texture": "#0"},
				"west": {"uv": [12, 15, 16, 16], "rotation": 180, "texture": "#0"},
				"up": {"uv": [12, 15, 16, 16], "rotation": 180, "texture": "#0"},
				"down": {"uv": [12, 15, 16, 16], "rotation": 180, "texture": "#0"}
			}
		},
		{
			"from": [10, 2, -1],
			"to": [13, 3, 0],
			"rotation": {"angle": 0, "axis": "y", "origin": [8, 8, 6]},
			"faces": {
				"north": {"uv": [12, 15, 16, 16], "texture": "#0"},
				"east": {"uv": [12, 15, 16, 16], "texture": "#0"},
				"south": {"uv": [12, 15, 16, 16], "texture": "#0"},
				"west": {"uv": [12, 15, 16, 16], "texture": "#0"},
				"up": {"uv": [12, 15, 16, 16], "texture": "#0"},
				"down": {"uv": [12, 15, 16, 16], "texture": "#0"}
			}
		},
		{
			"from": [13, 2, 0],
			"to": [14, 3, 2],
			"rotation": {"angle": 0, "axis": "y", "origin": [8, 8, 6]},
			"faces": {
				"north": {"uv": [12, 15, 16, 16], "texture": "#0"},
				"east": {"uv": [12, 15, 16, 16], "texture": "#0"},
				"south": {"uv": [12, 15, 16, 16], "texture": "#0"},
				"west": {"uv": [12, 15, 16, 16], "texture": "#0"},
				"up": {"uv": [12, 15, 16, 16], "texture": "#0"},
				"down": {"uv": [12, 15, 16, 16], "texture": "#0"}
			}
		},
		{
			"from": [12, 2, 0],
			"to": [13, 3, 1],
			"rotation": {"angle": 0, "axis": "y", "origin": [8, 8, 6]},
			"faces": {
				"north": {"uv": [12, 15, 16, 16], "texture": "#0"},
				"east": {"uv": [12, 15, 16, 16], "texture": "#0"},
				"south": {"uv": [12, 15, 16, 16], "texture": "#0"},
				"west": {"uv": [12, 15, 16, 16], "texture": "#0"},
				"up": {"uv": [12, 15, 16, 16], "texture": "#0"},
				"down": {"uv": [12, 15, 16, 16], "texture": "#0"}
			}
		},
		{
			"from": [14, 2, 1],
			"to": [15, 3, 3],
			"rotation": {"angle": 0, "axis": "y", "origin": [8, 8, 6]},
			"faces": {
				"north": {"uv": [12, 15, 16, 16], "texture": "#0"},
				"east": {"uv": [12, 15, 16, 16], "texture": "#0"},
				"south": {"uv": [12, 15, 16, 16], "texture": "#0"},
				"west": {"uv": [12, 15, 16, 16], "texture": "#0"},
				"up": {"uv": [12, 15, 16, 16], "texture": "#0"},
				"down": {"uv": [12, 15, 16, 16], "texture": "#0"}
			}
		},
		{
			"from": [15, 2, 2],
			"to": [16, 3, 4],
			"rotation": {"angle": 0, "axis": "y", "origin": [8, 8, 7]},
			"faces": {
				"north": {"uv": [12, 15, 16, 16], "texture": "#0"},
				"east": {"uv": [12, 15, 16, 16], "texture": "#0"},
				"south": {"uv": [12, 15, 16, 16], "texture": "#0"},
				"west": {"uv": [12, 15, 16, 16], "texture": "#0"},
				"up": {"uv": [12, 15, 16, 16], "texture": "#0"},
				"down": {"uv": [12, 15, 16, 16], "texture": "#0"}
			}
		},
		{
			"from": [16, 2, 3],
			"to": [17, 3, 6],
			"rotation": {"angle": 0, "axis": "y", "origin": [8, 8, 7]},
			"faces": {
				"north": {"uv": [12, 15, 16, 16], "texture": "#0"},
				"east": {"uv": [12, 15, 16, 16], "texture": "#0"},
				"south": {"uv": [12, 15, 16, 16], "texture": "#0"},
				"west": {"uv": [12, 15, 16, 16], "texture": "#0"},
				"up": {"uv": [12, 15, 16, 16], "texture": "#0"},
				"down": {"uv": [12, 15, 16, 16], "texture": "#0"}
			}
		},
		{
			"from": [17, 2, 5],
			"to": [18, 3, 11],
			"faces": {
				"north": {"uv": [12, 15, 16, 16], "rotation": 270, "texture": "#0"},
				"east": {"uv": [12, 15, 16, 16], "rotation": 270, "texture": "#0"},
				"south": {"uv": [12, 15, 16, 16], "rotation": 270, "texture": "#0"},
				"west": {"uv": [12, 15, 16, 16], "rotation": 270, "texture": "#0"},
				"up": {"uv": [12, 15, 16, 16], "rotation": 270, "texture": "#0"},
				"down": {"uv": [12, 15, 16, 16], "rotation": 270, "texture": "#0"}
			}
		},
		{
			"from": [16, 2, 10],
			"to": [17, 3, 13],
			"rotation": {"angle": 0, "axis": "y", "origin": [8, 8, 9]},
			"faces": {
				"north": {"uv": [12, 15, 16, 16], "texture": "#0"},
				"east": {"uv": [12, 15, 16, 16], "texture": "#0"},
				"south": {"uv": [12, 15, 16, 16], "texture": "#0"},
				"west": {"uv": [12, 15, 16, 16], "texture": "#0"},
				"up": {"uv": [12, 15, 16, 16], "texture": "#0"},
				"down": {"uv": [12, 15, 16, 16], "texture": "#0"}
			}
		},
		{
			"from": [14, 2, 13],
			"to": [16, 3, 14],
			"rotation": {"angle": 0, "axis": "y", "origin": [8, 8, 9]},
			"faces": {
				"north": {"uv": [12, 15, 16, 16], "texture": "#0"},
				"east": {"uv": [12, 15, 16, 16], "texture": "#0"},
				"south": {"uv": [12, 15, 16, 16], "texture": "#0"},
				"west": {"uv": [12, 15, 16, 16], "texture": "#0"},
				"up": {"uv": [12, 15, 16, 16], "texture": "#0"},
				"down": {"uv": [12, 15, 16, 16], "texture": "#0"}
			}
		},
		{
			"from": [15, 2, 12],
			"to": [16, 3, 13],
			"rotation": {"angle": 0, "axis": "y", "origin": [8, 8, 9]},
			"faces": {
				"north": {"uv": [12, 15, 16, 16], "texture": "#0"},
				"east": {"uv": [12, 15, 16, 16], "texture": "#0"},
				"south": {"uv": [12, 15, 16, 16], "texture": "#0"},
				"west": {"uv": [12, 15, 16, 16], "texture": "#0"},
				"up": {"uv": [12, 15, 16, 16], "texture": "#0"},
				"down": {"uv": [12, 15, 16, 16], "texture": "#0"}
			}
		},
		{
			"from": [13, 2, 14],
			"to": [15, 3, 15],
			"rotation": {"angle": 0, "axis": "y", "origin": [8, 8, 10]},
			"faces": {
				"north": {"uv": [12, 15, 16, 16], "texture": "#0"},
				"east": {"uv": [12, 15, 16, 16], "texture": "#0"},
				"south": {"uv": [12, 15, 16, 16], "texture": "#0"},
				"west": {"uv": [12, 15, 16, 16], "texture": "#0"},
				"up": {"uv": [12, 15, 16, 16], "texture": "#0"},
				"down": {"uv": [12, 15, 16, 16], "texture": "#0"}
			}
		},
		{
			"from": [12, 2, 15],
			"to": [14, 3, 16],
			"rotation": {"angle": 0, "axis": "y", "origin": [8, 8, 10]},
			"faces": {
				"north": {"uv": [12, 15, 16, 16], "texture": "#0"},
				"east": {"uv": [12, 15, 16, 16], "texture": "#0"},
				"south": {"uv": [12, 15, 16, 16], "texture": "#0"},
				"west": {"uv": [12, 15, 16, 16], "texture": "#0"},
				"up": {"uv": [12, 15, 16, 16], "texture": "#0"},
				"down": {"uv": [12, 15, 16, 16], "texture": "#0"}
			}
		},
		{
			"from": [10, 2, 16],
			"to": [13, 3, 17],
			"rotation": {"angle": 0, "axis": "y", "origin": [8, 8, 10]},
			"faces": {
				"north": {"uv": [12, 15, 16, 16], "texture": "#0"},
				"east": {"uv": [12, 15, 16, 16], "texture": "#0"},
				"south": {"uv": [12, 15, 16, 16], "texture": "#0"},
				"west": {"uv": [12, 15, 16, 16], "texture": "#0"},
				"up": {"uv": [12, 15, 16, 16], "texture": "#0"},
				"down": {"uv": [12, 15, 16, 16], "texture": "#0"}
			}
		},
		{
			"from": [16, 3, 13],
			"to": [17, 4, 14],
			"rotation": {"angle": 0, "axis": "y", "origin": [8, 8, 9]},
			"faces": {
				"north": {"uv": [12, 15, 16, 16], "texture": "#0"},
				"east": {"uv": [12, 15, 16, 16], "texture": "#0"},
				"south": {"uv": [12, 15, 16, 16], "texture": "#0"},
				"west": {"uv": [12, 15, 16, 16], "texture": "#0"},
				"up": {"uv": [12, 15, 16, 16], "texture": "#0"},
				"down": {"uv": [12, 15, 16, 16], "texture": "#0"}
			}
		},
		{
			"from": [3, 3, -2],
			"to": [5, 4, -1],
			"rotation": {"angle": 0, "axis": "y", "origin": [8, 8, 5]},
			"faces": {
				"north": {"uv": [12, 15, 16, 16], "texture": "#0"},
				"east": {"uv": [12, 15, 16, 16], "texture": "#0"},
				"south": {"uv": [12, 15, 16, 16], "texture": "#0"},
				"west": {"uv": [12, 15, 16, 16], "texture": "#0"},
				"up": {"uv": [12, 15, 16, 16], "texture": "#0"},
				"down": {"uv": [12, 15, 16, 16], "texture": "#0"}
			}
		},
		{
			"from": [2, 3, -1],
			"to": [3, 4, 0],
			"rotation": {"angle": 0, "axis": "y", "origin": [8, 8, 5]},
			"faces": {
				"north": {"uv": [12, 15, 16, 16], "texture": "#0"},
				"east": {"uv": [12, 15, 16, 16], "texture": "#0"},
				"south": {"uv": [12, 15, 16, 16], "texture": "#0"},
				"west": {"uv": [12, 15, 16, 16], "texture": "#0"},
				"up": {"uv": [12, 15, 16, 16], "texture": "#0"},
				"down": {"uv": [12, 15, 16, 16], "texture": "#0"}
			}
		},
		{
			"from": [1, 3, 0],
			"to": [2, 4, 1],
			"rotation": {"angle": 0, "axis": "y", "origin": [8, 8, 5]},
			"faces": {
				"north": {"uv": [12, 15, 16, 16], "texture": "#0"},
				"east": {"uv": [12, 15, 16, 16], "texture": "#0"},
				"south": {"uv": [12, 15, 16, 16], "texture": "#0"},
				"west": {"uv": [12, 15, 16, 16], "texture": "#0"},
				"up": {"uv": [12, 15, 16, 16], "texture": "#0"},
				"down": {"uv": [12, 15, 16, 16], "texture": "#0"}
			}
		},
		{
			"from": [0, 3, 1],
			"to": [1, 4, 2],
			"rotation": {"angle": 0, "axis": "y", "origin": [8, 8, 6]},
			"faces": {
				"north": {"uv": [12, 15, 16, 16], "texture": "#0"},
				"east": {"uv": [12, 15, 16, 16], "texture": "#0"},
				"south": {"uv": [12, 15, 16, 16], "texture": "#0"},
				"west": {"uv": [12, 15, 16, 16], "texture": "#0"},
				"up": {"uv": [12, 15, 16, 16], "texture": "#0"},
				"down": {"uv": [12, 15, 16, 16], "texture": "#0"}
			}
		},
		{
			"from": [-1, 3, 2],
			"to": [0, 4, 3],
			"rotation": {"angle": 0, "axis": "y", "origin": [8, 8, 7]},
			"faces": {
				"north": {"uv": [12, 15, 16, 16], "texture": "#0"},
				"east": {"uv": [12, 15, 16, 16], "texture": "#0"},
				"south": {"uv": [12, 15, 16, 16], "texture": "#0"},
				"west": {"uv": [12, 15, 16, 16], "texture": "#0"},
				"up": {"uv": [12, 15, 16, 16], "texture": "#0"},
				"down": {"uv": [12, 15, 16, 16], "texture": "#0"}
			}
		},
		{
			"from": [-2, 3, 3],
			"to": [-1, 4, 5],
			"rotation": {"angle": 0, "axis": "y", "origin": [8, 8, 7]},
			"faces": {
				"north": {"uv": [12, 15, 16, 16], "texture": "#0"},
				"east": {"uv": [12, 15, 16, 16], "texture": "#0"},
				"south": {"uv": [12, 15, 16, 16], "texture": "#0"},
				"west": {"uv": [12, 15, 16, 16], "texture": "#0"},
				"up": {"uv": [12, 15, 16, 16], "texture": "#0"},
				"down": {"uv": [12, 15, 16, 16], "texture": "#0"}
			}
		},
		{
			"from": [-3, 3, 5],
			"to": [-2, 4, 11],
			"faces": {
				"north": {"uv": [12, 15, 16, 16], "rotation": 270, "texture": "#0"},
				"east": {"uv": [12, 15, 16, 16], "rotation": 270, "texture": "#0"},
				"south": {"uv": [12, 15, 16, 16], "rotation": 270, "texture": "#0"},
				"west": {"uv": [12, 15, 16, 16], "rotation": 270, "texture": "#0"},
				"up": {"uv": [12, 15, 16, 16], "rotation": 270, "texture": "#0"},
				"down": {"uv": [12, 15, 16, 16], "rotation": 270, "texture": "#0"}
			}
		},
		{
			"from": [3, 3, 17],
			"to": [5, 4, 18],
			"rotation": {"angle": 0, "axis": "y", "origin": [8, 8, 11]},
			"faces": {
				"north": {"uv": [12, 15, 16, 16], "texture": "#0"},
				"east": {"uv": [12, 15, 16, 16], "texture": "#0"},
				"south": {"uv": [12, 15, 16, 16], "texture": "#0"},
				"west": {"uv": [12, 15, 16, 16], "texture": "#0"},
				"up": {"uv": [12, 15, 16, 16], "texture": "#0"},
				"down": {"uv": [12, 15, 16, 16], "texture": "#0"}
			}
		},
		{
			"from": [2, 3, 16],
			"to": [3, 4, 17],
			"rotation": {"angle": 0, "axis": "y", "origin": [8, 8, 11]},
			"faces": {
				"north": {"uv": [12, 15, 16, 16], "texture": "#0"},
				"east": {"uv": [12, 15, 16, 16], "texture": "#0"},
				"south": {"uv": [12, 15, 16, 16], "texture": "#0"},
				"west": {"uv": [12, 15, 16, 16], "texture": "#0"},
				"up": {"uv": [12, 15, 16, 16], "texture": "#0"},
				"down": {"uv": [12, 15, 16, 16], "texture": "#0"}
			}
		},
		{
			"from": [1, 3, 15],
			"to": [2, 4, 16],
			"rotation": {"angle": 0, "axis": "y", "origin": [8, 8, 11]},
			"faces": {
				"north": {"uv": [12, 15, 16, 16], "texture": "#0"},
				"east": {"uv": [12, 15, 16, 16], "texture": "#0"},
				"south": {"uv": [12, 15, 16, 16], "texture": "#0"},
				"west": {"uv": [12, 15, 16, 16], "texture": "#0"},
				"up": {"uv": [12, 15, 16, 16], "texture": "#0"},
				"down": {"uv": [12, 15, 16, 16], "texture": "#0"}
			}
		},
		{
			"from": [0, 3, 14],
			"to": [1, 4, 15],
			"rotation": {"angle": 0, "axis": "y", "origin": [8, 8, 10]},
			"faces": {
				"north": {"uv": [12, 15, 16, 16], "texture": "#0"},
				"east": {"uv": [12, 15, 16, 16], "texture": "#0"},
				"south": {"uv": [12, 15, 16, 16], "texture": "#0"},
				"west": {"uv": [12, 15, 16, 16], "texture": "#0"},
				"up": {"uv": [12, 15, 16, 16], "texture": "#0"},
				"down": {"uv": [12, 15, 16, 16], "texture": "#0"}
			}
		},
		{
			"from": [-1, 3, 13],
			"to": [0, 4, 14],
			"rotation": {"angle": 0, "axis": "y", "origin": [8, 8, 9]},
			"faces": {
				"north": {"uv": [12, 15, 16, 16], "texture": "#0"},
				"east": {"uv": [12, 15, 16, 16], "texture": "#0"},
				"south": {"uv": [12, 15, 16, 16], "texture": "#0"},
				"west": {"uv": [12, 15, 16, 16], "texture": "#0"},
				"up": {"uv": [12, 15, 16, 16], "texture": "#0"},
				"down": {"uv": [12, 15, 16, 16], "texture": "#0"}
			}
		},
		{
			"from": [-2, 3, 11],
			"to": [-1, 4, 13],
			"rotation": {"angle": 0, "axis": "y", "origin": [8, 8, 9]},
			"faces": {
				"north": {"uv": [12, 15, 16, 16], "texture": "#0"},
				"east": {"uv": [12, 15, 16, 16], "texture": "#0"},
				"south": {"uv": [12, 15, 16, 16], "texture": "#0"},
				"west": {"uv": [12, 15, 16, 16], "texture": "#0"},
				"up": {"uv": [12, 15, 16, 16], "texture": "#0"},
				"down": {"uv": [12, 15, 16, 16], "texture": "#0"}
			}
		},
		{
			"from": [17, 3, 11],
			"to": [18, 4, 13],
			"rotation": {"angle": 0, "axis": "y", "origin": [8, 8, 9]},
			"faces": {
				"north": {"uv": [12, 15, 16, 16], "texture": "#0"},
				"east": {"uv": [12, 15, 16, 16], "texture": "#0"},
				"south": {"uv": [12, 15, 16, 16], "texture": "#0"},
				"west": {"uv": [12, 15, 16, 16], "texture": "#0"},
				"up": {"uv": [12, 15, 16, 16], "texture": "#0"},
				"down": {"uv": [12, 15, 16, 16], "texture": "#0"}
			}
		},
		{
			"from": [5, 3, -3],
			"to": [11, 4, -2],
			"rotation": {"angle": 0, "axis": "y", "origin": [8, 8, 5]},
			"faces": {
				"north": {"uv": [12, 15, 16, 16], "rotation": 180, "texture": "#0"},
				"east": {"uv": [12, 15, 16, 16], "rotation": 180, "texture": "#0"},
				"south": {"uv": [12, 15, 16, 16], "rotation": 180, "texture": "#0"},
				"west": {"uv": [12, 15, 16, 16], "rotation": 180, "texture": "#0"},
				"up": {"uv": [12, 15, 16, 16], "rotation": 180, "texture": "#0"},
				"down": {"uv": [12, 15, 16, 16], "rotation": 180, "texture": "#0"}
			}
		},
		{
			"from": [11, 3, -2],
			"to": [13, 4, -1],
			"rotation": {"angle": 0, "axis": "y", "origin": [8, 8, 5]},
			"faces": {
				"north": {"uv": [12, 15, 16, 16], "texture": "#0"},
				"east": {"uv": [12, 15, 16, 16], "texture": "#0"},
				"south": {"uv": [12, 15, 16, 16], "texture": "#0"},
				"west": {"uv": [12, 15, 16, 16], "texture": "#0"},
				"up": {"uv": [12, 15, 16, 16], "texture": "#0"},
				"down": {"uv": [12, 15, 16, 16], "texture": "#0"}
			}
		},
		{
			"from": [13, 3, -1],
			"to": [14, 4, 0],
			"rotation": {"angle": 0, "axis": "y", "origin": [8, 8, 5]},
			"faces": {
				"north": {"uv": [12, 15, 16, 16], "texture": "#0"},
				"east": {"uv": [12, 15, 16, 16], "texture": "#0"},
				"south": {"uv": [12, 15, 16, 16], "texture": "#0"},
				"west": {"uv": [12, 15, 16, 16], "texture": "#0"},
				"up": {"uv": [12, 15, 16, 16], "texture": "#0"},
				"down": {"uv": [12, 15, 16, 16], "texture": "#0"}
			}
		},
		{
			"from": [14, 3, 0],
			"to": [15, 4, 1],
			"rotation": {"angle": 0, "axis": "y", "origin": [8, 8, 5]},
			"faces": {
				"north": {"uv": [12, 15, 16, 16], "texture": "#0"},
				"east": {"uv": [12, 15, 16, 16], "texture": "#0"},
				"south": {"uv": [12, 15, 16, 16], "texture": "#0"},
				"west": {"uv": [12, 15, 16, 16], "texture": "#0"},
				"up": {"uv": [12, 15, 16, 16], "texture": "#0"},
				"down": {"uv": [12, 15, 16, 16], "texture": "#0"}
			}
		},
		{
			"from": [15, 3, 1],
			"to": [16, 4, 2],
			"rotation": {"angle": 0, "axis": "y", "origin": [8, 8, 6]},
			"faces": {
				"north": {"uv": [12, 15, 16, 16], "texture": "#0"},
				"east": {"uv": [12, 15, 16, 16], "texture": "#0"},
				"south": {"uv": [12, 15, 16, 16], "texture": "#0"},
				"west": {"uv": [12, 15, 16, 16], "texture": "#0"},
				"up": {"uv": [12, 15, 16, 16], "texture": "#0"},
				"down": {"uv": [12, 15, 16, 16], "texture": "#0"}
			}
		},
		{
			"from": [16, 3, 2],
			"to": [17, 4, 3],
			"rotation": {"angle": 0, "axis": "y", "origin": [8, 8, 7]},
			"faces": {
				"north": {"uv": [12, 15, 16, 16], "texture": "#0"},
				"east": {"uv": [12, 15, 16, 16], "texture": "#0"},
				"south": {"uv": [12, 15, 16, 16], "texture": "#0"},
				"west": {"uv": [12, 15, 16, 16], "texture": "#0"},
				"up": {"uv": [12, 15, 16, 16], "texture": "#0"},
				"down": {"uv": [12, 15, 16, 16], "texture": "#0"}
			}
		},
		{
			"from": [17, 3, 3],
			"to": [18, 4, 5],
			"rotation": {"angle": 0, "axis": "y", "origin": [8, 8, 7]},
			"faces": {
				"north": {"uv": [12, 15, 16, 16], "texture": "#0"},
				"east": {"uv": [12, 15, 16, 16], "texture": "#0"},
				"south": {"uv": [12, 15, 16, 16], "texture": "#0"},
				"west": {"uv": [12, 15, 16, 16], "texture": "#0"},
				"up": {"uv": [12, 15, 16, 16], "texture": "#0"},
				"down": {"uv": [12, 15, 16, 16], "texture": "#0"}
			}
		},
		{
			"from": [18, 3, 5],
			"to": [19, 4, 11],
			"faces": {
				"north": {"uv": [12, 15, 16, 16], "rotation": 270, "texture": "#0"},
				"east": {"uv": [12, 15, 16, 16], "rotation": 270, "texture": "#0"},
				"south": {"uv": [12, 15, 16, 16], "rotation": 270, "texture": "#0"},
				"west": {"uv": [12, 15, 16, 16], "rotation": 270, "texture": "#0"},
				"up": {"uv": [12, 15, 16, 16], "rotation": 270, "texture": "#0"},
				"down": {"uv": [12, 15, 16, 16], "rotation": 270, "texture": "#0"}
			}
		},
		{
			"from": [5, 3, 18],
			"to": [11, 4, 19],
			"rotation": {"angle": 0, "axis": "y", "origin": [8, 8, 11]},
			"faces": {
				"north": {"uv": [12, 15, 16, 16], "rotation": 180, "texture": "#0"},
				"east": {"uv": [12, 15, 16, 16], "rotation": 180, "texture": "#0"},
				"south": {"uv": [12, 15, 16, 16], "rotation": 180, "texture": "#0"},
				"west": {"uv": [12, 15, 16, 16], "rotation": 180, "texture": "#0"},
				"up": {"uv": [12, 15, 16, 16], "rotation": 180, "texture": "#0"},
				"down": {"uv": [12, 15, 16, 16], "rotation": 180, "texture": "#0"}
			}
		},
		{
			"from": [11, 3, 17],
			"to": [13, 4, 18],
			"rotation": {"angle": 0, "axis": "y", "origin": [8, 8, 11]},
			"faces": {
				"north": {"uv": [12, 15, 16, 16], "texture": "#0"},
				"east": {"uv": [12, 15, 16, 16], "texture": "#0"},
				"south": {"uv": [12, 15, 16, 16], "texture": "#0"},
				"west": {"uv": [12, 15, 16, 16], "texture": "#0"},
				"up": {"uv": [12, 15, 16, 16], "texture": "#0"},
				"down": {"uv": [12, 15, 16, 16], "texture": "#0"}
			}
		},
		{
			"from": [13, 3, 16],
			"to": [14, 4, 17],
			"rotation": {"angle": 0, "axis": "y", "origin": [8, 8, 11]},
			"faces": {
				"north": {"uv": [12, 15, 16, 16], "texture": "#0"},
				"east": {"uv": [12, 15, 16, 16], "texture": "#0"},
				"south": {"uv": [12, 15, 16, 16], "texture": "#0"},
				"west": {"uv": [12, 15, 16, 16], "texture": "#0"},
				"up": {"uv": [12, 15, 16, 16], "texture": "#0"},
				"down": {"uv": [12, 15, 16, 16], "texture": "#0"}
			}
		},
		{
			"from": [14, 3, 15],
			"to": [15, 4, 16],
			"rotation": {"angle": 0, "axis": "y", "origin": [8, 8, 11]},
			"faces": {
				"north": {"uv": [12, 15, 16, 16], "texture": "#0"},
				"east": {"uv": [12, 15, 16, 16], "texture": "#0"},
				"south": {"uv": [12, 15, 16, 16], "texture": "#0"},
				"west": {"uv": [12, 15, 16, 16], "texture": "#0"},
				"up": {"uv": [12, 15, 16, 16], "texture": "#0"},
				"down": {"uv": [12, 15, 16, 16], "texture": "#0"}
			}
		},
		{
			"from": [15, 3, 14],
			"to": [16, 4, 15],
			"rotation": {"angle": 0, "axis": "y", "origin": [8, 8, 10]},
			"faces": {
				"north": {"uv": [12, 15, 16, 16], "texture": "#0"},
				"east": {"uv": [12, 15, 16, 16], "texture": "#0"},
				"south": {"uv": [12, 15, 16, 16], "texture": "#0"},
				"west": {"uv": [12, 15, 16, 16], "texture": "#0"},
				"up": {"uv": [12, 15, 16, 16], "texture": "#0"},
				"down": {"uv": [12, 15, 16, 16], "texture": "#0"}
			}
		},
		{
			"from": [14, 1, 6],
			"to": [15, 3, 10],
			"faces": {
				"north": {"uv": [12, 15, 16, 16], "rotation": 90, "texture": "#0"},
				"east": {"uv": [12, 15, 16, 16], "rotation": 90, "texture": "#0"},
				"south": {"uv": [12, 15, 16, 16], "rotation": 90, "texture": "#0"},
				"west": {"uv": [12, 15, 16, 16], "rotation": 90, "texture": "#0"},
				"up": {"uv": [12, 15, 16, 16], "rotation": 90, "texture": "#0"},
				"down": {"uv": [12, 15, 16, 16], "rotation": 90, "texture": "#0"}
			}
		},
		{
			"from": [13, 1, 10],
			"to": [14, 3, 12],
			"faces": {
				"north": {"uv": [0, 0, 4, 1], "rotation": 180, "texture": "#0"},
				"east": {"uv": [0, 0, 4, 1], "rotation": 180, "texture": "#0"},
				"south": {"uv": [0, 0, 4, 1], "rotation": 180, "texture": "#0"},
				"west": {"uv": [0, 0, 4, 1], "rotation": 180, "texture": "#0"},
				"up": {"uv": [0, 0, 4, 1], "rotation": 180, "texture": "#0"},
				"down": {"uv": [0, 0, 4, 1], "rotation": 180, "texture": "#0"}
			}
		},
		{
			"from": [12, 1, 12],
			"to": [13, 3, 13],
			"rotation": {"angle": 0, "axis": "y", "origin": [8, 8, 7]},
			"faces": {
				"north": {"uv": [0, 0, 4, 1], "rotation": 180, "texture": "#0"},
				"east": {"uv": [0, 0, 4, 1], "rotation": 180, "texture": "#0"},
				"south": {"uv": [0, 0, 4, 1], "rotation": 180, "texture": "#0"},
				"west": {"uv": [0, 0, 4, 1], "rotation": 180, "texture": "#0"},
				"up": {"uv": [0, 0, 4, 1], "rotation": 180, "texture": "#0"},
				"down": {"uv": [0, 0, 4, 1], "rotation": 180, "texture": "#0"}
			}
		},
		{
			"from": [10, 1, 13],
			"to": [12, 3, 14],
			"rotation": {"angle": 0, "axis": "y", "origin": [8, 8, 7]},
			"faces": {
				"north": {"uv": [0, 0, 4, 1], "rotation": 180, "texture": "#0"},
				"east": {"uv": [0, 0, 4, 1], "rotation": 180, "texture": "#0"},
				"south": {"uv": [0, 0, 4, 1], "rotation": 180, "texture": "#0"},
				"west": {"uv": [0, 0, 4, 1], "rotation": 180, "texture": "#0"},
				"up": {"uv": [0, 0, 4, 1], "rotation": 180, "texture": "#0"},
				"down": {"uv": [0, 0, 4, 1], "rotation": 180, "texture": "#0"}
			}
		},
		{
			"from": [6, 1, 14],
			"to": [10, 3, 15],
			"rotation": {"angle": 0, "axis": "y", "origin": [8, 8, 7]},
			"faces": {
				"north": {"uv": [12, 15, 16, 16], "rotation": 180, "texture": "#0"},
				"east": {"uv": [12, 15, 16, 16], "rotation": 180, "texture": "#0"},
				"south": {"uv": [12, 15, 16, 16], "rotation": 180, "texture": "#0"},
				"west": {"uv": [12, 15, 16, 16], "rotation": 180, "texture": "#0"},
				"up": {"uv": [12, 15, 16, 16], "rotation": 180, "texture": "#0"},
				"down": {"uv": [12, 15, 16, 16], "rotation": 180, "texture": "#0"}
			}
		},
		{
			"from": [4, 1, 13],
			"to": [6, 3, 14],
			"rotation": {"angle": 0, "axis": "y", "origin": [8, 8, 7]},
			"faces": {
				"north": {"uv": [0, 0, 4, 1], "rotation": 270, "texture": "#0"},
				"east": {"uv": [0, 0, 4, 1], "rotation": 270, "texture": "#0"},
				"south": {"uv": [0, 0, 4, 1], "rotation": 270, "texture": "#0"},
				"west": {"uv": [0, 0, 4, 1], "rotation": 270, "texture": "#0"},
				"up": {"uv": [0, 0, 4, 1], "rotation": 270, "texture": "#0"},
				"down": {"uv": [0, 0, 4, 1], "rotation": 270, "texture": "#0"}
			}
		},
		{
			"from": [3, 1, 12],
			"to": [4, 3, 13],
			"faces": {
				"north": {"uv": [0, 0, 4, 1], "rotation": 270, "texture": "#0"},
				"east": {"uv": [0, 0, 4, 1], "rotation": 270, "texture": "#0"},
				"south": {"uv": [0, 0, 4, 1], "rotation": 270, "texture": "#0"},
				"west": {"uv": [0, 0, 4, 1], "rotation": 270, "texture": "#0"},
				"up": {"uv": [0, 0, 4, 1], "rotation": 270, "texture": "#0"},
				"down": {"uv": [0, 0, 4, 1], "rotation": 270, "texture": "#0"}
			}
		},
		{
			"from": [2, 1, 10],
			"to": [3, 3, 12],
			"faces": {
				"north": {"uv": [0, 0, 4, 1], "rotation": 270, "texture": "#0"},
				"east": {"uv": [0, 0, 4, 1], "rotation": 270, "texture": "#0"},
				"south": {"uv": [0, 0, 4, 1], "rotation": 270, "texture": "#0"},
				"west": {"uv": [0, 0, 4, 1], "rotation": 270, "texture": "#0"},
				"up": {"uv": [0, 0, 4, 1], "rotation": 270, "texture": "#0"},
				"down": {"uv": [0, 0, 4, 1], "rotation": 270, "texture": "#0"}
			}
		},
		{
			"from": [1, 1, 6],
			"to": [2, 3, 10],
			"faces": {
				"north": {"uv": [12, 15, 16, 16], "rotation": 270, "texture": "#0"},
				"east": {"uv": [12, 15, 16, 16], "rotation": 270, "texture": "#0"},
				"south": {"uv": [12, 15, 16, 16], "rotation": 270, "texture": "#0"},
				"west": {"uv": [12, 15, 16, 16], "rotation": 270, "texture": "#0"},
				"up": {"uv": [12, 15, 16, 16], "rotation": 270, "texture": "#0"},
				"down": {"uv": [12, 15, 16, 16], "rotation": 270, "texture": "#0"}
			}
		},
		{
			"from": [2, 1, 4],
			"to": [3, 3, 6],
			"faces": {
				"north": {"uv": [0, 0, 4, 1], "texture": "#0"},
				"east": {"uv": [0, 0, 4, 1], "texture": "#0"},
				"south": {"uv": [0, 0, 4, 1], "texture": "#0"},
				"west": {"uv": [0, 0, 4, 1], "texture": "#0"},
				"up": {"uv": [0, 0, 4, 1], "texture": "#0"},
				"down": {"uv": [0, 0, 4, 1], "texture": "#0"}
			}
		},
		{
			"from": [3, 1, 3],
			"to": [4, 3, 4],
			"rotation": {"angle": 0, "axis": "y", "origin": [8, 8, 9]},
			"faces": {
				"north": {"uv": [0, 0, 4, 1], "texture": "#0"},
				"east": {"uv": [0, 0, 4, 1], "texture": "#0"},
				"south": {"uv": [0, 0, 4, 1], "texture": "#0"},
				"west": {"uv": [0, 0, 4, 1], "texture": "#0"},
				"up": {"uv": [0, 0, 4, 1], "texture": "#0"},
				"down": {"uv": [0, 0, 4, 1], "texture": "#0"}
			}
		},
		{
			"from": [4, 1, 2],
			"to": [6, 3, 3],
			"rotation": {"angle": 0, "axis": "y", "origin": [8, 8, 9]},
			"faces": {
				"north": {"uv": [0, 0, 4, 1], "texture": "#0"},
				"east": {"uv": [0, 0, 4, 1], "texture": "#0"},
				"south": {"uv": [0, 0, 4, 1], "texture": "#0"},
				"west": {"uv": [0, 0, 4, 1], "texture": "#0"},
				"up": {"uv": [0, 0, 4, 1], "texture": "#0"},
				"down": {"uv": [0, 0, 4, 1], "texture": "#0"}
			}
		},
		{
			"from": [6, 1, 1],
			"to": [10, 3, 2],
			"rotation": {"angle": 0, "axis": "y", "origin": [8, 8, 9]},
			"faces": {
				"north": {"uv": [12, 15, 16, 16], "rotation": 180, "texture": "#0"},
				"east": {"uv": [12, 15, 16, 16], "rotation": 180, "texture": "#0"},
				"south": {"uv": [12, 15, 16, 16], "rotation": 180, "texture": "#0"},
				"west": {"uv": [12, 15, 16, 16], "rotation": 180, "texture": "#0"},
				"up": {"uv": [12, 15, 16, 16], "rotation": 180, "texture": "#0"},
				"down": {"uv": [12, 15, 16, 16], "rotation": 180, "texture": "#0"}
			}
		},
		{
			"from": [10, 1, 2],
			"to": [12, 3, 3],
			"rotation": {"angle": 0, "axis": "y", "origin": [8, 8, 9]},
			"faces": {
				"north": {"uv": [0, 0, 4, 1], "rotation": 90, "texture": "#0"},
				"east": {"uv": [0, 0, 4, 1], "rotation": 90, "texture": "#0"},
				"south": {"uv": [0, 0, 4, 1], "rotation": 90, "texture": "#0"},
				"west": {"uv": [0, 0, 4, 1], "rotation": 90, "texture": "#0"},
				"up": {"uv": [0, 0, 4, 1], "rotation": 90, "texture": "#0"},
				"down": {"uv": [0, 0, 4, 1], "rotation": 90, "texture": "#0"}
			}
		},
		{
			"from": [12, 1, 3],
			"to": [13, 3, 4],
			"faces": {
				"north": {"uv": [0, 0, 4, 1], "rotation": 90, "texture": "#0"},
				"east": {"uv": [0, 0, 4, 1], "rotation": 90, "texture": "#0"},
				"south": {"uv": [0, 0, 4, 1], "rotation": 90, "texture": "#0"},
				"west": {"uv": [0, 0, 4, 1], "rotation": 90, "texture": "#0"},
				"up": {"uv": [0, 0, 4, 1], "rotation": 90, "texture": "#0"},
				"down": {"uv": [0, 0, 4, 1], "rotation": 90, "texture": "#0"}
			}
		},
		{
			"from": [13, 1, 4],
			"to": [14, 3, 6],
			"faces": {
				"north": {"uv": [0, 0, 4, 1], "rotation": 90, "texture": "#0"},
				"east": {"uv": [0, 0, 4, 1], "rotation": 90, "texture": "#0"},
				"south": {"uv": [0, 0, 4, 1], "rotation": 90, "texture": "#0"},
				"west": {"uv": [0, 0, 4, 1], "rotation": 90, "texture": "#0"},
				"up": {"uv": [0, 0, 4, 1], "rotation": 90, "texture": "#0"},
				"down": {"uv": [0, 0, 4, 1], "rotation": 90, "texture": "#0"}
			}
		},
		{
			"from": [13, 3, 6],
			"to": [14, 5, 10],
			"faces": {
				"north": {"uv": [0, 0, 4, 1], "rotation": 90, "texture": "#0"},
				"east": {"uv": [0, 0, 4, 1], "rotation": 90, "texture": "#0"},
				"south": {"uv": [0, 0, 4, 1], "rotation": 90, "texture": "#0"},
				"west": {"uv": [0, 0, 4, 1], "rotation": 90, "texture": "#0"},
				"up": {"uv": [0, 0, 4, 1], "rotation": 90, "texture": "#0"},
				"down": {"uv": [0, 0, 4, 1], "rotation": 90, "texture": "#0"}
			}
		},
		{
			"from": [12, 3, 10],
			"to": [13, 5, 12],
			"faces": {
				"north": {"uv": [12, 15, 16, 16], "rotation": 180, "texture": "#0"},
				"east": {"uv": [12, 15, 16, 16], "rotation": 180, "texture": "#0"},
				"south": {"uv": [12, 15, 16, 16], "rotation": 180, "texture": "#0"},
				"west": {"uv": [12, 15, 16, 16], "rotation": 180, "texture": "#0"},
				"up": {"uv": [12, 15, 16, 16], "rotation": 180, "texture": "#0"},
				"down": {"uv": [12, 15, 16, 16], "rotation": 180, "texture": "#0"}
			}
		},
		{
			"from": [10, 3, 12],
			"to": [12, 5, 13],
			"rotation": {"angle": 0, "axis": "y", "origin": [8, 8, 6]},
			"faces": {
				"north": {"uv": [12, 15, 16, 16], "rotation": 180, "texture": "#0"},
				"east": {"uv": [12, 15, 16, 16], "rotation": 180, "texture": "#0"},
				"south": {"uv": [12, 15, 16, 16], "rotation": 180, "texture": "#0"},
				"west": {"uv": [12, 15, 16, 16], "rotation": 180, "texture": "#0"},
				"up": {"uv": [12, 15, 16, 16], "rotation": 180, "texture": "#0"},
				"down": {"uv": [12, 15, 16, 16], "rotation": 180, "texture": "#0"}
			}
		},
		{
			"from": [6, 3, 13],
			"to": [10, 5, 14],
			"rotation": {"angle": 0, "axis": "y", "origin": [8, 8, 6]},
			"faces": {
				"north": {"uv": [0, 0, 4, 1], "rotation": 180, "texture": "#0"},
				"east": {"uv": [0, 0, 4, 1], "rotation": 180, "texture": "#0"},
				"south": {"uv": [0, 0, 4, 1], "rotation": 180, "texture": "#0"},
				"west": {"uv": [0, 0, 4, 1], "rotation": 180, "texture": "#0"},
				"up": {"uv": [0, 0, 4, 1], "rotation": 180, "texture": "#0"},
				"down": {"uv": [0, 0, 4, 1], "rotation": 180, "texture": "#0"}
			}
		},
		{
			"from": [4, 3, 12],
			"to": [6, 5, 13],
			"rotation": {"angle": 0, "axis": "y", "origin": [8, 8, 6]},
			"faces": {
				"north": {"uv": [12, 15, 16, 16], "rotation": 270, "texture": "#0"},
				"east": {"uv": [12, 15, 16, 16], "rotation": 270, "texture": "#0"},
				"south": {"uv": [12, 15, 16, 16], "rotation": 270, "texture": "#0"},
				"west": {"uv": [12, 15, 16, 16], "rotation": 270, "texture": "#0"},
				"up": {"uv": [12, 15, 16, 16], "rotation": 270, "texture": "#0"},
				"down": {"uv": [12, 15, 16, 16], "rotation": 270, "texture": "#0"}
			}
		},
		{
			"from": [3, 3, 10],
			"to": [4, 5, 12],
			"faces": {
				"north": {"uv": [12, 15, 16, 16], "rotation": 270, "texture": "#0"},
				"east": {"uv": [12, 15, 16, 16], "rotation": 270, "texture": "#0"},
				"south": {"uv": [12, 15, 16, 16], "rotation": 270, "texture": "#0"},
				"west": {"uv": [12, 15, 16, 16], "rotation": 270, "texture": "#0"},
				"up": {"uv": [12, 15, 16, 16], "rotation": 270, "texture": "#0"},
				"down": {"uv": [12, 15, 16, 16], "rotation": 270, "texture": "#0"}
			}
		},
		{
			"from": [2, 3, 6],
			"to": [3, 5, 10],
			"faces": {
				"north": {"uv": [0, 0, 4, 1], "rotation": 270, "texture": "#0"},
				"east": {"uv": [0, 0, 4, 1], "rotation": 270, "texture": "#0"},
				"south": {"uv": [0, 0, 4, 1], "rotation": 270, "texture": "#0"},
				"west": {"uv": [0, 0, 4, 1], "rotation": 270, "texture": "#0"},
				"up": {"uv": [0, 0, 4, 1], "rotation": 270, "texture": "#0"},
				"down": {"uv": [0, 0, 4, 1], "rotation": 270, "texture": "#0"}
			}
		},
		{
			"from": [3, 3, 4],
			"to": [4, 5, 6],
			"faces": {
				"north": {"uv": [12, 15, 16, 16], "texture": "#0"},
				"east": {"uv": [12, 15, 16, 16], "texture": "#0"},
				"south": {"uv": [12, 15, 16, 16], "texture": "#0"},
				"west": {"uv": [12, 15, 16, 16], "texture": "#0"},
				"up": {"uv": [12, 15, 16, 16], "texture": "#0"},
				"down": {"uv": [12, 15, 16, 16], "texture": "#0"}
			}
		},
		{
			"from": [4, 3, 3],
			"to": [6, 5, 4],
			"rotation": {"angle": 0, "axis": "y", "origin": [8, 8, 10]},
			"faces": {
				"north": {"uv": [12, 15, 16, 16], "texture": "#0"},
				"east": {"uv": [12, 15, 16, 16], "texture": "#0"},
				"south": {"uv": [12, 15, 16, 16], "texture": "#0"},
				"west": {"uv": [12, 15, 16, 16], "texture": "#0"},
				"up": {"uv": [12, 15, 16, 16], "texture": "#0"},
				"down": {"uv": [12, 15, 16, 16], "texture": "#0"}
			}
		},
		{
			"from": [6, 3, 2],
			"to": [10, 5, 3],
			"rotation": {"angle": 0, "axis": "y", "origin": [8, 8, 10]},
			"faces": {
				"north": {"uv": [0, 0, 4, 1], "rotation": 180, "texture": "#0"},
				"east": {"uv": [0, 0, 4, 1], "rotation": 180, "texture": "#0"},
				"south": {"uv": [0, 0, 4, 1], "rotation": 180, "texture": "#0"},
				"west": {"uv": [0, 0, 4, 1], "rotation": 180, "texture": "#0"},
				"up": {"uv": [0, 0, 4, 1], "rotation": 180, "texture": "#0"},
				"down": {"uv": [0, 0, 4, 1], "rotation": 180, "texture": "#0"}
			}
		},
		{
			"from": [10, 3, 3],
			"to": [12, 5, 4],
			"rotation": {"angle": 0, "axis": "y", "origin": [8, 8, 10]},
			"faces": {
				"north": {"uv": [12, 15, 16, 16], "rotation": 90, "texture": "#0"},
				"east": {"uv": [12, 15, 16, 16], "rotation": 90, "texture": "#0"},
				"south": {"uv": [12, 15, 16, 16], "rotation": 90, "texture": "#0"},
				"west": {"uv": [12, 15, 16, 16], "rotation": 90, "texture": "#0"},
				"up": {"uv": [12, 15, 16, 16], "rotation": 90, "texture": "#0"},
				"down": {"uv": [12, 15, 16, 16], "rotation": 90, "texture": "#0"}
			}
		},
		{
			"from": [12, 3, 4],
			"to": [13, 5, 6],
			"faces": {
				"north": {"uv": [12, 15, 16, 16], "rotation": 90, "texture": "#0"},
				"east": {"uv": [12, 15, 16, 16], "rotation": 90, "texture": "#0"},
				"south": {"uv": [12, 15, 16, 16], "rotation": 90, "texture": "#0"},
				"west": {"uv": [12, 15, 16, 16], "rotation": 90, "texture": "#0"},
				"up": {"uv": [12, 15, 16, 16], "rotation": 90, "texture": "#0"},
				"down": {"uv": [12, 15, 16, 16], "rotation": 90, "texture": "#0"}
			}
		},
		{
			"from": [12, 5, 6],
			"to": [13, 7, 10],
			"faces": {
				"north": {"uv": [0, 1, 4, 2], "rotation": 90, "texture": "#0"},
				"east": {"uv": [0, 1, 4, 2], "rotation": 90, "texture": "#0"},
				"south": {"uv": [0, 1, 4, 2], "rotation": 90, "texture": "#0"},
				"west": {"uv": [0, 1, 4, 2], "rotation": 90, "texture": "#0"},
				"up": {"uv": [0, 1, 4, 2], "rotation": 90, "texture": "#0"},
				"down": {"uv": [0, 1, 4, 2], "rotation": 90, "texture": "#0"}
			}
		},
		{
			"from": [11, 5, 10],
			"to": [12, 7, 11],
			"faces": {
				"north": {"uv": [0, 0, 4, 1], "rotation": 180, "texture": "#0"},
				"east": {"uv": [0, 0, 4, 1], "rotation": 180, "texture": "#0"},
				"south": {"uv": [0, 0, 4, 1], "rotation": 180, "texture": "#0"},
				"west": {"uv": [0, 0, 4, 1], "rotation": 180, "texture": "#0"},
				"up": {"uv": [0, 0, 4, 1], "rotation": 180, "texture": "#0"},
				"down": {"uv": [0, 0, 4, 1], "rotation": 180, "texture": "#0"}
			}
		},
		{
			"from": [10, 5, 11],
			"to": [12, 7, 12],
			"rotation": {"angle": 0, "axis": "y", "origin": [8, 8, 6]},
			"faces": {
				"north": {"uv": [0, 0, 4, 1], "rotation": 180, "texture": "#0"},
				"east": {"uv": [0, 0, 4, 1], "rotation": 180, "texture": "#0"},
				"south": {"uv": [0, 0, 4, 1], "rotation": 180, "texture": "#0"},
				"west": {"uv": [0, 0, 4, 1], "rotation": 180, "texture": "#0"},
				"up": {"uv": [0, 0, 4, 1], "rotation": 180, "texture": "#0"},
				"down": {"uv": [0, 0, 4, 1], "rotation": 180, "texture": "#0"}
			}
		},
		{
			"from": [6, 5, 12],
			"to": [10, 7, 13],
			"rotation": {"angle": 0, "axis": "y", "origin": [8, 8, 5]},
			"faces": {
				"north": {"uv": [0, 1, 4, 2], "rotation": 180, "texture": "#0"},
				"east": {"uv": [0, 1, 4, 2], "rotation": 180, "texture": "#0"},
				"south": {"uv": [0, 1, 4, 2], "rotation": 180, "texture": "#0"},
				"west": {"uv": [0, 1, 4, 2], "rotation": 180, "texture": "#0"},
				"up": {"uv": [0, 1, 4, 2], "rotation": 180, "texture": "#0"},
				"down": {"uv": [0, 1, 4, 2], "rotation": 180, "texture": "#0"}
			}
		},
		{
			"from": [4, 5, 11],
			"to": [6, 7, 12],
			"rotation": {"angle": 0, "axis": "y", "origin": [8, 8, 6]},
			"faces": {
				"north": {"uv": [0, 0, 4, 1], "rotation": 270, "texture": "#0"},
				"east": {"uv": [0, 0, 4, 1], "rotation": 270, "texture": "#0"},
				"south": {"uv": [0, 0, 4, 1], "rotation": 270, "texture": "#0"},
				"west": {"uv": [0, 0, 4, 1], "rotation": 270, "texture": "#0"},
				"up": {"uv": [0, 0, 4, 1], "rotation": 270, "texture": "#0"},
				"down": {"uv": [0, 0, 4, 1], "rotation": 270, "texture": "#0"}
			}
		},
		{
			"from": [4, 5, 10],
			"to": [5, 7, 11],
			"faces": {
				"north": {"uv": [0, 0, 4, 1], "rotation": 270, "texture": "#0"},
				"east": {"uv": [0, 0, 4, 1], "rotation": 270, "texture": "#0"},
				"south": {"uv": [0, 0, 4, 1], "rotation": 270, "texture": "#0"},
				"west": {"uv": [0, 0, 4, 1], "rotation": 270, "texture": "#0"},
				"up": {"uv": [0, 0, 4, 1], "rotation": 270, "texture": "#0"},
				"down": {"uv": [0, 0, 4, 1], "rotation": 270, "texture": "#0"}
			}
		},
		{
			"from": [3, 5, 6],
			"to": [4, 7, 10],
			"faces": {
				"north": {"uv": [0, 2, 4, 3], "rotation": 270, "texture": "#0"},
				"east": {"uv": [0, 2, 4, 3], "rotation": 270, "texture": "#0"},
				"south": {"uv": [0, 2, 4, 3], "rotation": 270, "texture": "#0"},
				"west": {"uv": [0, 2, 4, 3], "rotation": 270, "texture": "#0"},
				"up": {"uv": [0, 2, 4, 3], "rotation": 270, "texture": "#0"},
				"down": {"uv": [0, 2, 4, 3], "rotation": 270, "texture": "#0"}
			}
		},
		{
			"from": [4, 5, 5],
			"to": [5, 7, 6],
			"faces": {
				"north": {"uv": [0, 0, 4, 1], "texture": "#0"},
				"east": {"uv": [0, 0, 4, 1], "texture": "#0"},
				"south": {"uv": [0, 0, 4, 1], "texture": "#0"},
				"west": {"uv": [0, 0, 4, 1], "texture": "#0"},
				"up": {"uv": [0, 0, 4, 1], "texture": "#0"},
				"down": {"uv": [0, 0, 4, 1], "texture": "#0"}
			}
		},
		{
			"from": [4, 5, 4],
			"to": [6, 7, 5],
			"rotation": {"angle": 0, "axis": "y", "origin": [8, 8, 10]},
			"faces": {
				"north": {"uv": [0, 0, 4, 1], "texture": "#0"},
				"east": {"uv": [0, 0, 4, 1], "texture": "#0"},
				"south": {"uv": [0, 0, 4, 1], "texture": "#0"},
				"west": {"uv": [0, 0, 4, 1], "texture": "#0"},
				"up": {"uv": [0, 0, 4, 1], "texture": "#0"},
				"down": {"uv": [0, 0, 4, 1], "texture": "#0"}
			}
		},
		{
			"from": [6, 5, 3],
			"to": [10, 7, 4],
			"rotation": {"angle": 0, "axis": "y", "origin": [8, 8, 11]},
			"faces": {
				"north": {"uv": [1, 4, 5, 5], "rotation": 180, "texture": "#0"},
				"east": {"uv": [1, 4, 5, 5], "rotation": 180, "texture": "#0"},
				"south": {"uv": [1, 4, 5, 5], "rotation": 180, "texture": "#0"},
				"west": {"uv": [1, 4, 5, 5], "rotation": 180, "texture": "#0"},
				"up": {"uv": [1, 4, 5, 5], "rotation": 180, "texture": "#0"},
				"down": {"uv": [1, 4, 5, 5], "rotation": 180, "texture": "#0"}
			}
		},
		{
			"from": [6, 7, 4],
			"to": [10, 9, 5],
			"rotation": {"angle": 0, "axis": "y", "origin": [8, 8, 12]},
			"faces": {
				"north": {"uv": [0, 0, 4, 1], "rotation": 180, "texture": "#0"},
				"east": {"uv": [0, 0, 4, 1], "rotation": 180, "texture": "#0"},
				"south": {"uv": [0, 0, 4, 1], "rotation": 180, "texture": "#0"},
				"west": {"uv": [0, 0, 4, 1], "rotation": 180, "texture": "#0"},
				"up": {"uv": [0, 0, 4, 1], "rotation": 180, "texture": "#0"},
				"down": {"uv": [0, 0, 4, 1], "rotation": 180, "texture": "#0"}
			}
		},
		{
			"from": [6, 7, 11],
			"to": [10, 9, 12],
			"rotation": {"angle": 0, "axis": "y", "origin": [8, 8, 4]},
			"faces": {
				"north": {"uv": [0, 0, 4, 1], "rotation": 180, "texture": "#0"},
				"east": {"uv": [0, 0, 4, 1], "rotation": 180, "texture": "#0"},
				"south": {"uv": [0, 0, 4, 1], "rotation": 180, "texture": "#0"},
				"west": {"uv": [0, 0, 4, 1], "rotation": 180, "texture": "#0"},
				"up": {"uv": [0, 0, 4, 1], "rotation": 180, "texture": "#0"},
				"down": {"uv": [0, 0, 4, 1], "rotation": 180, "texture": "#0"}
			}
		},
		{
			"from": [5, 7, 9],
			"to": [7, 9, 11],
			"rotation": {"angle": 0, "axis": "y", "origin": [7, 8, 7]},
			"faces": {
				"north": {"uv": [3, 9, 7, 10], "rotation": 180, "texture": "#0"},
				"east": {"uv": [3, 9, 7, 10], "rotation": 180, "texture": "#0"},
				"south": {"uv": [3, 9, 7, 10], "rotation": 180, "texture": "#0"},
				"west": {"uv": [3, 9, 7, 10], "rotation": 180, "texture": "#0"},
				"up": {"uv": [3, 9, 7, 10], "rotation": 180, "texture": "#0"},
				"down": {"uv": [3, 9, 7, 10], "rotation": 180, "texture": "#0"}
			}
		},
		{
			"from": [9, 7, 9],
			"to": [11, 9, 11],
			"rotation": {"angle": 0, "axis": "y", "origin": [11, 8, 7]},
			"faces": {
				"north": {"uv": [3, 9, 7, 10], "rotation": 180, "texture": "#0"},
				"east": {"uv": [3, 9, 7, 10], "rotation": 180, "texture": "#0"},
				"south": {"uv": [3, 9, 7, 10], "rotation": 180, "texture": "#0"},
				"west": {"uv": [3, 9, 7, 10], "rotation": 180, "texture": "#0"},
				"up": {"uv": [3, 9, 7, 10], "rotation": 180, "texture": "#0"},
				"down": {"uv": [3, 9, 7, 10], "rotation": 180, "texture": "#0"}
			}
		},
		{
			"from": [9, 7, 5],
			"to": [11, 9, 7],
			"rotation": {"angle": 0, "axis": "y", "origin": [11, 8, 3]},
			"faces": {
				"north": {"uv": [3, 9, 7, 10], "rotation": 180, "texture": "#0"},
				"east": {"uv": [3, 9, 7, 10], "rotation": 180, "texture": "#0"},
				"south": {"uv": [3, 9, 7, 10], "rotation": 180, "texture": "#0"},
				"west": {"uv": [3, 9, 7, 10], "rotation": 180, "texture": "#0"},
				"up": {"uv": [3, 9, 7, 10], "rotation": 180, "texture": "#0"},
				"down": {"uv": [3, 9, 7, 10], "rotation": 180, "texture": "#0"}
			}
		},
		{
			"from": [5, 7, 5],
			"to": [7, 9, 7],
			"rotation": {"angle": 0, "axis": "y", "origin": [7, 8, 3]},
			"faces": {
				"north": {"uv": [0, 3, 4, 4], "rotation": 180, "texture": "#0"},
				"east": {"uv": [0, 3, 4, 4], "rotation": 180, "texture": "#0"},
				"south": {"uv": [0, 3, 4, 4], "rotation": 180, "texture": "#0"},
				"west": {"uv": [0, 3, 4, 4], "rotation": 180, "texture": "#0"},
				"up": {"uv": [0, 3, 4, 4], "rotation": 180, "texture": "#0"},
				"down": {"uv": [0, 3, 4, 4], "rotation": 180, "texture": "#0"}
			}
		},
		{
			"from": [9, 9, 9],
			"to": [10, 11, 10],
			"rotation": {"angle": 0, "axis": "y", "origin": [7, 10, 3]},
			"faces": {
				"north": {"uv": [0, 0, 4, 1], "rotation": 180, "texture": "#0"},
				"east": {"uv": [0, 0, 4, 1], "rotation": 180, "texture": "#0"},
				"south": {"uv": [0, 0, 4, 1], "rotation": 180, "texture": "#0"},
				"west": {"uv": [0, 0, 4, 1], "rotation": 180, "texture": "#0"},
				"up": {"uv": [0, 0, 4, 1], "rotation": 180, "texture": "#0"},
				"down": {"uv": [0, 0, 4, 1], "rotation": 180, "texture": "#0"}
			}
		},
		{
			"from": [9, 9, 6],
			"to": [10, 11, 7],
			"rotation": {"angle": 0, "axis": "y", "origin": [7, 10, 0]},
			"faces": {
				"north": {"uv": [0, 0, 4, 1], "rotation": 180, "texture": "#0"},
				"east": {"uv": [0, 0, 4, 1], "rotation": 180, "texture": "#0"},
				"south": {"uv": [0, 0, 4, 1], "rotation": 180, "texture": "#0"},
				"west": {"uv": [0, 0, 4, 1], "rotation": 180, "texture": "#0"},
				"up": {"uv": [0, 0, 4, 1], "rotation": 180, "texture": "#0"},
				"down": {"uv": [0, 0, 4, 1], "rotation": 180, "texture": "#0"}
			}
		},
		{
			"from": [6, 9, 6],
			"to": [7, 11, 7],
			"rotation": {"angle": 0, "axis": "y", "origin": [4, 10, 0]},
			"faces": {
				"north": {"uv": [0, 0, 4, 1], "rotation": 180, "texture": "#0"},
				"east": {"uv": [0, 0, 4, 1], "rotation": 180, "texture": "#0"},
				"south": {"uv": [0, 0, 4, 1], "rotation": 180, "texture": "#0"},
				"west": {"uv": [0, 0, 4, 1], "rotation": 180, "texture": "#0"},
				"up": {"uv": [0, 0, 4, 1], "rotation": 180, "texture": "#0"},
				"down": {"uv": [0, 0, 4, 1], "rotation": 180, "texture": "#0"}
			}
		},
		{
			"from": [6, 9, 9],
			"to": [7, 11, 10],
			"rotation": {"angle": 0, "axis": "y", "origin": [4, 10, 3]},
			"faces": {
				"north": {"uv": [0, 0, 4, 1], "rotation": 180, "texture": "#0"},
				"east": {"uv": [0, 0, 4, 1], "rotation": 180, "texture": "#0"},
				"south": {"uv": [0, 0, 4, 1], "rotation": 180, "texture": "#0"},
				"west": {"uv": [0, 0, 4, 1], "rotation": 180, "texture": "#0"},
				"up": {"uv": [0, 0, 4, 1], "rotation": 180, "texture": "#0"},
				"down": {"uv": [0, 0, 4, 1], "rotation": 180, "texture": "#0"}
			}
		},
		{
			"from": [7, 9, 5],
			"to": [9, 11, 6],
			"rotation": {"angle": 0, "axis": "y", "origin": [8, 8, 13]},
			"faces": {
				"north": {"uv": [12, 15, 16, 16], "rotation": 180, "texture": "#0"},
				"east": {"uv": [12, 15, 16, 16], "rotation": 180, "texture": "#0"},
				"south": {"uv": [12, 15, 16, 16], "rotation": 180, "texture": "#0"},
				"west": {"uv": [12, 15, 16, 16], "rotation": 180, "texture": "#0"},
				"up": {"uv": [12, 15, 16, 16], "rotation": 180, "texture": "#0"},
				"down": {"uv": [12, 15, 16, 16], "rotation": 180, "texture": "#0"}
			}
		},
		{
			"from": [7, 9, 10],
			"to": [9, 11, 11],
			"rotation": {"angle": 0, "axis": "y", "origin": [8, 8, 3]},
			"faces": {
				"north": {"uv": [12, 15, 16, 16], "rotation": 180, "texture": "#0"},
				"east": {"uv": [12, 15, 16, 16], "rotation": 180, "texture": "#0"},
				"south": {"uv": [12, 15, 16, 16], "rotation": 180, "texture": "#0"},
				"west": {"uv": [12, 15, 16, 16], "rotation": 180, "texture": "#0"},
				"up": {"uv": [12, 15, 16, 16], "rotation": 180, "texture": "#0"},
				"down": {"uv": [12, 15, 16, 16], "rotation": 180, "texture": "#0"}
			}
		},
		{
			"from": [7, 11, 6],
			"to": [9, 13, 7],
			"rotation": {"angle": 0, "axis": "y", "origin": [8, 8, 14]},
			"faces": {
				"north": {"uv": [0, 0, 4, 1], "rotation": 180, "texture": "#0"},
				"east": {"uv": [0, 1, 4, 2], "rotation": 180, "texture": "#0"},
				"south": {"uv": [0, 0, 4, 1], "rotation": 180, "texture": "#0"},
				"west": {"uv": [0, 1, 4, 2], "rotation": 180, "texture": "#0"},
				"up": {"uv": [0, 0, 4, 1], "rotation": 180, "texture": "#0"},
				"down": {"uv": [0, 0, 4, 1], "rotation": 180, "texture": "#0"}
			}
		},
		{
			"from": [7, 11, 9],
			"to": [9, 13, 10],
			"rotation": {"angle": 0, "axis": "y", "origin": [8, 8, 2]},
			"faces": {
				"north": {"uv": [0, 0, 4, 1], "rotation": 180, "texture": "#0"},
				"east": {"uv": [0, 1, 4, 2], "rotation": 180, "texture": "#0"},
				"south": {"uv": [0, 0, 4, 1], "rotation": 180, "texture": "#0"},
				"west": {"uv": [0, 1, 4, 2], "rotation": 180, "texture": "#0"},
				"up": {"uv": [0, 0, 4, 1], "rotation": 180, "texture": "#0"},
				"down": {"uv": [0, 0, 4, 1], "rotation": 180, "texture": "#0"}
			}
		},
		{
			"from": [7, 13, 7],
			"to": [9, 15, 9],
			"rotation": {"angle": 0, "axis": "y", "origin": [8, 8, 1]},
			"faces": {
				"north": {"uv": [12, 15, 16, 16], "rotation": 180, "texture": "#0"},
				"east": {"uv": [12, 15, 16, 16], "rotation": 180, "texture": "#0"},
				"south": {"uv": [12, 15, 16, 16], "rotation": 180, "texture": "#0"},
				"west": {"uv": [12, 15, 16, 16], "rotation": 180, "texture": "#0"},
				"up": {"uv": [12, 15, 16, 16], "rotation": 180, "texture": "#0"},
				"down": {"uv": [12, 15, 16, 16], "rotation": 180, "texture": "#0"}
			}
		},
		{
			"from": [10, 5, 4],
			"to": [11, 7, 5],
			"rotation": {"angle": 0, "axis": "y", "origin": [8, 8, 10]},
			"faces": {
				"north": {"uv": [0, 0, 4, 1], "rotation": 90, "texture": "#0"},
				"east": {"uv": [0, 0, 4, 1], "rotation": 90, "texture": "#0"},
				"south": {"uv": [0, 0, 4, 1], "rotation": 90, "texture": "#0"},
				"west": {"uv": [0, 0, 4, 1], "rotation": 90, "texture": "#0"},
				"up": {"uv": [0, 0, 4, 1], "rotation": 90, "texture": "#0"},
				"down": {"uv": [0, 0, 4, 1], "rotation": 90, "texture": "#0"}
			}
		},
		{
			"from": [11, 5, 4],
			"to": [12, 7, 6],
			"faces": {
				"north": {"uv": [0, 0, 4, 1], "rotation": 90, "texture": "#0"},
				"east": {"uv": [0, 0, 4, 1], "rotation": 90, "texture": "#0"},
				"south": {"uv": [0, 0, 4, 1], "rotation": 90, "texture": "#0"},
				"west": {"uv": [0, 0, 4, 1], "rotation": 90, "texture": "#0"},
				"up": {"uv": [0, 0, 4, 1], "rotation": 90, "texture": "#0"},
				"down": {"uv": [0, 0, 4, 1], "rotation": 90, "texture": "#0"}
			}
		},
		{
			"from": [6, 11, 7],
			"to": [7, 13, 9],
			"rotation": {"angle": 0, "axis": "y", "origin": [8, 8, 12]},
			"faces": {
				"north": {"uv": [0, 1, 4, 2], "rotation": 270, "texture": "#0"},
				"east": {"uv": [0, 0, 4, 1], "rotation": 270, "texture": "#0"},
				"south": {"uv": [1, 3, 5, 4], "rotation": 270, "texture": "#0"},
				"west": {"uv": [0, 0, 4, 1], "rotation": 270, "texture": "#0"},
				"up": {"uv": [0, 0, 4, 1], "rotation": 270, "texture": "#0"},
				"down": {"uv": [0, 0, 4, 1], "rotation": 270, "texture": "#0"}
			}
		},
		{
			"from": [5, 9, 7],
			"to": [6, 11, 9],
			"rotation": {"angle": 0, "axis": "y", "origin": [8, 8, 12]},
			"faces": {
				"north": {"uv": [12, 15, 16, 16], "rotation": 270, "texture": "#0"},
				"east": {"uv": [12, 15, 16, 16], "rotation": 270, "texture": "#0"},
				"south": {"uv": [12, 15, 16, 16], "rotation": 270, "texture": "#0"},
				"west": {"uv": [12, 15, 16, 16], "rotation": 270, "texture": "#0"},
				"up": {"uv": [12, 15, 16, 16], "rotation": 270, "texture": "#0"},
				"down": {"uv": [12, 15, 16, 16], "rotation": 270, "texture": "#0"}
			}
		},
		{
			"from": [4, 7, 6],
			"to": [5, 9, 10],
			"rotation": {"angle": 0, "axis": "y", "origin": [8, 8, 12]},
			"faces": {
				"north": {"uv": [0, 0, 4, 1], "rotation": 270, "texture": "#0"},
				"east": {"uv": [0, 0, 4, 1], "rotation": 270, "texture": "#0"},
				"south": {"uv": [0, 0, 4, 1], "rotation": 270, "texture": "#0"},
				"west": {"uv": [0, 0, 4, 1], "rotation": 270, "texture": "#0"},
				"up": {"uv": [0, 0, 4, 1], "rotation": 270, "texture": "#0"},
				"down": {"uv": [0, 0, 4, 1], "rotation": 270, "texture": "#0"}
			}
		},
		{
			"from": [9, 11, 7],
			"to": [10, 13, 9],
			"rotation": {"angle": 0, "axis": "y", "origin": [8, 8, 12]},
			"faces": {
				"north": {"uv": [0, 1, 4, 2], "rotation": 270, "texture": "#0"},
				"east": {"uv": [0, 0, 4, 1], "rotation": 270, "texture": "#0"},
				"south": {"uv": [0, 2, 4, 3], "rotation": 270, "texture": "#0"},
				"west": {"uv": [0, 0, 4, 1], "rotation": 270, "texture": "#0"},
				"up": {"uv": [0, 0, 4, 1], "rotation": 270, "texture": "#0"},
				"down": {"uv": [0, 0, 4, 1], "rotation": 270, "texture": "#0"}
			}
		},
		{
			"from": [10, 9, 7],
			"to": [11, 11, 9],
			"rotation": {"angle": 0, "axis": "y", "origin": [8, 8, 12]},
			"faces": {
				"north": {"uv": [12, 15, 16, 16], "rotation": 270, "texture": "#0"},
				"east": {"uv": [12, 15, 16, 16], "rotation": 270, "texture": "#0"},
				"south": {"uv": [12, 15, 16, 16], "rotation": 270, "texture": "#0"},
				"west": {"uv": [12, 15, 16, 16], "rotation": 270, "texture": "#0"},
				"up": {"uv": [12, 15, 16, 16], "rotation": 270, "texture": "#0"},
				"down": {"uv": [12, 15, 16, 16], "rotation": 270, "texture": "#0"}
			}
		},
		{
			"from": [11, 7, 6],
			"to": [12, 9, 10],
			"rotation": {"angle": 0, "axis": "y", "origin": [8, 8, 12]},
			"faces": {
				"north": {"uv": [0, 0, 4, 1], "rotation": 270, "texture": "#0"},
				"east": {"uv": [0, 0, 4, 1], "rotation": 270, "texture": "#0"},
				"south": {"uv": [0, 0, 4, 1], "rotation": 270, "texture": "#0"},
				"west": {"uv": [0, 0, 4, 1], "rotation": 270, "texture": "#0"},
				"up": {"uv": [0, 0, 4, 1], "rotation": 270, "texture": "#0"},
				"down": {"uv": [0, 0, 4, 1], "rotation": 270, "texture": "#0"}
			}
		}
	],
	"display": {
		"thirdperson_righthand": {
			"translation": [0, 2.5, 0],
			"scale": [0.16, 0.33, 0.16]
		},
		"thirdperson_lefthand": {
			"translation": [0, 2.5, 0],
			"scale": [0.17, 0.31, 0.17]
		},
		"firstperson_righthand": {
			"translation": [0, 2.5, 0],
			"scale": [0.13, 0.33, 0.13]
		},
		"firstperson_lefthand": {
			"translation": [0, 2.5, 0],
			"scale": [0.13, 0.35, 0.13]
		},
		"ground": {
			"scale": [0.15, 0.35, 0.15]
		},
		"gui": {
			"translation": [0, 0.5, 0],
			"scale": [0.47, 0.85, 0.47]
		},
		"head": {
			"rotation": [0, 0, 10],
			"translation": [-5.25, 9.75, 0],
			"scale": [0.24, 0.46, 0.24]
		},
		"fixed": {
			"translation": [0, 0, -1.25],
			"scale": [0.33, 0.58, 0.33]
		}
	},
	"groups": [
		{
			"name": "group",
			"origin": [8, 8, 8],
			"children": [0, 1, 2, 3, 4, 5, 6, 7, 8, 9, 10, 11, 12, 13, 14, 15, 16, 17, 18, 19]
		},
		{
			"name": "group",
			"origin": [8, 8, 8],
			"children": [20, 21, 22, 23, 24, 25, 26, 27, 28, 29, 30, 31, 32, 33, 34, 35, 36, 37, 38, 39, 40, 41, 42, 43, 44, 45]
		},
		{
			"name": "group",
			"origin": [9, 10, 10],
			"children": [46, 47, 48, 49, 50, 51, 52, 53, 54, 55, 56, 57, 58, 59, 60, 61, 62, 63, 64, 65, 66, 67, 68, 69, 70, 71, 72, 73]
		},
		{
			"name": "group",
			"origin": [10, 11, 10],
			"children": [74, 75, 76, 77, 78, 79, 80, 81, 82, 83, 84, 85, 86, 87, 88, 89, 90, 91, 92, 93, 94, 95, 96, 97, 98, 99, 100, 101]
		},
		{
			"name": "group",
			"origin": [7, 8, 8],
			"children": [102, 103, 104, 105, 106, 107, 108, 109, 110, 111, 112, 113, 114, 115, 116, 117]
		},
		{
			"name": "group",
			"origin": [7, 8, 8],
			"children": [118, 119, 120, 121, 122, 123, 124, 125, 126, 127, 128, 129]
		},
		{
			"name": "group",
			"origin": [7, 8, 8],
			"children": [130, 131, 132, 133, 134, 135, 136, 137, 138, 139, 140, 141, 142, 143, 144, 145, 146, 147, 148, 149, 150, 151, 152, 153, 154, 155, 156, 157, 158, 159, 160, 161, 162]
		}
	]
}