{
	"credit": "Made with Blockbench",
	"textures": {
		"0": "blocks/anvil",
		"1": "blocks/cut_sandstone",
		"particle": "block/sanvil"
	},
	"elements": [
		{
			"from": [3.08, 9.13, 4],
			"to": [4.48, 10.13, 12],
			"rotation": {"angle": 45, "axis": "z", "origin": [8, 8, 8]},
			"faces": {
				"north": {"uv": [0, 0, 8, 1.4], "texture": "#0"},
				"east": {"uv": [0, 0, 8, 1.4], "texture": "#0"},
				"south": {"uv": [0, 0, 8, 1.4], "texture": "#0"},
				"west": {"uv": [0, 0, 8, 1.4], "texture": "#0"},
				"up": {"uv": [0, 0, 2, 7.4], "rotation": 180, "texture": "#0"},
				"down": {"uv": [0, 0, 8, 1.4], "texture": "#0"}
			}
		},
		{
			"from": [0.9, 8.4, 3],
			"to": [2.3, 9.4, 13],
			"rotation": {"angle": 45, "axis": "z", "origin": [8, 8, 8]},
			"faces": {
				"north": {"uv": [0, 0, 10, 1.4], "texture": "#0"},
				"east": {"uv": [0, 0, 10, 1.4], "texture": "#0"},
				"south": {"uv": [0, 0, 10, 1.4], "texture": "#0"},
				"west": {"uv": [0, 0, 10, 1.4], "texture": "#0"},
				"up": {"uv": [0, 0, 2, 7.4], "rotation": 180, "texture": "#0"},
				"down": {"uv": [0, 0, 10, 1.4], "texture": "#0"}
			}
		},
		{
			"from": [-2.6, 7.7, 2],
			"to": [0.8, 8.7, 14],
			"rotation": {"angle": 45, "axis": "z", "origin": [8, 8, 8]},
			"faces": {
				"north": {"uv": [0, 0, 12, 3.4], "texture": "#0"},
				"east": {"uv": [0, 0, 12, 3.4], "texture": "#0"},
				"south": {"uv": [0, 0, 12, 3.4], "texture": "#0"},
				"west": {"uv": [0, 0, 12, 3.4], "texture": "#0"},
				"up": {"uv": [0, 0, 2, 7.4], "rotation": 180, "texture": "#0"},
				"down": {"uv": [0, 0, 12, 3.4], "texture": "#0"}
			}
		},
		{
			"from": [-2.6, 7.7, 1],
			"to": [-1.2, 8.7, 15],
			"rotation": {"angle": 45, "axis": "z", "origin": [8, 8, 8]},
			"faces": {
				"north": {"uv": [0, 0, 14, 1.4], "texture": "#0"},
				"east": {"uv": [0, 0, 14, 1.4], "texture": "#0"},
				"south": {"uv": [0, 0, 14, 1.4], "texture": "#0"},
				"west": {"uv": [0, 0, 14, 1.4], "texture": "#0"},
				"up": {"uv": [0, 0, 2, 7.4], "rotation": 180, "texture": "#0"},
				"down": {"uv": [0, 0, 14, 1.4], "texture": "#0"}
			}
		},
		{
			"from": [16, 7, 7],
			"to": [17, 11, 9],
			"faces": {
				"north": {"uv": [0, 0, 5, 2], "rotation": 270, "texture": "#0"},
				"east": {"uv": [0, 0, 2, 2], "texture": "#0"},
				"south": {"uv": [0, 0, 1, 2], "texture": "#0"},
				"west": {"uv": [0, 0, 2, 2], "texture": "#0"},
				"up": {"uv": [0, 0, 1, 2], "texture": "#0"},
				"down": {"uv": [0, 0, 1, 2], "texture": "#0"}
			}
		},
		{
			"from": [10, 11, 7],
			"to": [12, 13, 9],
			"faces": {
				"north": {"uv": [0, 0, 5, 2], "rotation": 270, "texture": "#0"},
				"east": {"uv": [0, 0, 2, 2], "texture": "#0"},
				"south": {"uv": [0, 0, 2, 2], "texture": "#0"},
				"west": {"uv": [0, 0, 2, 2], "texture": "#0"},
				"up": {"uv": [0, 0, 2, 2], "texture": "#0"},
				"down": {"uv": [0, 0, 2, 2], "texture": "#0"}
			}
		},
		{
			"from": [8, 12, 6],
			"to": [11, 13, 10],
			"faces": {
				"north": {"uv": [0, 0, 5, 2], "rotation": 270, "texture": "#0"},
				"east": {"uv": [0, 0, 4, 1], "texture": "#0"},
				"south": {"uv": [0, 0, 3, 1], "texture": "#0"},
				"west": {"uv": [0, 0, 4, 1], "texture": "#0"},
				"up": {"uv": [0, 0, 3, 3], "texture": "#0"},
				"down": {"uv": [0, 0, 3, 4], "texture": "#0"}
			}
		},
		{
			"from": [6, 11, 6],
			"to": [9, 12, 10],
			"faces": {
				"north": {"uv": [0, 0, 5, 2], "rotation": 270, "texture": "#0"},
				"east": {"uv": [0, 0, 4, 1], "texture": "#0"},
				"south": {"uv": [0, 0, 3, 1], "texture": "#0"},
				"west": {"uv": [0, 0, 4, 1], "texture": "#0"},
				"up": {"uv": [0, 0, 3, 4], "texture": "#0"},
				"down": {"uv": [0, 0, 3, 4], "texture": "#0"}
			}
		},
		{
			"from": [5, 8, 5],
			"to": [8, 11, 11],
			"faces": {
				"north": {"uv": [0, 0, 5, 2], "rotation": 270, "texture": "#0"},
				"east": {"uv": [0, 0, 6, 3], "texture": "#0"},
				"south": {"uv": [0, 0, 3, 3], "texture": "#0"},
				"west": {"uv": [0, 0, 6, 3], "texture": "#0"},
				"up": {"uv": [0, 0, 3, 6], "texture": "#0"},
				"down": {"uv": [0, 0, 3, 6], "texture": "#0"}
			}
		},
		{
			"from": [4, 6, 4],
			"to": [9, 9, 12],
			"faces": {
				"north": {"uv": [0, 0, 5, 2], "rotation": 270, "texture": "#0"},
				"east": {"uv": [0, 0, 8, 3], "texture": "#0"},
				"south": {"uv": [0, 0, 5, 3], "texture": "#0"},
				"west": {"uv": [0, 0, 8, 3], "texture": "#0"},
				"up": {"uv": [0, 0, 5, 8], "texture": "#0"},
				"down": {"uv": [0, 0, 5, 8], "texture": "#0"}
			}
		},
		{
			"from": [3, 4, 3],
			"to": [11, 6, 13],
			"faces": {
				"north": {"uv": [0, 0, 5, 2], "rotation": 270, "texture": "#1"},
				"east": {"uv": [0, 0, 10, 2], "rotation": 180, "texture": "#1"},
				"south": {"uv": [0, 0, 10, 2], "rotation": 270, "texture": "#1"},
				"west": {"uv": [0, 0, 10, 2], "rotation": 180, "texture": "#1"},
				"up": {"uv": [0, 0, 8, 10], "texture": "#0"},
				"down": {"uv": [0, 0, 8, 10], "texture": "#0"}
			}
		},
		{
			"from": [2, 2, 2],
			"to": [13, 4, 14],
			"faces": {
				"north": {"uv": [0, 0, 5, 2], "rotation": 270, "texture": "#0"},
				"east": {"uv": [0, 0, 12, 2], "texture": "#0"},
				"south": {"uv": [0, 0, 11, 2], "texture": "#0"},
				"west": {"uv": [0, 0, 12, 2], "texture": "#0"},
				"up": {"uv": [0, 0, 11, 12], "texture": "#0"},
				"down": {"uv": [0, 0, 11, 12], "texture": "#0"}
			}
		},
		{
			"from": [1, 1, 1],
			"to": [15, 2, 15],
			"faces": {
				"north": {"uv": [0, 0, 5, 2], "rotation": 270, "texture": "#0"},
				"east": {"uv": [0, 0, 14, 1], "texture": "#0"},
				"south": {"uv": [0, 0, 14, 1], "texture": "#0"},
				"west": {"uv": [0, 0, 14, 1], "texture": "#0"},
				"up": {"uv": [0, 0, 14, 14], "texture": "#0"},
				"down": {"uv": [0, 0, 14, 14], "texture": "#0"}
			}
		},
		{
			"from": [0, 0, 0],
			"to": [16, 1, 16],
			"faces": {
				"north": {"uv": [0, 0, 5, 2], "rotation": 270, "texture": "#0"},
				"east": {"uv": [0, 0, 16, 1], "texture": "#0"},
				"south": {"uv": [0, 0, 16, 1], "texture": "#0"},
				"west": {"uv": [0, 0, 16, 1], "texture": "#0"},
				"up": {"uv": [0, 0, 16, 16], "texture": "#0"},
				"down": {"uv": [0, 0, 16, 16], "texture": "#0"}
			}
		},
		{
			"from": [4, 3.08, 9.13],
			"to": [9, 4.48, 10.13],
			"rotation": {"angle": -45, "axis": "x", "origin": [8, 8, 8]},
			"faces": {
				"north": {"uv": [0, 0, 5, 1.4], "texture": "#0"},
				"east": {"uv": [0, 0, 1, 1.4], "texture": "#0"},
				"south": {"uv": [0, 0, 5, 1.4], "texture": "#0"},
				"west": {"uv": [0, 0, 1.4, 1], "rotation": 90, "texture": "#0"},
				"up": {"uv": [0, 0, 1, 5], "rotation": 270, "texture": "#0"},
				"down": {"uv": [0, 0, 1, 5], "rotation": 90, "texture": "#0"}
			}
		},
		{
			"from": [3, 0.9, 8.4],
			"to": [11, 2.3, 9.4],
			"rotation": {"angle": -45, "axis": "x", "origin": [8, 8, 8]},
			"faces": {
				"north": {"uv": [0, 0, 8, 1.4], "texture": "#0"},
				"east": {"uv": [0, 0, 1, 1.4], "texture": "#0"},
				"south": {"uv": [0, 0, 8, 1.4], "texture": "#0"},
				"west": {"uv": [0, 0, 1.4, 1], "rotation": 90, "texture": "#0"},
				"up": {"uv": [0, 0, 1, 8], "rotation": 270, "texture": "#0"},
				"down": {"uv": [0, 0, 1, 8], "rotation": 90, "texture": "#0"}
			}
		},
		{
			"from": [2, -2.6, 7.7],
			"to": [13, 0.8, 8.7],
			"rotation": {"angle": -45, "axis": "x", "origin": [8, 8, 8]},
			"faces": {
				"north": {"uv": [0, 0, 11, 3.4], "texture": "#0"},
				"east": {"uv": [0, 0, 1, 3.4], "texture": "#0"},
				"south": {"uv": [0, 0, 11, 3.4], "texture": "#0"},
				"west": {"uv": [0, 0, 3.4, 1], "rotation": 90, "texture": "#0"},
				"up": {"uv": [0, 0, 1, 11], "rotation": 270, "texture": "#0"},
				"down": {"uv": [0, 0, 1, 11], "rotation": 90, "texture": "#0"}
			}
		},
		{
			"from": [1, -2.6, 7.7],
			"to": [15, -1.2, 8.7],
			"rotation": {"angle": -45, "axis": "x", "origin": [8, 8, 8]},
			"faces": {
				"north": {"uv": [0, 0, 14, 1.4], "texture": "#0"},
				"east": {"uv": [0, 0, 1, 1.4], "texture": "#0"},
				"south": {"uv": [0, 0, 14, 1.4], "texture": "#0"},
				"west": {"uv": [0, 0, 1.4, 1], "rotation": 90, "texture": "#0"},
				"up": {"uv": [0, 0, 1, 14], "rotation": 270, "texture": "#0"},
				"down": {"uv": [0, 0, 1, 14], "rotation": 90, "texture": "#0"}
			}
		},
		{
			"from": [5, 5.9, 10.55],
			"to": [8, 7.35, 11.55],
			"rotation": {"angle": -45, "axis": "x", "origin": [8, 8, 8]},
			"faces": {
				"north": {"uv": [0, 0, 3, 1.45], "texture": "#0"},
				"east": {"uv": [0, 0, 1, 1.45], "texture": "#0"},
				"south": {"uv": [0, 0, 3, 1.45], "texture": "#0"},
				"west": {"uv": [0, 0, 1.45, 1], "rotation": 90, "texture": "#0"},
				"up": {"uv": [0, 0, 1, 3], "rotation": 270, "texture": "#0"},
				"down": {"uv": [0, 0, 1, 3], "rotation": 90, "texture": "#0"}
			}
		},
		{
			"from": [4, 9.13, 3.08],
			"to": [9, 10.13, 4.48],
			"rotation": {"angle": -45, "axis": "x", "origin": [8, 8, 8]},
			"faces": {
				"north": {"uv": [0, 0, 16, 16], "rotation": 90, "texture": "#0"},
				"east": {"uv": [0, 0, 1.4, 1], "texture": "#0"},
				"south": {"uv": [0, 0, 1, 5], "rotation": 90, "texture": "#0"},
				"west": {"uv": [0, 0, 1, 1.4], "rotation": 90, "texture": "#0"},
				"up": {"uv": [0, 0, 5, 1.4], "rotation": 180, "texture": "#0"},
				"down": {"uv": [0, 0, 5, 1.4], "texture": "#0"}
			}
		},
		{
			"from": [3, 8.4, 0.9],
			"to": [11, 9.4, 2.3],
			"rotation": {"angle": -45, "axis": "x", "origin": [8, 8, 8]},
			"faces": {
				"north": {"uv": [0, 0, 16, 16], "rotation": 90, "texture": "#0"},
				"east": {"uv": [0, 0, 1.4, 1], "texture": "#0"},
				"south": {"uv": [0, 0, 1, 8], "rotation": 90, "texture": "#0"},
				"west": {"uv": [0, 0, 1, 1.4], "rotation": 90, "texture": "#0"},
				"up": {"uv": [0, 0, 8, 1.4], "rotation": 180, "texture": "#0"},
				"down": {"uv": [0, 0, 8, 1.4], "texture": "#0"}
			}
		},
		{
			"from": [2, 7.7, -2.6],
			"to": [13, 8.7, 0.8],
			"rotation": {"angle": -45, "axis": "x", "origin": [8, 8, 8]},
			"faces": {
				"north": {"uv": [0, 0, 16, 16], "rotation": 90, "texture": "#0"},
				"east": {"uv": [0, 0, 3.4, 1], "texture": "#0"},
				"south": {"uv": [0, 0, 1, 11], "rotation": 90, "texture": "#0"},
				"west": {"uv": [0, 0, 1, 3.4], "rotation": 90, "texture": "#0"},
				"up": {"uv": [0, 0, 11, 3.4], "rotation": 180, "texture": "#0"},
				"down": {"uv": [0, 0, 11, 3.4], "texture": "#0"}
			}
		},
		{
			"from": [1, 7.7, -2.6],
			"to": [15, 8.7, -1.2],
			"rotation": {"angle": -45, "axis": "x", "origin": [8, 8, 8]},
			"faces": {
				"north": {"uv": [0, 0, 16, 16], "rotation": 90, "texture": "#0"},
				"east": {"uv": [0, 0, 1.4, 1], "texture": "#0"},
				"south": {"uv": [0, 0, 1, 14], "rotation": 90, "texture": "#0"},
				"west": {"uv": [0, 0, 1, 1.4], "rotation": 90, "texture": "#0"},
				"up": {"uv": [0, 0, 14, 1.4], "rotation": 180, "texture": "#0"},
				"down": {"uv": [0, 0, 14, 1.4], "texture": "#0"}
			}
		},
		{
			"from": [5, 10.55, 5.9],
			"to": [8, 11.55, 7.35],
			"rotation": {"angle": -45, "axis": "x", "origin": [6, 8, 8]},
			"faces": {
				"north": {"uv": [0, 0, 16, 16], "rotation": 90, "texture": "#0"},
				"east": {"uv": [0, 0, 1.45, 1], "texture": "#0"},
				"south": {"uv": [0, 0, 1, 3], "rotation": 90, "texture": "#0"},
				"west": {"uv": [0, 0, 1, 1.45], "rotation": 90, "texture": "#0"},
				"up": {"uv": [0, 0, 3, 1.45], "rotation": 180, "texture": "#0"},
				"down": {"uv": [0, 0, 3, 1.45], "texture": "#0"}
			}
		},
		{
			"from": [5.9, 10.55, 5],
			"to": [7.35, 11.55, 11],
			"rotation": {"angle": 45, "axis": "z", "origin": [8, 8, 8]},
			"faces": {
				"north": {"uv": [0, 0, 1.45, 1], "texture": "#0"},
				"east": {"uv": [0, 0, 1, 6], "rotation": 90, "texture": "#0"},
				"south": {"uv": [0, 0, 1, 1.45], "rotation": 90, "texture": "#0"},
				"west": {"uv": [0, 0, 1, 6], "rotation": 90, "texture": "#0"},
				"up": {"uv": [0, 0, 6, 1.45], "rotation": 90, "texture": "#0"},
				"down": {"uv": [0, 0, 6, 1.45], "rotation": 90, "texture": "#0"}
			}
		},
		{
			"from": [17.2, 7.7, 1],
			"to": [18.6, 8.7, 15],
			"rotation": {"angle": -45, "axis": "z", "origin": [8, 8, 8]},
			"faces": {
				"north": {"uv": [0, 0, 1, 1.4], "rotation": 90, "texture": "#0"},
				"east": {"uv": [0, 0, 1, 14], "rotation": 90, "texture": "#0"},
				"south": {"uv": [0, 0, 1.4, 1], "texture": "#0"},
				"west": {"uv": [0, 0, 1, 14], "rotation": 90, "texture": "#0"},
				"up": {"uv": [0, 0, 14, 1.4], "rotation": 270, "texture": "#0"},
				"down": {"uv": [0, 0, 14, 1.4], "rotation": 270, "texture": "#0"}
			}
		},
		{
			"from": [15.05, 7, 2],
			"to": [16.55, 8, 14],
			"rotation": {"angle": -45, "axis": "z", "origin": [8, 8, 8]},
			"faces": {
				"north": {"uv": [0, 0, 1, 1.5], "rotation": 90, "texture": "#0"},
				"east": {"uv": [0, 0, 1, 12], "rotation": 90, "texture": "#0"},
				"south": {"uv": [0, 0, 1.5, 1], "texture": "#0"},
				"west": {"uv": [0, 0, 1, 12], "rotation": 90, "texture": "#0"},
				"up": {"uv": [0, 0, 12, 1.5], "rotation": 270, "texture": "#0"},
				"down": {"uv": [0, 0, 12, 1.5], "rotation": 270, "texture": "#0"}
			}
		},
		{
			"from": [12.2, 7, 3],
			"to": [13.7, 8, 13],
			"rotation": {"angle": -45, "axis": "z", "origin": [8, 8, 8]},
			"faces": {
				"north": {"uv": [0, 0, 1, 1.5], "rotation": 90, "texture": "#0"},
				"east": {"uv": [0, 0, 1, 10], "rotation": 90, "texture": "#0"},
				"south": {"uv": [0, 0, 1.5, 1], "texture": "#0"},
				"west": {"uv": [0, 0, 1, 10], "rotation": 90, "texture": "#0"},
				"up": {"uv": [0, 0, 10, 1.5], "rotation": 270, "texture": "#0"},
				"down": {"uv": [0, 0, 10, 1.5], "rotation": 270, "texture": "#0"}
			}
		},
		{
			"from": [9.4, 7, 4],
			"to": [10.9, 8, 12],
			"rotation": {"angle": -45, "axis": "z", "origin": [8, 8, 8]},
			"faces": {
				"north": {"uv": [0, 0, 1, 1.5], "rotation": 90, "texture": "#0"},
				"east": {"uv": [0, 0, 1, 8], "rotation": 90, "texture": "#0"},
				"south": {"uv": [0, 0, 1.5, 1], "texture": "#0"},
				"west": {"uv": [0, 0, 1, 8], "rotation": 90, "texture": "#0"},
				"up": {"uv": [0, 0, 8, 1.5], "rotation": 270, "texture": "#0"},
				"down": {"uv": [0, 0, 8, 1.5], "rotation": 270, "texture": "#0"}
			}
		},
		{
			"from": [6.5, 8.4, 5],
			"to": [8, 9.4, 11],
			"rotation": {"angle": -45, "axis": "z", "origin": [8, 8, 8]},
			"faces": {
				"north": {"uv": [0, 0, 1, 1.5], "rotation": 90, "texture": "#0"},
				"east": {"uv": [0, 0, 1, 6], "rotation": 90, "texture": "#0"},
				"south": {"uv": [0, 0, 1.5, 1], "texture": "#0"},
				"west": {"uv": [0, 0, 1, 6], "rotation": 90, "texture": "#0"},
				"up": {"uv": [0, 0, 6, 1.5], "rotation": 270, "texture": "#0"},
				"down": {"uv": [0, 0, 6, 1.5], "rotation": 270, "texture": "#0"}
			}
		},
		{
			"from": [9.8, 12.15, 7],
			"to": [14.8, 14.15, 9],
			"rotation": {"angle": -22.5, "axis": "z", "origin": [8, 8, 8]},
			"faces": {
				"north": {"uv": [0, 0, 4, 2], "rotation": 90, "texture": "#0"},
				"east": {"uv": [0, 0, 2, 2], "rotation": 90, "texture": "#0"},
				"south": {"uv": [0, 0, 5, 2], "texture": "#0"},
				"west": {"uv": [0, 0, 2, 2], "rotation": 90, "texture": "#0"},
				"up": {"uv": [0, 0, 2, 5], "rotation": 270, "texture": "#0"},
				"down": {"uv": [0, 0, 2, 5], "rotation": 270, "texture": "#0"}
			}
		},
		{
			"from": [9.15, 9.4, 6],
			"to": [12.58, 10.4, 10],
			"rotation": {"angle": 45, "axis": "z", "origin": [8, 8, 8]},
			"faces": {
				"north": {"uv": [0, 0, 4, 2], "texture": "#0"},
				"east": {"uv": [0, 0, 1, 4], "rotation": 90, "texture": "#0"},
				"south": {"uv": [0, 0, 1, 3.43], "rotation": 90, "texture": "#0"},
				"west": {"uv": [0, 0, 1, 4], "rotation": 90, "texture": "#0"},
				"up": {"uv": [0, 0, 4, 3.43], "rotation": 90, "texture": "#0"},
				"down": {"uv": [0, 0, 4, 3.43], "rotation": 90, "texture": "#0"}
			}
		},
		{
			"from": [10.15, 10.5, 6],
			"to": [11.58, 11.5, 10],
			"rotation": {"angle": 45, "axis": "z", "origin": [8, 8, 8]},
			"faces": {
				"north": {"uv": [0, 0, 4, 2], "texture": "#0"},
				"east": {"uv": [0, 0, 1, 4], "rotation": 90, "texture": "#0"},
				"south": {"uv": [0, 0, 1, 1.43], "rotation": 90, "texture": "#0"},
				"west": {"uv": [0, 0, 1, 4], "rotation": 90, "texture": "#0"},
				"up": {"uv": [0, 0, 4, 1.43], "rotation": 90, "texture": "#0"},
				"down": {"uv": [0, 0, 4, 1.43], "rotation": 90, "texture": "#0"}
			}
		},
		{
			"from": [6, 7.98, 11.22],
			"to": [7.45, 9.43, 12.22],
			"rotation": {"angle": -45, "axis": "x", "origin": [8, 8, 8]},
			"faces": {
				"north": {"uv": [0, 0, 4, 2], "texture": "#0"},
				"east": {"uv": [0, 0, 1, 1.45], "texture": "#0"},
				"south": {"uv": [0, 0, 1.45, 1.45], "texture": "#0"},
				"west": {"uv": [0, 0, 1.45, 1], "rotation": 90, "texture": "#0"},
				"up": {"uv": [0, 0, 1, 1.45], "rotation": 270, "texture": "#0"},
				"down": {"uv": [0, 0, 1, 1.45], "rotation": 90, "texture": "#0"}
			}
		},
		{
			"from": [6, 11.21, 8],
			"to": [8, 12.21, 9.45],
			"rotation": {"angle": -45, "axis": "x", "origin": [6, 8, 8]},
			"faces": {
				"north": {"uv": [0, 0, 4, 2], "rotation": 90, "texture": "#0"},
				"east": {"uv": [0, 0, 1.45, 1], "texture": "#0"},
				"south": {"uv": [0, 0, 1, 2], "rotation": 90, "texture": "#0"},
				"west": {"uv": [0, 0, 1, 1.45], "rotation": 90, "texture": "#0"},
				"up": {"uv": [0, 0, 2, 1.45], "rotation": 180, "texture": "#0"},
				"down": {"uv": [0, 0, 2, 1.45], "texture": "#0"}
			}
		},
		{
			"from": [8, 11.23, 6],
			"to": [9.43, 12.23, 10],
			"rotation": {"angle": 45, "axis": "z", "origin": [8, 8, 8]},
			"faces": {
				"north": {"uv": [0, 0, 4, 2], "texture": "#0"},
				"east": {"uv": [0, 0, 1, 4], "rotation": 90, "texture": "#0"},
				"south": {"uv": [0, 0, 1, 1.43], "rotation": 90, "texture": "#0"},
				"west": {"uv": [0, 0, 1, 4], "rotation": 90, "texture": "#0"},
				"up": {"uv": [0, 0, 3, 1.45], "texture": "#0"},
				"down": {"uv": [0, 0, 4, 1.43], "rotation": 90, "texture": "#0"}
			}
		}
	],
	"display": {
		"head": {
			"rotation": [0, -90, -5],
			"translation": [0, 12.5, 1.5],
			"scale": [1.5, 1, 1.5]
		}
	},
	"groups": [
		{
			"name": "group",
			"origin": [8, 8, 8],
			"children": [0, 1, 2, 3]
		},
		{
			"name": "group",
			"origin": [8, 8, 8],
			"children": [4, 5, 6, 7, 8, 9, 10, 11, 12, 13]
		},
		{
			"name": "group",
			"origin": [8, 8, 8],
			"children": [14, 15, 16, 17, 18]
		},
		{
			"name": "group",
			"origin": [8, 8, 8],
			"children": [19, 20, 21, 22, 23]
		},
		{
			"name": "group",
			"origin": [8, 8, 8],
			"children": [24, 25, 26, 27, 28, 29]
		},
		{
			"name": "group",
			"origin": [8, 8, 8],
			"children": [30, 31, 32, 33, 34, 35]
		}
	]
}