{
	"credit": "Made with Blockbench, a free, modern block model editor by JannisX11",
	"textures": {
		"0": "items/halloween/3cree",
		"particle": "items/halloween/3cree"
	},
	"elements": [
		{
			"name": "cube",
			"from": [4, 0, 4],
			"to": [12, 8, 12],
			"faces": {
				"north": {"uv": [0, 0, 8, 8], "texture": "#0"},
				"east": {"uv": [8, 0, 16, 8], "texture": "#0"},
				"south": {"uv": [8, 0, 16, 8], "texture": "#0"},
				"west": {"uv": [8, 0, 16, 8], "texture": "#0"},
				"up": {"uv": [8, 0, 16, 8], "texture": "#0"},
				"down": {"uv": [8, 0, 16, 8], "texture": "#0"}
			}
		},
		{
			"name": "cube",
			"from": [5, 8, 5],
			"to": [11, 14, 11],
			"faces": {
				"north": {"uv": [8, 8, 16, 16], "texture": "#0"},
				"east": {"uv": [0, 8, 8, 16], "texture": "#0"},
				"south": {"uv": [0, 8, 8, 16], "texture": "#0"},
				"west": {"uv": [0, 8, 8, 16], "texture": "#0"},
				"up": {"uv": [0, 8, 8, 16], "texture": "#0"},
				"down": {"uv": [0, 0, 8, 8], "texture": "#0"}
			}
		},
		{
			"name": "cube",
			"from": [6, 14, 6],
			"to": [10, 18, 10],
			"faces": {
				"north": {"uv": [0, 0, 8, 8], "texture": "#0"},
				"east": {"uv": [8, 0, 16, 8], "texture": "#0"},
				"south": {"uv": [8, 0, 16, 8], "texture": "#0"},
				"west": {"uv": [8, 0, 16, 8], "texture": "#0"},
				"up": {"uv": [8, 0, 16, 8], "texture": "#0"},
				"down": {"uv": [0, 0, 8, 8], "texture": "#0"}
			}
		}
	],
	"groups": [0, 1, 2],
	"display": {
		"thirdperson_righthand": {
			"scale": [0.4, 0.4, 0.4],
			"translation": [-0.5, 2.5, 0]
		},
		"head": {
			"scale": [1, 1, 1],
			"translation": [0, 14.5, 0]
		},
		"firstperson_righthand": {"scale": [1, 1, 1]},
		"thirdperson_lefthand": {
			"scale": [0.4, 0.4, 0.4],
			"rotation": [0, 0, 0],
			"translation": [-0.5, 2.5, 0]
		},
		"fixed": {
			"scale": [1, 1, 1],
			"translation": [0, -1, 0]
		},
		"ground": {"scale": [0.6, 0.6, 0.6]},
		"gui": {
			"scale": [0.85, 0.85, 0.85],
			"rotation": [0, 180, 0],
			"translation": [0, -1, 0]
		},
		"firstperson_lefthand": {"scale": [1, 1, 1]}
	}
}