{
	"credit": "Made with Blockbench, a free, modern block model editor by JannisX11",
	"textures": {
		"0": "items/halloween/candle",
		"particle": "items/halloween/candle"
	},
	"elements": [
		{
			"name": "cube",
			"from": [4, 0, 3],
			"to": [11, 2, 10],
			"faces": {
				"north": {"uv": [0, 0, 7, 7], "texture": "#0"},
				"east": {"uv": [0, 0, 7, 7], "texture": "#0"},
				"south": {"uv": [0, 0, 7, 7], "texture": "#0"},
				"west": {"uv": [0, 0, 7, 7], "texture": "#0"},
				"up": {"uv": [0, 0, 7, 7], "texture": "#0"},
				"down": {"uv": [0, 0, 7, 7], "texture": "#0"}
			}
		},
		{
			"name": "cube",
			"from": [6, 2, 5],
			"to": [9, 13, 8],
			"faces": {
				"north": {"uv": [13, 5, 16, 16], "texture": "#0"},
				"east": {"uv": [13, 5, 16, 16], "texture": "#0"},
				"south": {"uv": [13, 5, 16, 16], "texture": "#0"},
				"west": {"uv": [13, 5, 16, 16], "texture": "#0"},
				"up": {"uv": [13, 13, 16, 16], "texture": "#0"},
				"down": {"uv": [0, 0, 3, 3], "texture": "#0"}
			}
		},
		{
			"name": "cube",
			"from": [7, 13, 6],
			"to": [8, 15, 7],
			"faces": {
				"north": {"uv": [15, 0, 16, 2], "texture": "#0"},
				"east": {"uv": [15, 0, 16, 2], "texture": "#0"},
				"south": {
					"uv": [0, 0, 1, 2],
					"texture": "#0"
				},
				"west": {"uv": [15, 0, 16, 2], "texture": "#0"},
				"up": {"uv": [15, 0, 16, 2], "texture": "#0"},
				"down": {"uv": [0, 0, 1, 2], "texture": "#0"}
			}
		},
		{
			"name": "cube",
			"from": [3, 1, 3],
			"to": [4, 3, 10],
			"faces": {
				"north": {"uv": [0, 0, 7, 2], "texture": "#0"},
				"east": {"uv": [0, 0, 7, 2], "texture": "#0"},
				"south": {"uv": [0, 0, 7, 2], "texture": "#0"},
				"west": {"uv": [0, 0, 7, 2], "texture": "#0"},
				"up": {"uv": [0, 15, 7, 16], "texture": "#0"},
				"down": {"uv": [0, 0, 7, 2], "texture": "#0"}
			}
		},
		{
			"name": "cube",
			"from": [4, 1, 10],
			"to": [11, 3, 11],
			"faces": {
				"north": {"uv": [0, 0, 7, 2], "texture": "#0"},
				"east": {"uv": [0, 0, 7, 2], "texture": "#0"},
				"south": {"uv": [0, 11, 7, 12], "texture": "#0"},
				"west": {"uv": [0, 0, 7, 2], "texture": "#0"},
				"up": {"uv": [0, 15, 7, 16], "texture": "#0"},
				"down": {"uv": [0, 0, 7, 2], "texture": "#0"}
			}
		},
		{
			"name": "cube",
			"from": [11, 1, 3],
			"to": [12, 3, 10],
			"faces": {
				"north": {"uv": [0, 0, 7, 2], "texture": "#0"},
				"east": {"uv": [0, 0, 7, 2], "texture": "#0"},
				"south": {"uv": [0, 0, 7, 2], "texture": "#0"},
				"west": {"uv": [0, 0, 7, 2], "texture": "#0"},
				"up": {"uv": [0, 15, 7, 16], "texture": "#0"},
				"down": {"uv": [0, 0, 7, 2], "texture": "#0"}
			}
		},
		{
			"name": "cube",
			"from": [4, 1, 2],
			"to": [11, 3, 3],
			"faces": {
				"north": {"uv": [0, 0, 7, 2], "texture": "#0"},
				"east": {"uv": [0, 0, 7, 2], "texture": "#0"},
				"south": {"uv": [0, 0, 7, 2], "texture": "#0"},
				"west": {"uv": [0, 0, 7, 2], "texture": "#0"},
				"up": {"uv": [0, 15, 7, 16], "texture": "#0"},
				"down": {"uv": [0, 0, 7, 2], "texture": "#0"}
			}
		}
	],
	"groups": [0, 1, 2, 3, 4, 5, 6]
}