{
	"credit": "Made with Blockbench, a free, modern block model editor by JannisX11",
	"textures": {
		"0": "items/halloween/candy",
		"particle": "items/halloween/candy"
	},
	"elements": [
		{
			"name": "cube",
			"from": [7, 0, 4],
			"to": [8, 9, 5],
			"faces": {
				"north": {"uv": [15, 0, 16, 9], "texture": "#0"},
				"east": {"uv": [15, 1, 16, 10], "texture": "#0"},
				"south": {"uv": [15, 0, 16, 9], "texture": "#0"},
				"west": {"uv": [15, 0, 16, 9], "texture": "#0"},
				"up": {"uv": [0, 0, 1, 1], "texture": "#0"},
				"down": {"uv": [15, 1, 16, 4], "texture": "#0"}
			}
		},
		{
			"name": "cube",
			"from": [4, 9, 3],
			"to": [11, 18, 6],
			"faces": {
				"north": {"uv": [1, 0, 8, 9], "texture": "#0"},
				"east": {"uv": [0, 7, 3, 16], "texture": "#0"},
				"south": {"uv": [1, 0, 8, 9], "texture": "#0"},
				"west": {"uv": [0, 7, 3, 16], "texture": "#0"},
				"up": {"uv": [0, 13, 7, 16], "texture": "#0"},
				"down": {"uv": [0, 13, 7, 16], "texture": "#0"}
			}
		},
		{
			"name": "cube",
			"from": [3, 10, 3],
			"to": [4, 17, 6],
			"faces": {
				"north": {"uv": [0, 0, 1, 7], "texture": "#0"},
				"east": {"uv": [0, 0, 3, 7], "texture": "#0"},
				"south": {"uv": [0, 0, 1, 7], "texture": "#0"},
				"west": {"uv": [10, 0, 13, 7], "texture": "#0"},
				"up": {"uv": [0, 0, 1, 3], "texture": "#0"},
				"down": {"uv": [0, 0, 1, 3], "texture": "#0"}
			}
		},
		{
			"name": "cube",
			"from": [11, 10, 3],
			"to": [12, 17, 6],
			"faces": {
				"north": {"uv": [0, 0, 1, 7], "texture": "#0"},
				"east": {"uv": [0, 9, 3, 16], "texture": "#0"},
				"south": {"uv": [0, 0, 1, 7], "texture": "#0"},
				"west": {"uv": [0, 0, 3, 7], "texture": "#0"},
				"up": {"uv": [0, 0, 1, 3], "texture": "#0"},
				"down": {"uv": [0, 0, 1, 3], "texture": "#0"}
			}
		}
	],
	"groups": [0, 1, 2, 3],
	"display": {
		"thirdperson_righthand": {
			"scale": [0.7, 0.6, 0.6],
			"translation": [0, 3, 3]
		},
		"thirdperson_lefthand": {
			"scale": [0.7, 0.6, 0.6],
			"rotation": [0, 0, 0],
			"translation": [0, 3, 3]
		},
		"firstperson_righthand": {"scale": [1, 1, 1]},
		"firstperson_lefthand": {"scale": [1, 1, 1]},
		"head": {
			"scale": [1, 1, 1],
			"translation": [0.5, 10, 4]
		},
		"ground": {"scale": [0.5, 0.6, 0.5]},
		"fixed": {
			"scale": [1, 1, 0.3],
			"translation": [0, -1.5, 1]
		}
	}
}