{
	"credit": "Made with Blockbench, a free, modern block model editor by JannisX11",
	"textures": {
		"0": "items/halloween/hige",
		"particle": "items/halloween/hige"
	},
	"elements": [
		{
			"name": "cube",
			"from": [11, 2, 2],
			"to": [13, 5, 4],
			"faces": {
				"north": {"uv": [0, 0, 2, 3], "texture": "#0"},
				"east": {"uv": [0, 0, 2, 3], "texture": "#0"},
				"south": {"uv": [0, 0, 2, 3], "texture": "#0"},
				"west": {"uv": [0, 0, 2, 3], "texture": "#0"},
				"up": {"uv": [0, 0, 2, 2], "texture": "#0"},
				"down": {"uv": [0, 0, 2, 2], "texture": "#0"}
			}
		},
		{
			"name": "cube",
			"from": [8, 5, 2],
			"to": [11, 7, 4],
			"faces": {
				"north": {"uv": [0, 0, 3, 2], "texture": "#0"},
				"east": {"uv": [0, 0, 2, 2], "texture": "#0"},
				"south": {"uv": [0, 0, 3, 2], "texture": "#0"},
				"west": {"uv": [0, 0, 2, 2], "texture": "#0"},
				"up": {"uv": [0, 0, 3, 2], "texture": "#0"},
				"down": {"uv": [0, 0, 3, 2], "texture": "#0"}
			}
		},
		{
			"name": "cube",
			"from": [7, 6, 3],
			"to": [8, 8, 4],
			"faces": {
				"north": {"uv": [0, 0, 1, 2], "texture": "#0"},
				"east": {"uv": [0, 0, 1, 2], "texture": "#0"},
				"south": {"uv": [0, 0, 1, 2], "texture": "#0"},
				"west": {"uv": [0, 0, 1, 2], "texture": "#0"},
				"up": {"uv": [0, 0, 1, 1], "texture": "#0"},
				"down": {"uv": [0, 0, 1, 1], "texture": "#0"}
			}
		},
		{
			"name": "cube",
			"from": [12, 1, 3],
			"to": [14, 2, 4],
			"faces": {
				"north": {"uv": [0, 0, 2, 1], "texture": "#0"},
				"east": {"uv": [0, 0, 1, 1], "texture": "#0"},
				"south": {"uv": [0, 0, 2, 1], "texture": "#0"},
				"west": {"uv": [0, 0, 1, 1], "texture": "#0"},
				"up": {"uv": [0, 0, 2, 1], "texture": "#0"},
				"down": {"uv": [0, 0, 2, 1], "texture": "#0"}
			}
		}
	],
	"groups": [0, 1, 2, 3],
	"display": {
		"thirdperson_righthand": {
			"scale": [0.6, 0.6, 0.4],
			"rotation": [0, 0, 45],
			"translation": [-3, 1, 2.5]
		},
		"head": {
			"scale": [1, 1, 0.4],
			"translation": [-4.25, -3.5, -5],
			"rotation": [0, 0, 45]
		},
		"fixed": {
			"scale": [1, 1, 1],
			"rotation": [0, 0, 45],
			"translation": [-4.5, 0, 4]
		},
		"gui": {
			"scale": [1.3, 1.3, 1],
			"translation": [-5, 0, 0],
			"rotation": [0, 0, 45]
		}
	}
}