{
	"credit": "Made with Blockbench, a free, modern block model editor by JannisX11",
	"textures": {
		"0": "items/halloween/hige",
		"particle": "items/halloween/hige"
	},
	"elements": [
		{
			"name": "cube",
			"from": [6, 1, 0],
			"to": [10, 2, 1],
			"faces": {
				"north": {"uv": [0, 0, 4, 1], "texture": "#0"},
				"east": {"uv": [0, 0, 4, 1], "texture": "#0"},
				"south": {"uv": [0, 0, 4, 1], "texture": "#0"},
				"west": {"uv": [0, 0, 4, 1], "texture": "#0"},
				"up": {"uv": [0, 0, 4, 1], "texture": "#0"},
				"down": {"uv": [0, 0, 4, 1], "texture": "#0"}
			}
		},
		{
			"name": "cube",
			"from": [7, 0, 0],
			"to": [9, 3, 1],
			"faces": {
				"north": {"uv": [0, 0, 2, 3], "texture": "#0"},
				"east": {"uv": [0, 0, 2, 3], "texture": "#0"},
				"south": {"uv": [0, 0, 2, 3], "texture": "#0"},
				"west": {"uv": [0, 0, 2, 3], "texture": "#0"},
				"up": {"uv": [0, 0, 2, 3], "texture": "#0"},
				"down": {"uv": [0, 0, 2, 3], "texture": "#0"}
			}
		},
		{
			"name": "cube",
			"from": [6, 2, 0],
			"to": [7, 8, 1],
			"faces": {
				"north": {"uv": [0, 0, 1, 6], "texture": "#0"},
				"east": {"uv": [0, 0, 1, 6], "texture": "#0"},
				"south": {"uv": [0, 0, 1, 6], "texture": "#0"},
				"west": {"uv": [0, 0, 1, 6], "texture": "#0"},
				"up": {"uv": [0, 0, 1, 6], "texture": "#0"},
				"down": {"uv": [0, 0, 1, 6], "texture": "#0"}
			}
		},
		{
			"name": "cube",
			"from": [5, 6, 0],
			"to": [6, 7, 1],
			"faces": {
				"north": {"uv": [0, 0, 1, 1], "texture": "#0"},
				"east": {"uv": [0, 0, 1, 1], "texture": "#0"},
				"south": {"uv": [0, 0, 1, 1], "texture": "#0"},
				"west": {"uv": [0, 0, 1, 1], "texture": "#0"},
				"up": {"uv": [0, 0, 1, 1], "texture": "#0"},
				"down": {"uv": [0, 0, 1, 1], "texture": "#0"}
			}
		},
		{
			"name": "cube",
			"from": [4, 4, 0],
			"to": [5, 6, 1],
			"faces": {
				"north": {"uv": [0, 0, 1, 2], "texture": "#0"},
				"east": {"uv": [0, 0, 1, 2], "texture": "#0"},
				"south": {"uv": [0, 0, 1, 2], "texture": "#0"},
				"west": {"uv": [0, 0, 1, 2], "texture": "#0"},
				"up": {"uv": [0, 0, 1, 2], "texture": "#0"},
				"down": {"uv": [0, 0, 1, 2], "texture": "#0"}
			}
		}
	],
	"groups": [0, 1, 2, 3, 4],
	"display": {
		"thirdperson_righthand": {
			"scale": [0.875, 0.875, 0.875],
			"translation": [0, 8, 8]
		},
		"head": {
			"scale": [1, 1, 1],
			"translation": [0, 16, 6.5]
		},
		"ground": {
			"scale": [0.75, 0.75, 0.75],
			"translation": [0, 5.5, 0],
			"rotation": [0, 0, 0]
		},
		"fixed": {
			"scale": [1, 1, 1],
			"translation": [0.5, 5, 6]
		},
		"gui": {
			"scale": [1.3, 1.3, 1.3],
			"rotation": [0, 180, 0],
			"translation": [-1, 4.5, -0.5]
		}
	}
}